日期,开盘,收盘,最高,最低,成交量,成交额,振幅,涨跌幅,涨跌额,换手率,MA5,MA10,MA30,MA60
2021-01-04,6.48,6.58,6.68,6.18,360403,253139125.0,7.96,4.78,0.3,8.67,,,,
2021-01-05,6.56,6.33,6.56,6.24,260471,179459819.0,4.86,-3.8,-0.25,6.26,,,,
2021-01-06,6.44,6.07,6.47,6.0,189418,125817565.0,7.42,-4.11,-0.26,4.56,,,,
2021-01-07,6.0,5.62,6.02,5.49,257876,160368867.0,8.73,-7.41,-0.45,6.2,,,,
2021-01-08,5.56,5.66,5.73,5.38,150647,91903799.0,6.23,0.71,0.04,3.62,6.0520000000000005,,,
2021-01-11,5.61,5.47,5.72,5.43,127492,77427580.0,5.12,-3.36,-0.19,3.07,5.83,,,
2021-01-12,5.51,5.5,5.6,5.39,81122,48949737.0,3.84,0.55,0.03,1.95,5.664,,,
2021-01-13,5.54,5.21,5.54,5.17,139390,80866234.0,6.73,-5.27,-0.29,3.35,5.492,,,
2021-01-14,5.18,5.09,5.19,5.06,101168,56926444.0,2.5,-2.3,-0.12,2.43,5.386,,,
2021-01-15,5.08,5.2,5.27,5.08,68406,38938344.0,3.73,2.16,0.11,1.65,5.294,5.673,,
2021-01-18,5.76,5.53,5.77,5.51,171145,104696112.0,5.0,6.35,0.33,4.12,5.306,5.568,,
2021-01-19,5.44,5.36,5.49,5.33,122407,72352787.0,2.89,-3.07,-0.17,2.94,5.2780000000000005,5.470999999999999,,
2021-01-20,5.35,5.45,5.48,5.33,90623,53976321.0,2.8,1.68,0.09,2.18,5.326,5.409000000000001,,
2021-01-21,5.41,5.4,5.46,5.28,79447,46815591.0,3.3,-0.92,-0.05,1.91,5.388,5.387,,
2021-01-22,5.4,5.27,5.4,5.24,64173,37214634.0,2.96,-2.41,-0.13,1.54,5.402,5.348000000000001,,
2021-01-25,5.18,5.11,5.23,5.1,68052,38606429.0,2.47,-3.04,-0.16,1.64,5.318,5.312,,
2021-01-26,5.12,5.2,5.2,5.09,45943,26037302.0,2.15,1.76,0.09,1.11,5.286,5.282000000000001,,
2021-01-27,5.18,5.21,5.24,5.09,41969,23820162.0,2.88,0.19,0.01,1.01,5.238,5.282000000000001,,
2021-01-28,5.18,5.14,5.27,5.12,42276,24154588.0,2.88,-1.34,-0.07,1.02,5.186,5.287,,
2021-01-29,5.21,4.86,5.22,4.78,93553,50946059.0,8.56,-5.45,-0.28,2.25,5.104,5.253,,
2021-02-01,4.77,4.84,4.88,4.77,33647,17997021.0,2.26,-0.41,-0.02,0.81,5.05,5.184,,
2021-02-02,4.84,4.86,4.89,4.8,32986,17708477.0,1.86,0.41,0.02,0.79,4.982,5.134,,
2021-02-03,4.89,4.79,4.89,4.66,53512,28355982.0,4.73,-1.44,-0.07,1.29,4.898000000000001,5.068,,
2021-02-04,4.71,4.58,4.76,4.55,45594,23428014.0,4.38,-4.38,-0.21,1.1,4.786,4.986,,
2021-02-05,4.58,4.59,4.73,4.56,29021,14969423.0,3.71,0.22,0.01,0.7,4.732,4.918,,
2021-02-08,4.59,4.58,4.64,4.54,25922,13248138.0,2.18,-0.22,-0.01,0.62,4.68,4.865,,
2021-02-09,4.59,4.63,4.65,4.55,25984,13336470.0,2.18,1.09,0.05,0.62,4.634,4.808,,
2021-02-10,4.64,4.69,4.71,4.63,28222,14668344.0,1.73,1.3,0.06,0.68,4.614,4.756,,
2021-02-18,4.71,4.91,4.92,4.71,47140,25238625.0,4.48,4.69,0.22,1.13,4.68,4.7330000000000005,,
2021-02-19,4.86,5.02,5.03,4.85,58152,31794962.0,3.67,2.24,0.11,1.4,4.766,4.749,5.225,
2021-02-22,5.06,5.02,5.18,5.0,79534,44587236.0,3.59,0.0,0.0,1.91,4.854000000000001,4.767,5.173,
2021-02-23,4.98,5.0,5.06,4.97,39707,21948712.0,1.79,-0.4,-0.02,0.96,4.928,4.781000000000001,5.128666666666667,
2021-02-24,5.02,4.98,5.1,4.94,42861,23721167.0,3.2,-0.4,-0.02,1.03,4.986,4.8,5.092333333333333,
2021-02-25,5.02,4.9,5.03,4.89,42669,23268752.0,2.81,-1.61,-0.08,1.03,4.984,4.832000000000001,5.068333333333333,
2021-02-26,4.84,4.9,4.93,4.81,36763,19847491.0,2.45,0.0,0.0,0.88,4.959999999999999,4.863,5.043000000000001,
2021-03-01,4.91,5.04,5.05,4.91,51443,28352281.0,2.86,2.86,0.14,1.24,4.964,4.909000000000001,5.028666666666667,
2021-03-02,5.04,5.04,5.07,4.97,39686,21921290.0,1.98,0.0,0.0,0.95,4.9719999999999995,4.95,5.013333333333334,
2021-03-03,5.02,5.1,5.1,4.99,46554,25983355.0,2.18,1.19,0.06,1.12,4.996,4.9910000000000005,5.009666666666666,
2021-03-04,5.1,5.13,5.16,5.04,54769,30872944.0,2.35,0.59,0.03,1.32,5.042,5.013,5.011,
2021-03-05,5.12,5.18,5.2,5.04,53190,30140416.0,3.12,0.97,0.05,1.28,5.098000000000001,5.029,5.0103333333333335,
2021-03-08,5.19,5.08,5.23,5.08,52816,29992152.0,2.9,-1.93,-0.1,1.27,5.106,5.035,4.995333333333334,
2021-03-09,5.08,4.94,5.11,4.82,65462,35988104.0,5.71,-2.76,-0.14,1.57,5.086,5.029,4.981333333333334,
2021-03-10,4.99,4.8,5.0,4.8,43213,23409609.0,4.05,-2.83,-0.14,1.04,5.026,5.011,4.959666666666667,
2021-03-11,4.79,4.92,4.92,4.75,33205,17839196.0,3.54,2.5,0.12,0.8,4.984,5.013,4.943666666666667,
2021-03-12,4.94,5.0,5.01,4.86,41168,22421110.0,3.05,1.63,0.08,0.99,4.9479999999999995,5.023,4.934666666666667,
2021-03-15,4.96,5.08,5.1,4.93,52955,29513640.0,3.4,1.6,0.08,1.27,4.948,5.026999999999999,4.933666666666667,
2021-03-16,5.03,5.17,5.22,5.03,66309,37529349.0,3.74,1.77,0.09,1.59,4.994,5.04,4.932666666666666,
2021-03-17,5.17,5.17,5.21,5.11,40840,23167925.0,1.93,0.0,0.0,0.98,5.068,5.047,4.931333333333333,
2021-03-18,5.14,5.21,5.3,5.13,76269,43861277.0,3.29,0.77,0.04,1.83,5.126,5.055000000000001,4.933666666666666,
2021-03-19,5.16,5.19,5.31,5.11,58046,33263018.0,3.84,-0.38,-0.02,1.4,5.164,5.056,4.9446666666666665,
2021-03-22,5.16,5.22,5.26,5.16,44529,25497706.0,1.93,0.58,0.03,1.07,5.192,5.069999999999999,4.957333333333334,
2021-03-23,5.21,5.18,5.22,5.12,41181,23363602.0,1.92,-0.77,-0.04,0.99,5.194,5.093999999999999,4.968,
2021-03-24,5.11,5.12,5.2,5.09,37824,21419621.0,2.12,-1.16,-0.06,0.91,5.183999999999999,5.126,4.979,
2021-03-25,5.12,5.13,5.15,5.08,25986,14657398.0,1.37,0.2,0.01,0.63,5.168000000000001,5.147,4.997333333333333,
2021-03-26,5.13,5.1,5.13,5.04,33495,18782567.0,1.75,-0.58,-0.03,0.81,5.15,5.157,5.014333333333332,
2021-03-29,5.11,5.18,5.2,5.06,46107,26092754.0,2.75,1.57,0.08,1.11,5.142,5.167,5.0343333333333335,
2021-03-30,5.16,5.0,5.17,4.99,46963,26146993.0,3.47,-3.47,-0.18,1.13,5.106,5.15,5.046666666666667,
2021-03-31,4.99,5.09,5.1,4.94,31318,17383584.0,3.2,1.8,0.09,0.75,5.1,5.142,5.0600000000000005,
2021-04-01,5.09,5.07,5.12,5.02,34927,19523765.0,1.96,-0.39,-0.02,0.84,5.087999999999999,5.128,5.065333333333333,
2021-04-02,5.16,5.1,5.23,5.07,53201,30056321.0,3.16,0.59,0.03,1.28,5.087999999999999,5.119,5.068,5.1465000000000005
2021-04-06,5.07,5.18,5.2,5.07,57045,32411567.0,2.55,1.57,0.08,1.37,5.087999999999999,5.115,5.073333333333333,5.123166666666667
2021-04-07,5.19,5.19,5.22,5.15,39293,22449813.0,1.35,0.19,0.01,0.95,5.1259999999999994,5.1160000000000005,5.079666666666666,5.104166666666667
2021-04-08,5.18,5.2,5.3,5.12,80564,46272789.0,3.47,0.19,0.01,1.94,5.148000000000001,5.124,5.087000000000001,5.089666666666667
2021-04-09,5.2,5.18,5.2,5.14,29920,17027077.0,1.15,-0.38,-0.02,0.72,5.17,5.129,5.096333333333333,5.082333333333334
2021-04-12,5.18,5.09,5.23,5.08,37685,21265502.0,2.9,-1.74,-0.09,0.91,5.167999999999999,5.128,5.102666666666666,5.0728333333333335
2021-04-13,5.09,5.01,5.13,5.0,36295,20205761.0,2.55,-1.57,-0.08,0.87,5.1339999999999995,5.111,5.1016666666666675,5.065166666666666
2021-04-14,5.02,5.06,5.1,4.98,27955,15599983.0,2.4,1.0,0.05,0.67,5.108,5.117,5.102333333333333,5.057833333333333
2021-04-15,5.06,5.12,5.17,5.04,37569,21153019.0,2.57,1.19,0.06,0.9,5.092,5.119999999999999,5.103,5.056333333333333
2021-04-16,5.12,5.21,5.26,5.12,57961,33186179.0,2.73,1.76,0.09,1.39,5.098000000000001,5.1339999999999995,5.105666666666666,5.058333333333334
2021-04-19,5.23,5.25,5.31,5.21,73380,42393367.0,1.92,0.77,0.04,1.76,5.13,5.149,5.1080000000000005,5.059166666666666
2021-04-20,5.23,5.31,5.42,5.23,118405,69394566.0,3.62,1.14,0.06,2.85,5.1899999999999995,5.162000000000001,5.115666666666667,5.055499999999999
2021-04-21,5.22,5.19,5.27,5.17,54384,31113208.0,1.88,-2.26,-0.12,1.31,5.216,5.162,5.124,5.052666666666666
2021-04-22,5.2,5.23,5.34,5.19,54402,31434363.0,2.89,0.77,0.04,1.31,5.238,5.165,5.138333333333333,5.049
2021-04-23,5.22,5.05,5.27,5.0,92160,52135751.0,5.16,-3.44,-0.18,2.22,5.206,5.152,5.142666666666667,5.043166666666666
2021-04-26,5.06,4.98,5.1,4.96,57688,32000793.0,2.77,-1.39,-0.07,1.39,5.151999999999999,5.141,5.1419999999999995,5.038333333333333
2021-04-27,5.0,4.9,5.01,4.85,34180,18547492.0,3.21,-1.61,-0.08,0.82,5.07,5.13,5.135999999999999,5.034833333333333
2021-04-28,4.88,4.92,4.93,4.83,31228,16871908.0,2.04,0.41,0.02,0.75,5.016,5.116,5.127666666666667,5.030166666666667
2021-04-29,4.91,4.92,4.97,4.86,24877,13530946.0,2.24,0.0,0.0,0.6,4.954,5.096,5.1193333333333335,5.025333333333333
2021-04-30,4.96,4.82,4.96,4.81,30169,16220658.0,3.05,-2.03,-0.1,0.73,4.9079999999999995,5.057,5.106333333333334,5.0200000000000005
2021-05-06,4.83,4.84,4.87,4.79,31012,16570880.0,1.66,0.41,0.02,0.75,4.880000000000001,5.016,5.094666666666667,5.019666666666667
2021-05-07,4.86,4.87,4.91,4.8,28529,15331082.0,2.27,0.62,0.03,0.69,4.8740000000000006,4.9719999999999995,5.083,5.020166666666666
2021-05-10,4.86,4.9,4.94,4.84,33601,18154272.0,2.05,0.62,0.03,0.81,4.87,4.943,5.073666666666667,5.020833333333333
2021-05-11,4.87,4.92,4.93,4.86,22839,12376184.0,1.43,0.41,0.02,0.55,4.87,4.912000000000001,5.066999999999999,5.023
2021-05-12,4.93,4.98,4.98,4.89,25311,13839917.0,1.83,1.22,0.06,0.61,4.902,4.904999999999999,5.062,5.029666666666667
2021-05-13,4.95,4.94,5.01,4.91,30580,16760473.0,2.01,-0.8,-0.04,0.74,4.922,4.901000000000001,5.0566666666666675,5.0355
2021-05-14,4.95,4.96,5.01,4.94,32395,17783205.0,1.42,0.4,0.02,0.78,4.9399999999999995,4.907,5.049333333333333,5.041833333333333
2021-05-17,4.41,4.41,4.6,4.41,247060,122537855.0,3.83,-11.09,-0.55,5.94,4.8420000000000005,4.856,5.029666666666667,5.038166666666667
2021-05-18,4.24,4.38,4.42,4.21,110615,53505425.0,4.76,-0.68,-0.03,2.66,4.734,4.8020000000000005,5.006,5.033
2021-05-19,4.33,4.38,4.41,4.28,77220,37750488.0,2.97,0.0,0.0,1.86,4.614,4.758,4.9830000000000005,5.024166666666667
2021-05-20,4.36,4.41,4.45,4.29,74851,36603955.0,3.65,0.68,0.03,1.8,4.508000000000001,4.715,4.96,5.013999999999999
2021-05-21,4.41,4.44,4.52,4.39,63411,31545162.0,2.95,0.68,0.03,1.53,4.404000000000001,4.672,4.935333333333333,5.004333333333334
2021-05-24,4.42,4.38,4.44,4.33,57327,28062512.0,2.48,-1.35,-0.06,1.38,4.398000000000001,4.62,4.908333333333333,4.994000000000001
2021-05-25,4.37,4.36,4.38,4.3,38637,18797551.0,1.83,-0.46,-0.02,0.93,4.394,4.564,4.880333333333334,4.983666666666666
2021-05-26,4.36,4.38,4.39,4.34,41209,20161666.0,1.15,0.46,0.02,0.99,4.394,4.5040000000000004,4.853666666666667,4.975
2021-05-27,4.39,4.49,4.53,4.37,68637,33927566.0,3.65,2.51,0.11,1.65,4.41,4.459,4.833666666666668,4.968166666666666
2021-05-28,4.48,4.46,4.49,4.42,47437,23582989.0,1.56,-0.67,-0.03,1.14,4.414,4.409,4.815333333333332,4.958500000000001
2021-05-31,4.48,4.45,4.5,4.42,40834,20299134.0,1.79,-0.22,-0.01,0.98,4.428,4.413,4.795000000000001,4.948666666666667
2021-06-01,4.49,4.58,4.75,4.45,100855,51594564.0,6.74,2.92,0.13,2.43,4.4719999999999995,4.433,4.777,4.9399999999999995
2021-06-02,4.55,4.57,4.63,4.52,83454,42468025.0,2.4,-0.22,-0.01,2.01,4.51,4.452,4.755666666666667,4.930666666666666
2021-06-03,4.59,4.55,4.61,4.54,54099,27522070.0,1.53,-0.44,-0.02,1.3,4.522,4.465999999999999,4.732333333333333,4.920166666666666
2021-06-04,4.57,4.56,4.57,4.51,53256,26957290.0,1.32,0.22,0.01,1.28,4.542,4.478,4.707333333333334,4.9115
2021-06-07,4.56,4.55,4.57,4.51,47399,23017402.0,1.32,-0.22,-0.01,1.14,4.561999999999999,4.495,4.686000000000001,4.905
2021-06-08,4.54,4.55,4.56,4.51,36833,17875055.0,1.1,0.0,0.0,0.89,4.556,4.514,4.663333333333333,4.900833333333334
2021-06-09,4.55,4.57,4.59,4.53,29316,14330168.0,1.32,0.44,0.02,0.71,4.556,4.5329999999999995,4.647333333333333,4.895
2021-06-10,4.58,4.58,4.6,4.55,37280,18266151.0,1.09,0.22,0.01,0.9,4.561999999999999,4.542,4.634,4.888
2021-06-11,4.58,4.53,4.64,4.53,39266,19263376.0,2.4,-1.09,-0.05,0.94,4.556,4.549,4.621666666666667,4.878833333333334
2021-06-15,4.56,4.5,4.57,4.45,37302,17957760.0,2.65,-0.66,-0.03,0.9,4.546,4.554,4.607666666666666,4.867666666666666
2021-06-16,4.52,4.5,4.52,4.46,24766,11919172.0,1.33,0.0,0.0,0.6,4.536,4.546,4.593666666666667,4.8565
2021-06-17,4.5,4.45,4.52,4.45,26708,12792864.0,1.56,-1.11,-0.05,0.64,4.512,4.534000000000001,4.581333333333333,4.843833333333333
2021-06-18,4.45,4.55,4.55,4.39,38218,18270739.0,3.6,2.25,0.1,0.92,4.506,4.534000000000001,4.571666666666667,4.833166666666667
2021-06-21,4.52,4.56,4.56,4.48,31023,15068801.0,1.76,0.22,0.01,0.75,4.512,4.534000000000001,4.561333333333334,4.822166666666666
2021-06-22,4.56,4.58,4.6,4.51,32337,15816047.0,1.97,0.44,0.02,0.78,4.5280000000000005,4.537000000000001,4.550666666666666,4.812166666666667
2021-06-23,4.58,4.55,4.59,4.54,29210,14249526.0,1.09,-0.66,-0.03,0.7,4.537999999999999,4.537,4.538333333333333,4.802666666666667
2021-06-24,4.55,4.59,4.61,4.53,38484,18837747.0,1.76,0.88,0.04,0.93,4.566,4.539,4.525333333333333,4.793666666666667
2021-06-25,4.6,4.57,4.6,4.55,25801,12615572.0,1.09,-0.44,-0.02,0.62,4.57,4.538,4.513,4.784833333333333
2021-06-28,4.58,4.57,4.6,4.55,23658,11570912.0,1.09,0.0,0.0,0.57,4.572,4.542,4.5,4.774666666666666
2021-06-29,4.56,4.5,4.57,4.49,23883,11556996.0,1.75,-1.53,-0.07,0.57,4.556,4.542,4.502999999999999,4.766333333333334
2021-06-30,4.5,4.52,4.54,4.49,15001,7247713.0,1.11,0.44,0.02,0.36,4.55,4.544,4.507666666666666,4.756833333333334
2021-07-01,4.52,4.44,4.56,4.44,25462,12262702.0,2.65,-1.77,-0.08,0.61,4.52,4.543,4.509666666666666,4.746333333333334
2021-07-02,4.45,4.38,4.46,4.34,36211,17045183.0,2.7,-1.35,-0.06,0.87,4.482000000000001,4.526,4.508666666666667,4.734333333333334
2021-07-05,4.38,4.62,4.65,4.34,70082,34061692.0,7.08,5.48,0.24,1.69,4.492,4.532,4.514666666666667,4.725
2021-07-06,4.68,4.72,4.88,4.56,136539,68957897.0,6.93,2.16,0.1,3.28,4.536,4.546,4.526,4.7171666666666665
2021-07-07,4.64,4.66,4.68,4.58,81488,40341275.0,2.12,-1.27,-0.06,1.96,4.564,4.557,4.536,4.708166666666667
2021-07-08,4.6,4.62,4.65,4.57,46173,22724918.0,1.72,-0.86,-0.04,1.11,4.6,4.5600000000000005,4.544,4.698833333333334
2021-07-09,4.61,4.69,4.71,4.59,62581,31212585.0,2.6,1.52,0.07,1.51,4.662,4.572,4.550666666666666,4.692166666666667
2021-07-12,4.72,4.67,4.76,4.65,52996,26538642.0,2.35,-0.43,-0.02,1.27,4.672,4.582,4.557666666666667,4.6865
2021-07-13,4.65,4.7,4.7,4.62,48978,24428733.0,1.71,0.64,0.03,1.18,4.668000000000001,4.601999999999999,4.566,4.6805
2021-07-14,4.69,4.68,4.72,4.63,43601,21748802.0,1.91,-0.43,-0.02,1.05,4.672,4.618,4.569333333333334,4.673166666666666
2021-07-15,4.68,4.58,4.68,4.51,44433,21801190.0,3.63,-2.14,-0.1,1.07,4.664,4.632,4.569666666666666,4.662666666666667
2021-07-16,4.55,4.55,4.59,4.54,24717,12052161.0,1.09,-0.66,-0.03,0.59,4.636,4.649,4.5696666666666665,4.651000000000001
2021-07-19,4.55,4.51,4.57,4.47,29682,14345339.0,2.2,-0.88,-0.04,0.71,4.603999999999999,4.638,4.568,4.637666666666667
2021-07-20,4.52,4.51,4.52,4.46,18018,8662100.0,1.33,0.0,0.0,0.43,4.566,4.617,4.566666666666666,4.626333333333334
2021-07-21,4.52,4.57,4.6,4.51,33100,16190687.0,2.0,1.33,0.06,0.8,4.544,4.608,4.567333333333334,4.615333333333334
2021-07-22,4.56,4.69,4.85,4.55,80644,40495819.0,6.56,2.63,0.12,1.94,4.566000000000001,4.615,4.5713333333333335,4.609333333333334
2021-07-23,4.68,4.65,4.83,4.62,62427,31241638.0,4.48,-0.85,-0.04,1.5,4.586,4.611,4.573666666666667,4.603833333333332
2021-07-26,4.65,4.51,4.65,4.47,61247,29733351.0,3.87,-3.01,-0.14,1.47,4.586,4.595,4.5729999999999995,4.597333333333334
2021-07-27,4.5,4.43,4.55,4.4,39685,19042136.0,3.33,-1.77,-0.08,0.95,4.57,4.568,4.570666666666667,4.589166666666666
2021-07-28,4.39,4.35,4.46,4.28,36775,17230134.0,4.06,-1.81,-0.08,0.88,4.526,4.535,4.565666666666667,4.579666666666666
2021-07-29,4.36,4.39,4.43,4.36,23932,11284833.0,1.61,0.92,0.04,0.58,4.465999999999999,4.516,4.563666666666667,4.5725
2021-07-30,4.39,4.43,4.46,4.36,26473,12508038.0,2.28,0.91,0.04,0.64,4.422,4.504,4.559666666666667,4.565666666666667
2021-08-02,4.45,4.53,4.53,4.44,41063,19753588.0,2.03,2.26,0.1,0.99,4.426,4.506,4.558666666666666,4.5600000000000005
2021-08-03,4.55,4.52,4.57,4.51,33820,16421104.0,1.32,-0.22,-0.01,0.81,4.444,4.507,4.5566666666666675,4.553666666666667
2021-08-04,4.51,4.54,4.56,4.49,31256,15167382.0,1.55,0.44,0.02,0.75,4.482,4.5040000000000004,4.556333333333333,4.5473333333333334
2021-08-05,4.54,4.68,4.71,4.5,53248,26177621.0,4.63,3.08,0.14,1.28,4.54,4.503,4.559333333333333,4.542333333333333
2021-08-06,4.66,4.64,4.7,4.57,66340,32855210.0,2.78,-0.85,-0.04,1.6,4.582,4.502,4.5616666666666665,4.537333333333334
2021-08-09,4.62,4.64,4.67,4.58,44513,22053787.0,1.94,0.0,0.0,1.07,4.603999999999999,4.515,4.564000000000001,4.532
2021-08-10,4.62,4.66,4.7,4.61,51832,25814102.0,1.94,0.43,0.02,1.25,4.632,4.538,4.569333333333334,4.536166666666666
2021-08-11,4.63,5.16,5.16,4.62,168953,90359695.0,11.59,10.73,0.5,4.06,4.756,4.619,4.5906666666666665,4.549166666666666
2021-08-12,5.16,5.01,5.36,4.94,364536,197001071.0,8.14,-2.91,-0.15,8.77,4.822,4.681,4.609666666666667,4.559666666666667
2021-08-13,4.98,5.03,5.05,4.94,159529,84841022.0,2.2,0.4,0.02,3.84,4.9,4.741,4.631333333333333,4.570000000000001
2021-08-16,5.01,4.91,5.02,4.91,106936,56391725.0,2.19,-2.39,-0.12,2.57,4.954,4.779,4.641,4.5778333333333325
2021-08-17,4.87,4.88,5.09,4.85,133357,70529780.0,4.89,-0.61,-0.03,3.21,4.997999999999999,4.815,4.646333333333334,4.586166666666666
2021-08-18,4.84,4.94,4.96,4.84,73896,38634661.0,2.46,1.23,0.06,1.78,4.954,4.8549999999999995,4.655666666666667,4.595833333333333
2021-08-19,4.9,4.86,4.93,4.79,77272,39964711.0,2.83,-1.62,-0.08,1.86,4.924,4.873,4.663666666666667,4.603833333333333
2021-08-20,4.83,4.85,4.89,4.77,53991,27817281.0,2.47,-0.21,-0.01,1.3,4.888,4.894,4.669,4.6098333333333334
2021-08-23,4.87,4.98,5.01,4.83,83482,44087151.0,3.71,2.68,0.13,2.01,4.901999999999999,4.928,4.679333333333333,4.618499999999999
2021-08-24,4.96,4.97,5.05,4.93,76071,40341296.0,2.41,-0.2,-0.01,1.83,4.92,4.959,4.6883333333333335,4.627166666666667
2021-08-25,4.97,5.0,5.04,4.92,64618,34354029.0,2.41,0.6,0.03,1.55,4.932,4.943,4.699,4.634166666666667
2021-08-26,4.9,4.94,5.02,4.83,93832,48983637.0,3.8,-1.2,-0.06,2.26,4.948,4.936000000000001,4.711,4.640333333333333
2021-08-27,4.94,5.03,5.22,4.89,153596,82578311.0,6.68,1.82,0.09,3.69,4.984,4.936000000000001,4.727,4.6483333333333325
2021-08-30,5.04,4.98,5.08,4.95,85091,45314075.0,2.58,-0.99,-0.05,2.05,4.984,4.943,4.742666666666667,4.655333333333333
2021-08-31,4.96,5.15,5.18,4.87,154430,83246231.0,6.22,3.41,0.17,3.71,5.0200000000000005,4.97,4.763999999999999,4.665333333333334
2021-09-01,5.17,5.18,5.48,5.08,209224,116421685.0,7.77,0.58,0.03,5.03,5.056,4.994,4.7843333333333335,4.675833333333332
2021-09-02,5.11,5.15,5.2,5.11,89883,49144370.0,1.74,-0.58,-0.03,2.16,5.098000000000001,5.023000000000001,4.799666666666667,4.6855
2021-09-03,5.13,5.13,5.25,5.05,91627,50027112.0,3.88,-0.39,-0.02,2.2,5.118,5.051,4.815666666666667,4.6946666666666665
2021-09-06,5.1,5.14,5.23,5.08,68055,37204864.0,2.92,0.19,0.01,1.64,5.15,5.067,4.836666666666667,4.704833333333332
2021-09-07,5.13,5.26,5.31,5.05,119952,66163607.0,5.06,2.33,0.12,2.89,5.172,5.096,4.864333333333334,4.717499999999999
2021-09-08,5.24,5.28,5.29,5.21,75808,42261418.0,1.52,0.38,0.02,1.82,5.192,5.1240000000000006,4.895333333333334,4.7305
2021-09-09,5.28,5.25,5.29,5.19,63402,35197403.0,1.89,-0.57,-0.03,1.52,5.212000000000001,5.154999999999999,4.924000000000001,4.743833333333333
2021-09-10,5.23,5.1,5.25,5.09,83558,45748281.0,3.05,-2.86,-0.15,2.01,5.2059999999999995,5.162,4.9463333333333335,4.753
2021-09-13,5.1,5.15,5.16,5.08,34509,18816404.0,1.57,0.98,0.05,0.83,5.208,5.179,4.9670000000000005,4.762833333333334
2021-09-14,5.16,5.02,5.25,5.01,69668,38008440.0,4.66,-2.52,-0.13,1.68,5.159999999999999,5.166,4.983666666666666,4.770166666666666
2021-09-15,5.04,5.34,5.39,5.02,157332,87628330.0,7.37,6.37,0.32,3.78,5.172,5.182,5.0103333333333335,4.783333333333333
2021-09-16,5.33,5.26,5.55,5.25,175820,100741528.0,5.62,-1.5,-0.08,4.23,5.1739999999999995,5.193,5.0296666666666665,4.7945
2021-09-17,5.28,5.16,5.33,5.08,75503,41669748.0,4.75,-1.9,-0.1,1.82,5.186,5.196,5.047000000000001,4.804333333333333
2021-09-22,5.13,5.1,5.16,5.03,50515,27305132.0,2.52,-1.16,-0.06,1.22,5.176,5.192,5.062333333333333,4.813166666666667
2021-09-23,5.13,5.18,5.2,5.1,53944,29499587.0,1.96,1.57,0.08,1.3,5.208,5.184,5.079666666666666,4.8245000000000005
2021-09-24,5.19,4.95,5.2,4.92,93196,49795373.0,5.41,-4.44,-0.23,2.24,5.130000000000001,5.151,5.072666666666667,4.831666666666666
2021-09-27,4.89,4.72,4.93,4.64,78365,39832968.0,5.86,-4.65,-0.23,1.88,5.022,5.098000000000001,5.063000000000001,4.836333333333332
2021-09-28,4.75,4.75,4.79,4.71,25104,12701741.0,1.69,0.64,0.03,0.6,4.9399999999999995,5.063,5.053666666666667,4.842499999999999
2021-09-29,4.74,4.62,4.74,4.62,33909,16902010.0,2.53,-2.74,-0.13,0.82,4.844,5.01,5.0440000000000005,4.842499999999999
2021-09-30,4.62,4.71,4.72,4.62,21086,10549898.0,2.16,1.95,0.09,0.51,4.75,4.979,5.038333333333332,4.842333333333333
2021-10-08,4.74,4.82,4.84,4.72,31137,15904652.0,2.55,2.34,0.11,0.75,4.723999999999999,4.9270000000000005,5.0343333333333335,4.845
2021-10-11,4.82,4.8,4.86,4.75,18924,9655152.0,2.28,-0.41,-0.02,0.46,4.74,4.881,5.032333333333333,4.848
2021-10-12,4.77,4.76,4.8,4.7,20261,10276611.0,2.08,-0.83,-0.04,0.49,4.742,4.840999999999999,5.0293333333333345,4.849166666666666
2021-10-13,4.76,4.72,4.77,4.66,17671,8905793.0,2.31,-0.84,-0.04,0.43,4.762,4.803,5.020666666666667,4.85
2021-10-14,4.72,4.75,4.76,4.7,14281,7222375.0,1.27,0.64,0.03,0.34,4.7700000000000005,4.76,5.013333333333334,4.850833333333332
2021-10-15,4.72,4.68,4.77,4.67,25141,12626845.0,2.11,-1.47,-0.07,0.6,4.742,4.733,5.002666666666666,4.850833333333333
2021-10-18,4.68,4.77,4.77,4.64,25969,13129523.0,2.78,1.92,0.09,0.62,4.736,4.738,4.997,4.854
2021-10-19,4.77,4.74,4.8,4.74,14220,7218153.0,1.26,-0.63,-0.03,0.34,4.731999999999999,4.737,4.987333333333334,4.857166666666667
2021-10-20,4.75,4.7,4.75,4.69,15048,7572825.0,1.27,-0.84,-0.04,0.36,4.728,4.744999999999999,4.978,4.860333333333333
2021-10-21,4.74,4.66,4.74,4.63,21055,10531086.0,2.34,-0.85,-0.04,0.51,4.71,4.74,4.961666666666667,4.862833333333333
2021-10-22,4.69,4.62,4.69,4.61,17715,8777005.0,1.72,-0.86,-0.04,0.43,4.698,4.72,4.943,4.863666666666666
2021-10-25,4.65,4.57,4.65,4.53,21760,10614357.0,2.6,-1.08,-0.05,0.52,4.6579999999999995,4.697,4.923666666666666,4.861666666666666
2021-10-26,4.57,4.61,4.65,4.57,20649,10183326.0,1.75,0.88,0.04,0.5,4.632,4.682,4.906333333333333,4.861000000000001
2021-10-27,4.62,4.5,4.64,4.44,28996,14001159.0,4.34,-2.39,-0.11,0.7,4.5920000000000005,4.659999999999999,4.885000000000001,4.860833333333333
2021-10-28,4.5,4.47,4.51,4.37,24935,11870513.0,3.11,-0.67,-0.03,0.6,4.554,4.632,4.858666666666666,4.8615
2021-10-29,4.44,4.56,4.57,4.41,14843,7167027.0,3.58,2.01,0.09,0.36,4.542,4.62,4.834666666666666,4.864999999999999
2021-11-01,4.55,4.6,4.63,4.5,16893,8268643.0,2.85,0.88,0.04,0.41,4.548,4.603,4.813,4.8685
2021-11-02,4.62,4.52,4.67,4.49,23930,11728067.0,3.91,-1.74,-0.08,0.58,4.529999999999999,4.5809999999999995,4.793666666666667,4.87
2021-11-03,4.52,4.61,4.62,4.5,12229,5972251.0,2.65,1.99,0.09,0.29,4.552,4.572,4.775666666666666,4.871333333333333
2021-11-04,4.61,4.64,4.72,4.61,22541,11238936.0,2.39,0.65,0.03,0.54,4.586,4.569999999999999,4.763000000000001,4.873333333333333
2021-11-05,4.61,4.73,4.77,4.59,43149,21704946.0,3.88,1.94,0.09,1.04,4.62,4.581,4.742666666666667,4.876499999999999
2021-11-08,4.74,4.87,4.87,4.73,63668,32695726.0,2.96,2.96,0.14,1.53,4.6739999999999995,4.611,4.729666666666668,4.879666666666667
2021-11-09,4.93,4.91,5.04,4.87,94404,49688572.0,3.49,0.82,0.04,2.27,4.752,4.641,4.721333333333334,4.884166666666666
2021-11-10,4.89,4.96,4.97,4.86,54845,28696277.0,2.24,1.02,0.05,1.32,4.822,4.687,4.716666666666667,4.8895
2021-11-11,4.91,4.99,5.03,4.91,46818,24881990.0,2.42,0.6,0.03,1.13,4.892,4.739,4.710333333333334,4.8950000000000005
2021-11-12,4.98,5.05,5.08,4.98,44594,23868103.0,2.0,1.2,0.06,1.07,4.956,4.788,4.713666666666667,4.893166666666667
2021-11-15,5.05,5.1,5.19,5.01,53465,29035154.0,3.56,0.99,0.05,1.29,5.002000000000001,4.837999999999999,4.726333333333333,4.894666666666667
2021-11-16,5.08,5.1,5.19,5.04,65692,35688502.0,2.94,0.0,0.0,1.58,5.040000000000001,4.896,4.7379999999999995,4.895833333333333
2021-11-17,5.1,5.11,5.15,5.06,41749,22671243.0,1.76,0.2,0.01,1.0,5.07,4.946,4.754333333333333,4.899166666666667
2021-11-18,5.14,5.0,5.14,4.98,46281,24815541.0,3.13,-2.15,-0.11,1.11,5.072,4.982,4.764,4.901166666666667
2021-11-19,4.99,5.14,5.26,4.98,76277,41657301.0,5.6,2.8,0.14,1.83,5.090000000000001,5.023,4.774666666666666,4.9045000000000005
2021-11-22,5.16,5.16,5.22,5.1,41133,22576156.0,2.33,0.39,0.02,0.99,5.101999999999999,5.0520000000000005,4.786666666666666,4.9094999999999995
2021-11-23,5.2,5.34,5.41,5.16,91078,51391288.0,4.84,3.49,0.18,2.19,5.15,5.095,4.805999999999999,4.917666666666666
2021-11-24,5.34,5.25,5.38,5.23,56727,31684924.0,2.81,-1.69,-0.09,1.36,5.178,5.124,4.823666666666666,4.9221666666666675
2021-11-25,5.26,5.21,5.3,5.2,37154,20633141.0,1.9,-0.76,-0.04,0.89,5.22,5.146,4.8389999999999995,4.926166666666666
2021-11-26,5.18,5.27,5.38,5.12,74705,41475991.0,4.99,1.15,0.06,1.8,5.246,5.168,4.858666666666667,4.930666666666666
2021-11-29,5.16,5.29,5.32,5.13,55977,31103477.0,3.61,0.38,0.02,1.35,5.272,5.186999999999999,4.876,4.9365
2021-11-30,5.3,5.41,5.42,5.28,88170,50190417.0,2.65,2.27,0.12,2.12,5.286,5.218,4.8983333333333325,4.9428333333333345
2021-12-01,5.38,5.98,5.98,5.33,313150,194334688.0,12.01,10.54,0.57,7.53,5.4319999999999995,5.305000000000001,4.941,4.9595
2021-12-02,5.84,5.73,5.94,5.68,386226,236292229.0,4.35,-4.18,-0.25,9.29,5.536,5.378,4.9766666666666675,4.969166666666666
2021-12-03,5.83,5.71,6.31,5.67,341574,214635789.0,11.17,-0.35,-0.02,8.22,5.6240000000000006,5.4350000000000005,5.013000000000001,4.978
2021-12-06,5.63,5.47,5.81,5.43,222211,131898637.0,6.65,-4.2,-0.24,5.34,5.659999999999999,5.465999999999999,5.043000000000001,4.983333333333333
2021-12-07,5.49,5.3,5.56,5.29,110989,63094760.0,4.94,-3.11,-0.17,2.67,5.638,5.462000000000001,5.066,4.986166666666667
2021-12-08,5.31,5.45,5.58,5.25,116017,66628500.0,6.23,2.83,0.15,2.79,5.532000000000001,5.482,5.097666666666667,4.991333333333333
2021-12-09,5.46,5.41,5.57,5.33,82479,47186181.0,4.4,-0.73,-0.04,1.98,5.467999999999999,5.502000000000001,5.1290000000000004,4.993833333333333
2021-12-10,5.43,5.63,5.71,5.32,135995,80362565.0,7.21,4.07,0.22,3.27,5.452,5.537999999999999,5.164666666666666,4.999666666666666
2021-12-13,5.65,5.54,5.71,5.46,95840,56093974.0,4.44,-1.6,-0.09,2.31,5.465999999999999,5.563,5.196,5.004499999999999
2021-12-14,5.53,5.57,5.62,5.4,81625,47630199.0,3.97,0.54,0.03,1.96,5.5200000000000005,5.579000000000001,5.230999999999999,5.012333333333333
2021-12-15,5.56,5.54,5.61,5.48,53677,31509759.0,2.33,-0.54,-0.03,1.29,5.537999999999999,5.535,5.2620000000000005,5.018833333333333
2021-12-16,5.53,5.57,5.61,5.49,78545,46133590.0,2.17,0.54,0.03,1.89,5.57,5.519,5.293,5.0280000000000005
2021-12-17,5.6,5.52,5.6,5.49,59635,34869219.0,1.97,-0.9,-0.05,1.43,5.548,5.5,5.319333333333334,5.031
2021-12-20,5.51,5.44,5.54,5.4,73320,42403685.0,2.54,-1.45,-0.08,1.76,5.5280000000000005,5.497,5.338333333333334,5.034
2021-12-21,5.51,5.71,5.73,5.43,116517,69317256.0,5.51,4.96,0.27,2.8,5.556,5.537999999999999,5.364999999999999,5.043166666666667
2021-12-22,5.68,5.63,5.76,5.59,70186,41810395.0,2.98,-1.4,-0.08,1.69,5.574,5.556,5.387333333333333,5.0520000000000005
2021-12-23,5.62,5.6,5.69,5.55,66742,39694897.0,2.49,-0.53,-0.03,1.61,5.58,5.575,5.4076666666666675,5.058999999999999
2021-12-24,5.6,5.53,5.72,5.46,89335,52599809.0,4.64,-1.25,-0.07,2.15,5.582,5.565,5.423666666666667,5.068666666666667
2021-12-27,5.51,5.39,5.53,5.36,71314,40930032.0,3.07,-2.53,-0.14,1.72,5.572,5.55,5.433333333333334,5.079833333333334
2021-12-28,5.38,5.44,5.49,5.38,48550,27977534.0,2.04,0.93,0.05,1.17,5.518,5.537000000000001,5.4446666666666665,5.091333333333334
2021-12-29,5.43,5.47,5.52,5.38,40106,23186602.0,2.57,0.55,0.03,0.96,5.486,5.529999999999999,5.456666666666666,5.105500000000001
2021-12-30,5.46,5.67,5.89,5.46,97634,58817247.0,7.86,3.66,0.2,2.35,5.5,5.54,5.479,5.121499999999999
2021-12-31,5.68,5.58,5.74,5.58,57737,34264493.0,2.82,-1.59,-0.09,1.39,5.51,5.546,5.493666666666667,5.134166666666667
2022-01-04,5.61,5.69,5.75,5.61,72519,43600742.0,2.51,1.97,0.11,1.74,5.57,5.571,5.511333333333334,5.149
2022-01-05,5.69,5.6,5.73,5.5,66696,39444895.0,4.04,-1.58,-0.09,1.6,5.601999999999999,5.5600000000000005,5.5200000000000005,5.162999999999999
2022-01-06,5.56,5.63,5.71,5.55,54448,32495640.0,2.86,0.54,0.03,1.31,5.634,5.5600000000000005,5.5326666666666675,5.178166666666667
2022-01-07,5.63,5.43,5.67,5.42,67160,39306840.0,4.44,-3.55,-0.2,1.62,5.586,5.543,5.54,5.1895
2022-01-10,5.4,5.41,5.45,5.31,38794,22171368.0,2.58,-0.37,-0.02,0.93,5.552,5.531,5.544666666666667,5.201666666666667
2022-01-11,5.41,5.43,5.6,5.39,46282,26908017.0,3.88,0.37,0.02,1.11,5.5,5.535,5.549333333333333,5.212666666666667
2022-01-12,5.5,5.67,5.73,5.46,105036,62535992.0,4.97,4.42,0.24,2.53,5.514,5.558,5.558000000000001,5.228166666666667
2022-01-13,5.7,5.66,5.7,5.6,62970,37636322.0,1.76,-0.18,-0.01,1.51,5.52,5.577,5.5473333333333334,5.244166666666667
2022-01-14,5.63,5.5,5.73,5.48,60523,35696831.0,4.42,-2.83,-0.16,1.46,5.534000000000001,5.56,5.539666666666666,5.258166666666667
2022-01-17,5.53,5.68,5.74,5.51,67639,40326093.0,4.18,3.27,0.18,1.63,5.587999999999999,5.57,5.538666666666667,5.275833333333334
2022-01-18,5.68,5.43,5.69,5.41,80838,47160061.0,4.93,-4.4,-0.25,1.94,5.587999999999999,5.544,5.537333333333333,5.290166666666667
2022-01-19,5.46,5.5,5.54,5.41,48407,28031637.0,2.39,1.29,0.07,1.16,5.554,5.534000000000001,5.544,5.305000000000001
2022-01-20,5.52,5.22,5.53,5.16,103679,58081461.0,6.73,-5.09,-0.28,2.49,5.465999999999999,5.493,5.536333333333332,5.316999999999999
2022-01-21,5.22,5.22,5.25,5.12,38624,21256049.0,2.49,0.0,0.0,0.93,5.409999999999999,5.4719999999999995,5.529999999999999,5.3295
2022-01-24,5.22,5.14,5.23,5.11,25593,14066564.0,2.3,-1.53,-0.08,0.62,5.302,5.445,5.5136666666666665,5.339166666666667
2022-01-25,5.24,4.85,5.24,4.8,49097,25992435.0,8.56,-5.64,-0.29,1.18,5.186,5.387,5.490666666666667,5.343333333333334
2022-01-26,4.88,4.95,4.96,4.86,31339,16393664.0,2.06,2.06,0.1,0.75,5.076,5.3149999999999995,5.470000000000001,5.3505
2022-01-27,4.95,4.8,4.95,4.79,38185,19718984.0,3.23,-3.03,-0.15,0.92,4.992,5.228999999999999,5.445333333333333,5.353666666666667
2022-01-28,4.82,4.96,5.02,4.81,35348,18554352.0,4.38,3.33,0.16,0.85,4.94,5.174999999999999,5.425,5.359
2022-02-07,5.03,5.06,5.11,4.99,36305,19516755.0,2.42,2.02,0.1,0.87,4.924,5.1129999999999995,5.409666666666666,5.3645000000000005
2022-02-08,5.05,5.17,5.18,5.0,32082,17501914.0,3.56,2.17,0.11,0.77,4.9879999999999995,5.087000000000001,5.400666666666666,5.3695
2022-02-09,5.18,5.29,5.3,5.1,40527,22533824.0,3.87,2.32,0.12,0.97,5.056,5.066000000000001,5.386666666666667,5.3758333333333335
2022-02-10,5.31,5.25,5.31,5.19,33670,18664277.0,2.27,-0.76,-0.04,0.81,5.145999999999999,5.069,5.373999999999999,5.3806666666666665
2022-02-11,5.2,5.14,5.25,5.11,31230,17130079.0,2.67,-2.1,-0.11,0.75,5.1819999999999995,5.061,5.358666666666666,5.383166666666666
2022-02-14,5.13,5.19,5.24,5.11,28888,15935525.0,2.53,0.97,0.05,0.69,5.208,5.066,5.347333333333333,5.3854999999999995
2022-02-15,5.23,5.22,5.23,5.13,28666,15780068.0,1.93,0.58,0.03,0.69,5.218,5.103,5.341666666666667,5.3875
2022-02-16,5.25,5.29,5.32,5.19,37082,20711773.0,2.49,1.34,0.07,0.89,5.217999999999999,5.137,5.336666666666667,5.390666666666666
2022-02-17,5.29,5.22,5.31,5.21,36742,20465698.0,1.89,-1.32,-0.07,0.88,5.212,5.179,5.328333333333333,5.3925
2022-02-18,5.23,5.28,5.29,5.16,28270,15759691.0,2.49,1.15,0.06,0.68,5.24,5.211,5.315333333333332,5.397166666666667
2022-02-21,5.28,5.33,5.33,5.23,34196,19222756.0,1.89,0.95,0.05,0.82,5.268,5.2379999999999995,5.307,5.400333333333333
2022-02-22,5.28,5.26,5.3,5.2,30438,16920853.0,1.88,-1.31,-0.07,0.73,5.276000000000001,5.247,5.292666666666666,5.402
2022-02-23,5.26,5.29,5.34,5.24,37562,21050795.0,1.9,0.57,0.03,0.9,5.276000000000001,5.247,5.282333333333332,5.401166666666667
2022-02-24,5.27,5.11,5.29,5.03,54788,30063398.0,4.91,-3.4,-0.18,1.32,5.254,5.233,5.265,5.398833333333332
2022-02-25,5.11,5.21,5.28,5.11,36603,20248284.0,3.33,1.96,0.1,0.88,5.24,5.24,5.257666666666667,5.398833333333333
2022-02-28,5.25,5.16,5.26,5.05,33096,18016347.0,4.03,-0.96,-0.05,0.8,5.206,5.237,5.249333333333333,5.397
2022-03-01,5.15,5.3,5.32,5.15,58583,32768599.0,3.29,2.71,0.14,1.41,5.214,5.245,5.245,5.397166666666666
2022-03-02,5.25,5.44,5.45,5.25,67479,38492531.0,3.77,2.64,0.14,1.62,5.244,5.26,5.237333333333334,5.397666666666666
2022-03-03,5.51,5.43,5.51,5.39,38614,22206794.0,2.21,-0.18,-0.01,0.93,5.308,5.281000000000001,5.229666666666666,5.3885
2022-03-04,5.42,5.44,5.46,5.37,39817,22848387.0,1.66,0.18,0.01,0.96,5.354,5.297,5.227666666666666,5.383666666666667
2022-03-07,5.39,5.45,5.57,5.39,56154,32574296.0,3.31,0.18,0.01,1.35,5.412,5.309,5.22,5.379333333333333
2022-03-08,5.46,5.31,5.46,5.29,51398,29262676.0,3.12,-2.57,-0.14,1.24,5.414,5.314,5.216,5.376666666666666
2022-03-09,5.42,5.27,5.42,5.06,60453,33762159.0,6.78,-0.75,-0.04,1.45,5.38,5.311999999999999,5.208333333333333,5.376166666666666
2022-03-10,5.4,5.38,5.62,5.35,80138,46342732.0,5.12,2.09,0.11,1.93,5.37,5.339,5.213666666666667,5.375
2022-03-11,5.44,5.64,5.67,5.24,122055,71229569.0,7.99,4.83,0.26,2.94,5.409999999999999,5.382,5.227666666666667,5.378833333333334
2022-03-14,5.54,5.44,5.62,5.44,80530,47106153.0,3.19,-3.55,-0.2,1.94,5.4079999999999995,5.41,5.237666666666667,5.375666666666667
2022-03-15,5.4,5.1,5.49,5.1,79456,44865165.0,7.17,-6.25,-0.34,1.91,5.366,5.39,5.2459999999999996,5.368333333333334
2022-03-16,5.13,5.45,5.46,5.13,90076,50571109.0,6.47,6.86,0.35,2.17,5.402,5.391,5.262666666666667,5.366333333333333
2022-03-17,5.53,5.44,5.56,5.39,72161,41633293.0,3.12,-0.18,-0.01,1.74,5.414,5.392,5.284000000000001,5.3646666666666665
2022-03-18,5.45,5.59,5.64,5.41,88908,52195557.0,4.23,2.76,0.15,2.14,5.404,5.407,5.305000000000001,5.364999999999999
2022-03-21,5.66,5.96,6.01,5.55,171769,104930000.0,8.23,6.62,0.37,4.13,5.508,5.458,5.334999999999999,5.372333333333334
2022-03-22,5.94,5.84,5.94,5.75,116185,71643168.0,3.19,-2.01,-0.12,2.79,5.656000000000001,5.511,5.357333333333333,5.3790000000000004
2022-03-23,5.85,5.78,5.87,5.71,76741,46753274.0,2.74,-1.03,-0.06,1.85,5.7219999999999995,5.562,5.373666666666667,5.380166666666667
2022-03-24,5.8,5.68,5.8,5.63,68701,41211934.0,2.94,-1.73,-0.1,1.65,5.77,5.5920000000000005,5.388000000000001,5.380999999999999
2022-03-25,5.71,5.67,5.79,5.63,72613,43763031.0,2.82,-0.18,-0.01,1.75,5.786,5.595,5.405666666666666,5.3821666666666665
2022-03-28,5.6,5.68,5.72,5.52,49199,29271314.0,3.53,0.18,0.01,1.18,5.7299999999999995,5.619,5.422,5.384666666666666
2022-03-29,5.66,5.38,5.7,5.28,149942,86557166.0,7.39,-5.28,-0.3,3.61,5.638,5.647,5.427333333333333,5.3845
2022-03-30,5.45,5.5,5.55,5.35,84715,48839853.0,3.72,2.23,0.12,2.04,5.582,5.651999999999999,5.434333333333333,5.3854999999999995
2022-03-31,5.53,5.7,5.77,5.45,97975,58700404.0,5.82,3.64,0.2,2.36,5.586,5.678,5.450333333333334,5.389333333333332
2022-04-01,5.64,5.59,5.66,5.5,77543,45626636.0,2.81,-1.93,-0.11,1.87,5.569999999999999,5.678,5.4606666666666674,5.388000000000001
2022-04-06,5.57,5.87,5.92,5.54,131516,80780214.0,6.8,5.01,0.28,3.16,5.608,5.669,5.478666666666666,5.392833333333333
2022-04-07,5.81,5.75,5.88,5.69,98697,60060492.0,3.24,-2.04,-0.12,2.37,5.682,5.659999999999999,5.495,5.393833333333333
2022-04-08,5.77,5.62,5.81,5.52,82567,49018251.0,5.04,-2.26,-0.13,1.99,5.706,5.644,5.506,5.394166666666667
2022-04-11,5.62,5.44,5.63,5.4,64971,37867453.0,4.09,-3.2,-0.18,1.56,5.654000000000001,5.619999999999999,5.5169999999999995,5.391000000000001
2022-04-12,5.47,5.71,5.72,5.4,75955,44942066.0,5.88,4.96,0.27,1.83,5.678,5.6240000000000006,5.533666666666666,5.395666666666667
2022-04-13,5.71,5.72,5.81,5.61,77627,46886716.0,3.5,0.18,0.01,1.87,5.648000000000001,5.628,5.552333333333333,5.400833333333334
2022-04-14,5.75,5.8,5.92,5.72,85681,52576533.0,3.5,1.4,0.08,2.06,5.6579999999999995,5.67,5.569000000000001,5.406999999999999
2022-04-15,5.75,5.7,5.86,5.56,92412,55529235.0,5.17,-1.72,-0.1,2.22,5.6739999999999995,5.6899999999999995,5.5776666666666666,5.407500000000001
2022-04-18,5.79,6.12,6.16,5.73,301075,190797674.0,7.54,7.37,0.42,7.24,5.8100000000000005,5.732,5.600666666666667,5.415166666666666
2022-04-19,5.98,6.07,6.12,5.91,221718,140301017.0,3.43,-0.82,-0.05,5.33,5.882,5.78,5.621666666666667,5.424666666666667
2022-04-20,6.03,5.88,6.04,5.75,174390,108163647.0,4.78,-3.13,-0.19,4.19,5.914,5.781000000000001,5.635999999999999,5.428
2022-04-21,5.84,5.51,5.84,5.46,162977,96631466.0,6.46,-6.29,-0.37,3.92,5.856,5.757000000000001,5.642666666666667,5.429333333333333
2022-04-22,5.52,5.44,5.6,5.35,107643,62555743.0,4.54,-1.27,-0.07,2.59,5.804,5.739,5.648333333333334,5.428333333333333
2022-04-25,5.28,4.86,5.3,4.86,147707,78713480.0,8.09,-10.66,-0.58,3.55,5.5520000000000005,5.681,5.631,5.4223333333333334
2022-04-26,4.79,4.63,4.88,4.58,78498,39746782.0,6.17,-4.73,-0.23,1.89,5.264,5.573,5.597333333333333,5.4125
2022-04-27,4.52,4.78,4.78,4.41,94008,46227633.0,7.99,3.24,0.15,2.26,5.044,5.479000000000001,5.575333333333333,5.406499999999999
2022-04-28,4.78,4.68,4.9,4.62,80708,39239002.0,5.86,-2.09,-0.1,1.94,4.878,5.367,5.561333333333334,5.403666666666666
2022-04-29,4.73,4.97,5.03,4.71,90928,45785011.0,6.84,6.2,0.29,2.19,4.784,5.2940000000000005,5.545333333333333,5.404
2022-05-05,5.0,5.02,5.11,4.91,61396,31629251.0,4.02,1.01,0.05,1.48,4.816,5.183999999999999,5.531333333333333,5.407666666666667
2022-05-06,4.97,4.99,5.04,4.85,45622,23246519.0,3.78,-0.6,-0.03,1.1,4.888,5.076,5.511333333333332,5.408166666666667
2022-05-09,5.05,5.08,5.12,5.01,36836,19134222.0,2.2,1.8,0.09,0.89,4.9479999999999995,4.996,5.482,5.4085
2022-05-10,5.04,5.11,5.13,5.0,38383,20009823.0,2.56,0.59,0.03,0.92,5.034000000000001,4.956,5.457666666666667,5.4075
2022-05-11,5.08,5.09,5.22,5.08,54676,28780557.0,2.74,-0.39,-0.02,1.32,5.058,4.921,5.434666666666667,5.404166666666667
2022-05-12,5.06,5.14,5.18,5.03,39864,20902735.0,2.95,0.98,0.05,0.96,5.082,4.949,5.416666666666667,5.402333333333333
2022-05-13,5.21,5.24,5.27,5.14,43365,23098902.0,2.53,1.95,0.1,1.04,5.132,5.01,5.402333333333334,5.404
2022-05-16,5.24,5.24,5.34,5.2,39766,21351419.0,2.67,0.0,0.0,0.96,5.164,5.055999999999999,5.387666666666666,5.4048333333333325
2022-05-17,5.25,5.41,5.42,5.2,77249,42138105.0,4.2,3.24,0.17,1.86,5.224,5.129,5.3886666666666665,5.408
2022-05-18,5.41,5.79,5.94,5.34,199640,117023777.0,11.09,7.02,0.38,4.8,5.364,5.211,5.398333333333334,5.416333333333332
2022-05-19,5.64,5.97,5.97,5.64,165908,99082657.0,5.7,3.11,0.18,3.99,5.53,5.306,5.407333333333333,5.428833333333333
2022-05-20,5.95,5.88,6.01,5.84,132870,80125199.0,2.85,-1.51,-0.09,3.2,5.6579999999999995,5.3950000000000005,5.417,5.438833333333333
2022-05-23,6.07,6.48,6.48,5.79,259175,164138804.0,11.73,10.2,0.6,6.23,5.906000000000001,5.535,5.437333333333333,5.458
2022-05-24,7.14,6.54,7.14,6.32,291939,208054082.0,12.65,0.93,0.06,7.02,6.132,5.678,5.463666666666668,5.479333333333333
2022-05-25,6.91,6.73,7.21,6.28,820465,567805728.0,14.22,2.91,0.19,19.73,6.319999999999999,5.8420000000000005,5.500666666666667,5.503333333333333
2022-05-26,6.05,6.05,6.26,6.05,484405,300523856.0,3.12,-10.1,-0.68,11.65,6.336,5.933,5.521,5.519000000000001
2022-05-27,5.81,5.8,5.86,5.56,454591,264962017.0,4.96,-4.13,-0.25,10.93,6.32,5.989,5.524,5.528833333333334
2022-05-30,5.68,5.74,5.78,5.61,205196,119163014.0,2.93,-1.03,-0.06,4.94,6.172,6.039,5.524666666666667,5.5385
2022-05-31,5.68,5.75,5.78,5.55,236040,136082784.0,4.01,0.17,0.01,5.68,6.014,6.0729999999999995,5.523,5.546
2022-06-01,5.68,5.71,5.82,5.68,175727,103023271.0,2.43,-0.7,-0.04,4.23,5.8100000000000005,6.0649999999999995,5.5233333333333325,5.5505
2022-06-02,5.71,5.89,5.93,5.59,238598,141363743.0,5.95,3.15,0.18,5.74,5.7780000000000005,6.057,5.515666666666666,5.558166666666667
2022-06-06,6.03,5.98,6.21,5.91,241347,148091118.0,5.09,1.53,0.09,5.8,5.814,6.066999999999999,5.512666666666666,5.567166666666667
2022-06-07,5.93,6.05,6.08,5.88,204670,124617036.0,3.34,1.17,0.07,4.92,5.876,6.024,5.5183333333333335,5.577166666666667
2022-06-08,6.05,5.99,6.05,5.78,192612,116477663.0,4.46,-0.99,-0.06,4.63,5.924,5.968999999999999,5.5343333333333335,5.5885
2022-06-09,5.97,5.76,5.98,5.74,152897,90800599.0,4.01,-3.84,-0.23,3.68,5.934,5.872,5.545,5.596666666666666
2022-06-10,5.76,6.08,6.23,5.72,249661,153102507.0,8.85,5.56,0.32,6.0,5.9719999999999995,5.875,5.585666666666667,5.608333333333333
2022-06-13,6.7,6.7,6.7,6.7,150293,102500098.0,0.0,10.2,0.62,3.61,6.116,5.965000000000001,5.654666666666667,5.626
2022-06-14,6.8,7.02,7.23,6.63,752594,533460528.0,8.96,4.78,0.32,18.1,6.3100000000000005,6.093,5.729333333333334,5.652333333333333
2022-06-15,6.77,6.42,6.91,6.41,512401,346206016.0,7.12,-8.55,-0.6,12.32,6.396,6.16,5.787333333333334,5.674333333333333
2022-06-16,6.45,6.43,6.7,6.36,294178,194642085.0,5.3,0.16,0.01,7.08,6.529999999999999,6.232,5.836,5.690666666666667
2022-06-17,6.37,7.09,7.09,6.37,362061,253250637.0,11.2,10.26,0.66,8.71,6.731999999999999,6.351999999999999,5.905,5.718166666666666
2022-06-20,7.25,6.93,7.56,6.9,713020,519081632.0,9.31,-2.26,-0.16,17.15,6.7780000000000005,6.447,5.969666666666667,5.7405
2022-06-21,6.84,6.94,7.11,6.8,385447,271844096.0,4.47,0.14,0.01,9.27,6.7620000000000005,6.536,6.031666666666666,5.756833333333333
2022-06-22,6.84,6.82,7.25,6.82,356395,254849770.0,6.2,-1.73,-0.12,8.57,6.8420000000000005,6.619,6.088666666666667,5.773166666666667
2022-06-23,6.89,7.15,7.39,6.89,464007,334638176.0,7.33,4.84,0.33,11.16,6.986,6.758,6.157333333333335,5.796
2022-06-24,7.05,7.18,7.25,6.92,411301,297994016.0,4.62,0.42,0.03,9.89,7.004,6.868,6.225333333333333,5.821000000000001
2022-06-27,7.58,7.91,7.91,7.28,697444,542427344.0,8.77,10.17,0.73,16.78,7.2,6.989,6.314333333333333,5.858333333333333
2022-06-28,7.98,7.49,8.12,7.48,714119,557544000.0,8.09,-5.31,-0.42,17.18,7.3100000000000005,7.036,6.389333333333334,5.8885
2022-06-29,7.36,6.75,7.36,6.73,493007,349331632.0,8.41,-9.88,-0.74,11.86,7.296000000000001,7.069,6.434,5.911333333333333
2022-06-30,6.79,6.97,7.24,6.79,319309,228369178.0,6.67,3.26,0.22,7.68,7.26,7.123,6.473333333333333,5.935833333333334
2022-07-01,6.86,6.88,7.02,6.74,189864,132302198.0,4.02,-1.29,-0.09,4.57,7.2,7.102000000000001,6.503666666666666,5.955500000000001
2022-07-04,6.96,6.84,6.98,6.66,164571,113670641.0,4.65,-0.58,-0.04,3.96,6.986,7.092999999999999,6.535666666666667,5.976333333333333
2022-07-05,6.83,6.68,6.84,6.56,180594,122942053.0,4.09,-2.34,-0.16,4.34,6.824,7.067,6.542333333333334,5.989833333333333
2022-07-06,6.71,6.58,6.74,6.52,152666,102735909.0,3.29,-1.5,-0.1,3.67,6.789999999999999,7.042999999999999,6.543666666666666,6.003666666666666
2022-07-07,6.55,6.95,7.01,6.55,262348,182455760.0,6.99,5.62,0.37,6.31,6.786,7.023000000000001,6.551,6.025833333333333
2022-07-08,6.89,6.9,7.07,6.78,175954,124418607.0,4.17,-0.72,-0.05,4.23,6.790000000000001,6.995,6.579333333333334,6.050166666666667
2022-07-11,6.83,6.78,6.9,6.71,113643,78493617.0,2.75,-1.74,-0.12,2.73,6.7780000000000005,6.882000000000001,6.612,6.068
2022-07-12,6.73,6.6,6.89,6.6,112895,77164703.6,4.28,-2.65,-0.18,2.72,6.7620000000000005,6.793000000000001,6.640666666666666,6.082666666666666
2022-07-13,6.58,6.65,6.69,6.47,95123,64019746.2,3.33,0.76,0.05,2.29,6.776000000000001,6.7829999999999995,6.6706666666666665,6.0968333333333335
2022-07-14,6.58,6.79,6.87,6.55,142259,97789712.34,4.81,2.11,0.14,3.42,6.744,6.765000000000001,6.706666666666667,6.114999999999999
2022-07-15,6.78,6.77,6.92,6.73,150662,104652236.62,2.8,-0.29,-0.02,3.62,6.718000000000001,6.7540000000000004,6.736000000000001,6.1258333333333335
2022-07-18,6.7,7.03,7.08,6.69,188632,133734174.58,5.76,3.84,0.26,4.54,6.768000000000001,6.772999999999999,6.771,6.1418333333333335
2022-07-19,7.16,7.33,7.53,7.07,293833,219002926.47,6.54,4.27,0.3,7.07,6.914,6.838000000000001,6.813666666666666,6.1659999999999995
2022-07-20,7.29,7.16,7.35,7.11,167926,122444800.27,3.27,-2.32,-0.17,4.04,7.016,6.895999999999999,6.852666666666666,6.1935
2022-07-21,7.13,7.21,7.36,6.97,187424,136611467.75,5.45,0.7,0.05,4.51,7.1,6.922,6.901,6.223
2022-07-22,7.18,7.46,7.52,7.17,234874,176003871.2,4.85,3.47,0.25,5.65,7.2379999999999995,6.978,6.947,6.266333333333333
2022-07-25,7.38,7.23,7.53,7.17,161865,120040574.25,4.83,-3.08,-0.23,3.89,7.2780000000000005,7.022999999999999,6.964666666666667,6.309666666666667
2022-07-26,7.23,7.43,7.48,6.98,180668,133624346.48,6.92,2.77,0.2,4.35,7.298,7.106,6.9783333333333335,6.353833333333333
2022-07-27,7.43,7.68,7.83,7.33,197288,152398303.3,6.73,3.36,0.25,4.75,7.401999999999999,7.2090000000000005,7.020333333333334,6.403833333333334
2022-07-28,7.68,7.55,7.69,7.53,138524,106764686.94,2.08,-1.69,-0.13,3.33,7.470000000000001,7.285000000000001,7.057666666666666,6.446833333333333
2022-07-29,7.48,7.62,7.72,7.45,151612,117596060.7,3.58,0.93,0.07,3.65,7.502,7.369999999999999,7.075333333333333,6.490166666666666
2022-08-01,7.4,7.72,7.77,7.34,187848,143866156.3,5.64,1.31,0.1,4.52,7.6,7.438999999999998,7.1016666666666675,6.535666666666667
2022-08-02,7.56,7.28,7.59,7.16,185796,138499422.5,5.57,-5.7,-0.44,4.47,7.57,7.433999999999999,7.113,6.572333333333333
2022-08-03,7.28,7.0,7.51,6.9,204658,150416793.21,8.38,-3.85,-0.28,4.92,7.434,7.417999999999999,7.119,6.603833333333332
2022-08-04,7.01,7.0,7.17,6.81,141111,100074133.35,5.14,0.0,0.0,3.39,7.324,7.397,7.114000000000001,6.635666666666666
2022-08-05,7.0,6.84,7.12,6.72,126649,88590245.0,5.71,-2.29,-0.16,3.05,7.168000000000001,7.334999999999999,7.102666666666667,6.664000000000001
2022-08-08,6.83,7.14,7.15,6.65,143229,101860407.5,7.31,4.39,0.3,3.44,7.052,7.3260000000000005,7.077,6.695666666666667
2022-08-09,7.19,7.02,7.2,7.0,96513,69518562.0,2.8,-1.68,-0.12,2.32,7.0,7.284999999999999,7.061333333333334,6.725333333333333
2022-08-10,7.01,6.98,7.09,6.92,87195,61953466.7,2.42,-0.57,-0.04,2.1,6.9959999999999996,7.214999999999999,7.069,6.751499999999999
2022-08-11,7.06,6.98,7.06,6.91,104675,74096391.8,2.15,0.0,0.0,2.52,6.992,7.1579999999999995,7.069333333333334,6.771333333333334
2022-08-12,6.98,6.96,7.25,6.93,132086,94823234.28,4.58,-0.29,-0.02,3.18,7.016,7.0920000000000005,7.072,6.787833333333333
2022-08-15,6.91,6.89,7.0,6.84,97278,68368310.0,2.3,-1.01,-0.07,2.34,6.965999999999999,7.009,7.073666666666667,6.804666666666666
2022-08-16,6.89,7.13,7.22,6.86,193307,139786087.6,5.22,3.48,0.24,4.65,6.9879999999999995,6.994,7.088666666666667,6.815499999999999
2022-08-17,7.18,7.86,7.86,7.16,138511,108092307.6,9.82,10.24,0.73,3.33,7.164,7.08,7.131333333333334,6.8375
2022-08-18,8.17,8.66,8.66,7.7,621184,508057311.27,12.21,10.18,0.8,14.94,7.5,7.2459999999999996,7.1883333333333335,6.869666666666666
2022-08-19,8.8,7.91,8.85,7.88,680326,570020628.63,11.2,-8.66,-0.75,16.36,7.69,7.353,7.2219999999999995,6.900666666666666
2022-08-22,7.96,8.1,8.27,7.77,435229,355082286.15,6.32,2.4,0.19,10.47,7.9319999999999995,7.449,7.266,6.938999999999999
2022-08-23,7.89,8.23,8.28,7.81,385612,316932978.89,5.8,1.6,0.13,9.27,8.152000000000001,7.57,7.320333333333333,6.980500000000001
2022-08-24,8.12,7.69,8.12,7.63,327020,259375085.61,5.95,-6.56,-0.54,7.87,8.117999999999999,7.641,7.3549999999999995,7.012833333333334
2022-08-25,7.65,7.34,7.75,7.19,243824,182232608.79,7.28,-4.55,-0.35,5.86,7.854000000000001,7.677000000000001,7.373333333333333,7.04
2022-08-26,7.34,7.15,7.43,7.08,149022,109560809.0,4.77,-2.59,-0.19,3.58,7.702,7.696,7.385999999999999,7.061000000000001
2022-08-29,6.95,7.31,7.36,6.88,136626,99948393.5,6.71,2.24,0.16,3.29,7.544,7.7379999999999995,7.395333333333334,7.083166666666667
2022-08-30,7.28,7.08,7.36,7.02,139515,101205174.82,4.65,-3.15,-0.23,3.36,7.314,7.733,7.3870000000000005,7.100333333333334
2022-08-31,7.09,6.52,7.12,6.5,211907,144302657.15,8.76,-7.91,-0.56,5.1,7.08,7.598999999999999,7.365666666666667,7.109166666666667
2022-09-01,6.57,6.48,6.65,6.47,111393,74281805.24,2.76,-0.61,-0.04,2.68,6.9079999999999995,7.381,7.341333333333334,7.121166666666667
2022-09-02,6.48,6.62,6.64,6.45,97539,65352781.97,2.93,2.16,0.14,2.35,6.802,7.252000000000001,7.313333333333333,7.130166666666667
2022-09-05,6.63,6.62,6.71,6.55,86387,58253138.78,2.42,0.0,0.0,2.08,6.664,7.103999999999999,7.293,7.128833333333334
2022-09-06,6.65,6.71,6.72,6.55,94993,64258184.2,2.57,1.36,0.09,2.28,6.590000000000001,6.952,7.269,7.123666666666667
2022-09-07,6.74,6.89,6.91,6.68,133248,92544564.1,3.43,2.68,0.18,3.2,6.664,6.872,7.242666666666666,7.1315
2022-09-08,6.92,6.83,7.07,6.8,128017,90414600.94,3.92,-0.87,-0.06,3.08,6.734,6.821000000000001,7.218666666666667,7.138166666666666
2022-09-09,6.91,6.8,6.93,6.7,76493,52754060.6,3.37,-0.44,-0.03,1.84,6.7700000000000005,6.786,7.191333333333334,7.133333333333334
2022-09-13,6.82,6.86,6.95,6.82,65473,45771266.2,1.91,0.88,0.06,1.57,6.8180000000000005,6.741,7.1626666666666665,7.1321666666666665
2022-09-14,6.75,6.76,6.86,6.67,84384,57952115.0,2.77,-1.46,-0.1,2.03,6.828,6.7090000000000005,7.145333333333332,7.129166666666666
2022-09-15,6.77,6.44,6.78,6.33,110445,73142287.0,6.66,-4.73,-0.32,2.66,6.7379999999999995,6.7010000000000005,7.126666666666667,7.122833333333333
2022-09-16,6.47,6.21,6.48,6.21,72196,46354039.88,4.19,-3.57,-0.23,1.74,6.614,6.674000000000001,7.100333333333333,7.107166666666667
2022-09-19,6.19,6.21,6.26,6.08,63333,39905997.76,2.9,0.0,0.0,1.52,6.4959999999999996,6.633,7.0793333333333335,7.090999999999999
2022-09-20,6.25,6.5,6.53,6.25,104305,68536019.38,4.51,4.67,0.29,2.51,6.4239999999999995,6.6209999999999996,7.058000000000001,7.0675
2022-09-21,6.51,6.55,6.6,6.36,75976,50271062.86,3.69,0.77,0.05,1.83,6.382000000000001,6.6049999999999995,7.042333333333334,7.051833333333334
2022-09-22,6.49,6.53,6.65,6.47,56279,37713114.5,2.75,-0.31,-0.02,1.35,6.4,6.569,7.027333333333334,7.048166666666666
2022-09-23,6.5,6.23,6.56,6.18,85291,54811013.3,5.82,-4.59,-0.3,2.05,6.404000000000001,6.509,7.0023333333333335,7.035833333333333
2022-09-26,6.19,6.07,6.2,6.04,70769,44096978.7,2.57,-2.57,-0.16,1.7,6.3759999999999994,6.436,6.972666666666667,7.022333333333333
2022-09-27,6.11,6.17,6.27,6.07,60318,37837271.38,3.29,1.65,0.1,1.45,6.3100000000000005,6.367,6.948666666666667,7.011166666666667
2022-09-28,6.17,5.94,6.2,5.93,61017,37557391.62,4.38,-3.73,-0.23,1.47,6.188,6.285,6.909000000000001,6.998833333333334
2022-09-29,6.01,5.9,6.08,5.85,56647,34316024.33,3.87,-0.67,-0.04,1.36,6.062,6.231,6.843666666666667,6.9875
2022-09-30,5.89,5.74,5.97,5.73,58599,34662049.35,4.07,-2.71,-0.16,1.41,5.964,6.184,6.746333333333333,6.967333333333333
2022-10-10,5.77,5.66,5.86,5.62,46141,26978305.74,4.18,-1.39,-0.08,1.11,5.882000000000001,6.129,6.671333333333333,6.946666666666667
2022-10-11,5.66,5.82,5.83,5.64,50705,29757773.3,3.36,2.83,0.16,1.22,5.812,6.061,6.5953333333333335,6.930666666666667
2022-10-12,5.82,6.02,6.03,5.76,60771,36533901.5,4.64,3.44,0.2,1.46,5.828,6.008000000000001,6.5216666666666665,6.921
2022-10-13,6.02,6.06,6.13,6.0,65414,40485297.92,2.16,0.66,0.04,1.57,5.86,5.961,6.467333333333333,6.911166666666667
2022-10-14,6.06,6.1,6.16,6.05,48334,30157876.98,1.82,0.66,0.04,1.16,5.932,5.9479999999999995,6.426,6.899666666666667
2022-10-17,6.07,6.33,6.4,6.04,101366,64620470.76,5.9,3.77,0.23,2.44,6.066000000000001,5.973999999999999,6.398666666666667,6.892333333333334
2022-10-18,6.37,6.43,6.55,6.33,101252,66340409.0,3.48,1.58,0.1,2.44,6.188,6.0,6.3693333333333335,6.882333333333333
2022-10-19,6.37,6.41,6.5,6.35,77797,50985785.5,2.33,-0.31,-0.02,1.87,6.266,6.047,6.3469999999999995,6.867
2022-10-20,6.38,6.33,6.41,6.2,62988,40515300.1,3.28,-1.25,-0.08,1.52,6.319999999999999,6.09,6.3406666666666665,6.853166666666667
2022-10-21,6.37,6.36,6.47,6.28,47659,31048690.65,3.0,0.47,0.03,1.15,6.372,6.151999999999999,6.336666666666667,6.8389999999999995
2022-10-24,6.38,6.43,6.6,6.37,102310,67641049.2,3.62,1.1,0.07,2.46,6.392,6.229,6.330333333333334,6.821833333333333
2022-10-25,6.44,6.53,6.53,6.25,99660,64852781.0,4.35,1.56,0.1,2.4,6.412000000000001,6.3,6.327333333333334,6.8101666666666665
2022-10-26,6.75,7.2,7.2,6.75,67013,48559554.0,6.89,10.26,0.67,1.61,6.57,6.417999999999999,6.343666666666667,6.806333333333333
2022-10-27,7.93,7.93,7.93,7.93,78716,63366404.15,0.0,10.14,0.73,1.89,6.890000000000001,6.6049999999999995,6.378333333333334,6.8105
2022-10-28,8.28,7.16,8.36,7.14,639933,489454781.85,15.38,-9.71,-0.77,15.39,7.05,6.711,6.389333333333334,6.803999999999999
2022-10-31,6.72,6.93,7.08,6.53,337273,232397853.88,7.68,-3.21,-0.23,8.11,7.15,6.771000000000001,6.393666666666666,6.7925
2022-11-01,6.95,7.04,7.19,6.69,321329,227859087.84,7.22,1.59,0.11,7.73,7.252,6.832000000000001,6.399666666666667,6.781166666666667
2022-11-02,6.9,6.96,7.04,6.78,243773,171601408.11,3.69,-1.14,-0.08,5.86,7.203999999999999,6.8870000000000005,6.406333333333334,6.775833333333334
2022-11-03,6.9,6.89,7.07,6.85,174311,123286849.81,3.16,-1.01,-0.07,4.19,6.9959999999999996,6.9430000000000005,6.421333333333333,6.774000000000001
2022-11-04,6.86,7.05,7.08,6.86,196477,140043630.9,3.19,2.32,0.16,4.73,6.974000000000001,7.0120000000000005,6.449333333333334,6.7748333333333335
2022-11-07,7.14,7.08,7.15,6.9,174352,124443254.93,3.55,0.43,0.03,4.19,7.0040000000000004,7.077,6.4783333333333335,6.778833333333334
2022-11-08,7.07,6.95,7.15,6.92,102542,72717825.86,3.25,-1.84,-0.13,2.47,6.986,7.119,6.493333333333334,6.775666666666667
2022-11-09,6.96,6.93,7.01,6.87,95599,67540730.04,2.01,-0.29,-0.02,2.3,6.9799999999999995,7.0920000000000005,6.505999999999999,6.774166666666668
2022-11-10,6.93,7.29,7.33,6.85,270092,196586854.05,6.93,5.19,0.36,6.5,7.06,7.0280000000000005,6.531333333333333,6.779333333333333
2022-11-11,7.3,7.18,7.36,7.09,187282,136689871.66,3.7,-1.51,-0.11,4.5,7.086,7.029999999999999,6.563,6.782666666666667
2022-11-14,7.11,7.03,7.2,7.01,105021,75816839.36,2.65,-2.09,-0.15,2.53,7.0760000000000005,7.040000000000001,6.595,6.783833333333334
2022-11-15,7.04,7.75,7.75,6.95,228269,175699323.1,11.38,10.24,0.72,5.49,7.236,7.111,6.647666666666666,6.798166666666668
2022-11-16,7.89,7.44,8.06,7.39,417945,323250456.35,8.65,-4.0,-0.31,10.05,7.337999999999999,7.158999999999999,6.697666666666666,6.803333333333333
2022-11-17,7.48,7.39,7.54,7.29,182082,136788290.9,3.36,-0.67,-0.05,4.38,7.358,7.208999999999999,6.747333333333333,6.7955000000000005
2022-11-18,7.39,7.21,7.42,7.21,142218,105362456.52,2.84,-2.44,-0.18,3.42,7.364,7.225,6.796333333333334,6.771333333333333
2022-11-21,7.23,7.36,7.39,7.14,183123,135685598.72,3.47,2.08,0.15,4.4,7.43,7.253,6.853,6.762166666666667
2022-11-22,7.29,7.29,7.35,7.21,107614,79544096.0,1.9,-0.95,-0.07,2.59,7.337999999999999,7.286999999999999,6.901999999999999,6.748666666666667
2022-11-23,7.23,6.9,7.24,6.73,199345,140364616.56,7.0,-5.35,-0.39,4.79,7.230000000000001,7.284000000000001,6.931333333333333,6.7265
2022-11-24,6.9,6.86,6.98,6.81,84691,59268995.38,2.46,-0.58,-0.04,2.04,7.1240000000000006,7.241,6.958,6.712666666666666
2022-11-25,6.85,6.77,6.85,6.74,76392,52711426.35,1.6,-1.31,-0.09,1.84,7.036,7.2,6.980333333333333,6.703166666666666
2022-11-28,6.66,6.69,6.73,6.54,68194,46151237.0,2.81,-1.18,-0.08,1.64,6.902000000000001,7.1659999999999995,6.992333333333333,6.695499999999999
2022-11-29,6.68,6.79,6.81,6.68,66672,45879650.8,1.94,1.49,0.1,1.6,6.802000000000001,7.07,7.004333333333333,6.686833333333333
2022-11-30,6.79,6.95,6.99,6.71,111597,78313524.52,4.12,2.36,0.16,2.68,6.812,7.020999999999999,7.022333333333333,6.684666666666667
2022-12-01,7.02,6.91,7.07,6.86,82700,58296844.0,3.02,-0.58,-0.04,1.99,6.822,6.973000000000001,7.041666666666667,6.691166666666667
2022-12-02,6.91,6.92,6.95,6.86,49939,35111906.4,1.3,0.14,0.01,1.2,6.852000000000001,6.944,7.060333333333333,6.698499999999999
2022-12-05,6.92,6.93,6.97,6.89,63654,44794901.0,1.16,0.14,0.01,1.53,6.9,6.900999999999999,7.077,6.703666666666666
2022-12-06,6.92,6.91,6.95,6.8,57139,39992190.5,2.16,-0.29,-0.02,1.37,6.924000000000001,6.8629999999999995,7.089666666666667,6.7085
2022-12-07,6.88,6.88,6.95,6.85,50207,35202855.0,1.45,-0.43,-0.03,1.21,6.909999999999999,6.861,7.079,6.711333333333333
2022-12-08,6.9,6.79,6.9,6.79,48682,33785070.0,1.6,-1.31,-0.09,1.17,6.886,6.854000000000001,7.0409999999999995,6.709666666666667
2022-12-09,6.78,6.68,6.81,6.66,57671,39431033.0,2.21,-1.62,-0.11,1.39,6.837999999999999,6.845000000000001,7.025,6.707166666666666
2022-12-12,6.67,6.95,7.06,6.56,120052,82856289.2,7.49,4.04,0.27,2.89,6.8420000000000005,6.8709999999999996,7.025666666666666,6.709666666666667
2022-12-13,6.86,6.91,7.06,6.73,195722,137549437.09,4.75,-0.58,-0.04,4.71,6.8420000000000005,6.883,7.021333333333333,6.7105
2022-12-14,6.91,6.83,6.95,6.79,74007,51598253.55,2.32,-1.16,-0.08,1.78,6.832000000000001,6.8709999999999996,7.0169999999999995,6.711666666666667
2022-12-15,6.82,6.87,6.91,6.78,61241,42689177.0,1.9,0.59,0.04,1.47,6.848000000000001,6.867,7.016333333333334,6.718833333333333
2022-12-16,6.81,6.63,6.84,6.61,77896,53191698.6,3.35,-3.49,-0.24,1.87,6.838000000000001,6.837999999999999,7.0023333333333335,6.725833333333332
2022-12-19,6.63,6.68,7.12,6.6,133633,93193843.72,7.84,0.75,0.05,3.21,6.784000000000001,6.813,6.989000000000001,6.733666666666666
2022-12-20,6.46,6.66,6.74,6.46,112158,75525037.32,4.19,-0.3,-0.02,2.7,6.734,6.788000000000001,6.979333333333333,6.7363333333333335
2022-12-21,6.76,6.53,6.76,6.48,99710,66966842.5,4.2,-1.95,-0.13,2.4,6.674000000000001,6.753,6.966,6.736
2022-12-22,6.68,6.58,6.76,6.4,95725,64155003.7,5.51,0.77,0.05,2.3,6.616,6.732000000000001,6.942333333333333,6.736833333333334
2022-12-23,6.48,6.43,6.52,6.28,85877,56019344.0,3.65,-2.28,-0.15,2.07,6.5760000000000005,6.707000000000001,6.917333333333334,6.740166666666667
2022-12-26,6.36,6.65,6.65,6.31,63078,42145640.0,5.29,3.42,0.22,1.52,6.57,6.677,6.904666666666667,6.749833333333333
2022-12-27,6.74,6.86,6.86,6.67,95067,65694212.18,2.86,3.16,0.21,2.29,6.610000000000001,6.672,6.875,6.761333333333334
2022-12-28,6.79,6.66,6.86,6.64,59481,40713602.0,3.21,-2.92,-0.2,1.43,6.636,6.654999999999999,6.849000000000001,6.7733333333333325
2022-12-29,6.63,6.52,6.7,6.51,48879,32727483.5,2.85,-2.1,-0.14,1.18,6.6240000000000006,6.62,6.819999999999999,6.783666666666667
2022-12-30,6.6,6.93,6.94,6.47,139216,95401477.2,7.21,6.29,0.41,3.35,6.724000000000001,6.65,6.810666666666666,6.8035
2023-01-03,6.85,6.95,7.0,6.8,104281,73400968.18,2.89,0.29,0.02,2.51,6.784000000000001,6.677,6.797,6.825
2023-01-04,6.92,6.94,6.97,6.87,61134,43041409.39,1.44,-0.14,-0.01,1.47,6.8,6.705,6.785333333333333,6.843666666666667
2023-01-05,6.95,7.05,7.07,6.92,103018,73521117.4,2.16,1.59,0.11,2.48,6.878,6.757,6.790333333333334,6.860833333333333
2023-01-06,7.02,7.34,7.34,6.99,175863,127801154.31,4.96,4.11,0.29,4.23,7.042,6.833,6.806333333333333,6.8821666666666665
2023-01-09,7.34,7.3,7.53,7.23,190524,142075959.84,4.09,-0.54,-0.04,4.58,7.116,6.92,6.824,6.902166666666667
2023-01-10,7.34,7.09,7.48,6.96,268752,197618571.19,7.12,-2.88,-0.21,6.46,7.144,6.964,6.837333333333333,6.914833333333333
2023-01-11,7.18,7.04,7.2,7.04,125167,90467935.02,2.26,-0.71,-0.05,3.01,7.164,6.981999999999999,6.845666666666667,6.925
2023-01-12,7.05,7.17,7.17,7.02,83980,60636677.0,2.13,1.85,0.13,2.02,7.188,7.0329999999999995,6.853,6.937666666666668
2023-01-13,7.19,7.9,7.9,7.19,299889,239218712.82,9.9,10.18,0.73,7.21,7.3,7.170999999999999,6.886,6.963833333333333
2023-01-16,7.88,8.7,8.7,7.63,718687,603153347.4,13.54,10.13,0.8,17.27,7.58,7.348000000000001,6.945333333333333,7.002833333333333
2023-01-17,8.98,9.58,9.58,8.41,776551,714910789.0,13.45,10.11,0.88,18.66,8.078,7.611,7.033666666666667,7.0553333333333335
2023-01-18,10.13,9.38,10.55,8.94,1321125,1308678690.4,16.81,-2.09,-0.2,31.75,8.546000000000001,7.855000000000001,7.116,7.102833333333333
2023-01-19,8.49,8.43,8.75,8.43,257840,221854396.0,3.41,-10.13,-0.95,6.2,8.797999999999998,7.992999999999999,7.167666666666666,7.123333333333333
2023-01-20,7.59,7.74,8.02,7.58,756589,595776092.31,5.22,-8.19,-0.69,18.18,8.766,8.033,7.199333333333333,7.120166666666666
2023-01-30,7.8,8.26,8.34,7.77,684443,559448852.57,7.36,6.72,0.52,16.45,8.678,8.129000000000001,7.252,7.1385
2023-01-31,8.08,8.07,8.16,7.96,406134,332618115.85,2.42,-2.3,-0.19,9.76,8.376,8.227,7.289333333333333,7.157500000000001
2023-02-01,8.1,8.23,8.26,8.08,357020,295764769.3,2.23,1.98,0.16,8.58,8.146,8.346,7.333333333333333,7.177333333333333
2023-02-02,8.24,8.08,8.24,7.98,307116,251459030.64,3.16,-1.82,-0.15,7.38,8.075999999999999,8.437,7.375,7.196
2023-02-03,8.14,8.01,8.14,7.88,241644,195747184.8,3.22,-0.87,-0.07,5.81,8.13,8.448,7.412999999999999,7.214666666666667
2023-02-06,8.0,8.29,8.38,7.97,525406,438333426.56,5.12,3.5,0.28,12.63,8.136,8.407,7.468333333333334,7.235333333333333
2023-02-07,8.17,8.39,8.42,8.14,412013,347313998.6,3.38,1.21,0.1,9.9,8.2,8.288,7.525333333333333,7.257166666666666
2023-02-08,8.39,8.73,9.02,8.15,611288,530240729.34,10.37,4.05,0.34,14.69,8.3,8.223,7.594333333333333,7.286833333333333
2023-02-09,8.73,8.57,8.8,8.49,384817,335288630.51,3.55,-1.83,-0.16,9.25,8.398,8.237,7.662333333333334,7.314166666666666
2023-02-10,8.51,8.41,8.57,8.3,287871,244884880.97,3.15,-1.87,-0.16,6.92,8.478,8.304,7.723333333333334,7.332833333333334
2023-02-13,8.34,8.45,8.45,8.3,178144,151552268.17,1.78,0.48,0.04,4.28,8.51,8.323,7.790666666666667,7.354
2023-02-14,8.41,8.07,8.42,8.05,333269,276636480.11,4.38,-4.5,-0.38,8.01,8.446,8.322999999999999,7.837999999999999,7.371333333333333
2023-02-15,8.13,8.11,8.22,8.04,178407,146870144.72,2.23,0.5,0.04,4.29,8.322,8.311,7.879666666666667,7.3773333333333335
2023-02-16,8.08,7.91,8.32,7.8,208881,171108925.47,6.41,-2.47,-0.2,5.02,8.190000000000001,8.294,7.921333333333333,7.385166666666667
2023-02-17,7.86,7.83,7.95,7.76,156935,125072080.1,2.4,-1.01,-0.08,3.77,8.074000000000002,8.276,7.965000000000001,7.3925
2023-02-20,7.8,7.96,7.96,7.79,109016,87176990.08,2.17,1.66,0.13,2.62,7.976000000000001,8.242999999999999,7.999333333333333,7.405
2023-02-21,7.98,8.03,8.1,7.93,123636,100638845.0,2.14,0.88,0.07,2.97,7.968000000000001,8.206999999999999,8.035333333333334,7.416166666666667
2023-02-22,7.97,7.96,8.11,7.94,87550,71029570.14,2.12,-0.87,-0.07,2.1,7.938,8.129999999999999,8.069333333333335,7.427333333333333
2023-02-23,7.95,7.99,8.07,7.95,88112,71585644.05,1.51,0.38,0.03,2.12,7.954000000000001,8.072,8.100666666666667,7.4455
2023-02-24,7.93,8.06,8.11,7.87,134853,109391302.52,3.0,0.88,0.07,3.24,8.0,8.037,8.124666666666666,7.4655000000000005
2023-02-27,7.99,7.89,8.04,7.88,82783,66748434.71,1.99,-2.11,-0.17,1.99,7.986,7.981,8.144333333333334,7.484166666666667
2023-02-28,7.91,7.94,7.96,7.87,55858,44865728.0,1.14,0.63,0.05,1.34,7.968000000000001,7.968000000000001,8.172666666666666,7.505
2023-03-01,7.94,8.07,8.08,7.92,106197,86271224.0,2.02,1.64,0.13,2.55,7.99,7.964,8.206999999999999,7.526333333333333
2023-03-02,8.07,7.92,8.08,7.89,105738,85514088.0,2.35,-1.86,-0.15,2.54,7.976000000000001,7.964999999999999,8.232000000000001,7.5425
2023-03-03,7.93,7.87,7.94,7.83,76351,61048744.64,1.39,-0.63,-0.05,1.83,7.938,7.968999999999999,8.231,7.5584999999999996
2023-03-06,7.88,7.87,7.91,7.83,56783,45355751.67,1.02,0.0,0.0,1.36,7.934,7.960000000000001,8.203333333333335,7.574333333333334
2023-03-07,7.85,7.66,7.87,7.66,95032,74818762.42,2.67,-2.67,-0.21,2.28,7.878,7.923,8.139333333333333,7.5865
2023-03-08,7.65,7.76,7.77,7.6,54133,42378080.0,2.22,1.31,0.1,1.3,7.816,7.9030000000000005,8.085333333333333,7.600666666666666
2023-03-09,7.77,7.83,7.84,7.6,76009,59681800.0,3.09,0.9,0.07,1.83,7.798,7.8870000000000005,8.065333333333333,7.6165
2023-03-10,7.76,7.79,7.9,7.58,139187,109520201.8,4.09,-0.51,-0.04,3.35,7.781999999999999,7.859999999999999,8.067,7.633166666666666
2023-03-13,7.7,7.64,7.74,7.58,84197,65378593.2,2.05,-1.93,-0.15,2.02,7.736,7.834999999999999,8.046333333333333,7.649166666666668
2023-03-14,7.63,7.35,7.63,7.23,108382,81424855.2,5.24,-3.8,-0.29,2.6,7.6739999999999995,7.775999999999999,8.022333333333334,7.655833333333333
2023-03-15,7.4,7.37,7.43,7.36,40914,30738330.3,0.95,0.27,0.02,0.98,7.595999999999999,7.706,7.993666666666667,7.6635
2023-03-16,7.34,7.27,7.42,7.27,50875,37955955.7,2.04,-1.36,-0.1,1.22,7.484,7.641,7.966666666666667,7.670833333333333
2023-03-17,7.32,7.29,7.37,7.29,49195,36609450.2,1.1,0.28,0.02,1.18,7.384,7.583,7.942666666666667,7.677833333333334
2023-03-20,7.29,7.31,7.34,7.2,52037,38513879.68,1.92,0.27,0.02,1.25,7.318,7.526999999999999,7.91,7.689166666666667
2023-03-21,7.3,7.45,7.47,7.28,51221,38493844.1,2.6,1.92,0.14,1.23,7.337999999999999,7.506,7.878666666666667,7.702
2023-03-22,7.45,7.5,7.57,7.45,45688,34851082.5,1.61,0.67,0.05,1.1,7.364,7.480000000000001,7.837666666666667,7.715999999999999
2023-03-23,7.45,7.47,7.51,7.42,49946,37816897.5,1.2,-0.4,-0.03,1.2,7.403999999999999,7.444,7.801,7.731666666666667
2023-03-24,7.47,7.51,7.52,7.45,40441,30764529.5,0.94,0.54,0.04,0.97,7.448,7.4159999999999995,7.771,7.747166666666667
2023-03-27,7.51,7.45,7.52,7.42,46466,35219934.2,1.33,-0.8,-0.06,1.12,7.476000000000001,7.397,7.737666666666667,7.764166666666666
2023-03-28,7.46,7.45,7.5,7.42,39518,29951551.8,1.07,0.0,0.0,0.95,7.475999999999999,7.407000000000001,7.7170000000000005,7.7775
2023-03-29,7.33,7.36,7.5,7.33,51528,38828325.0,2.28,-1.21,-0.09,1.24,7.447999999999999,7.406000000000001,7.691999999999999,7.785833333333333
2023-03-30,7.36,7.32,7.39,7.26,51787,38475360.8,1.77,-0.54,-0.04,1.24,7.418000000000001,7.411000000000001,7.6723333333333334,7.796833333333334
2023-03-31,7.36,7.5,7.51,7.32,63943,48471686.5,2.6,2.46,0.18,1.54,7.4159999999999995,7.4319999999999995,7.661333333333332,7.813166666666666
2023-04-03,7.5,7.46,7.54,7.43,49972,37894079.2,1.47,-0.53,-0.04,1.2,7.417999999999999,7.447,7.644666666666667,7.822000000000001
2023-04-04,7.48,7.16,7.48,7.15,107486,79238471.0,4.42,-4.02,-0.3,2.58,7.359999999999999,7.417999999999999,7.615666666666667,7.8255
2023-04-06,7.16,7.06,7.16,6.97,78100,55862992.6,2.65,-1.4,-0.1,1.88,7.3,7.374,7.585666666666667,7.8275
2023-04-07,7.06,7.09,7.11,7.03,31822,22918694.5,1.13,0.42,0.03,0.76,7.254,7.336,7.555666666666666,7.828166666666667
2023-04-10,7.09,6.99,7.15,6.98,41643,29786131.47,2.4,-1.41,-0.1,1.0,7.151999999999999,7.284000000000001,7.52,7.822333333333333
2023-04-11,7.03,7.01,7.04,6.87,57016,40292495.06,2.43,0.29,0.02,1.37,7.062,7.24,7.490666666666667,7.8175
2023-04-12,6.98,6.99,7.03,6.95,36381,25849919.0,1.14,-0.29,-0.02,0.87,7.0280000000000005,7.194,7.4590000000000005,7.815833333333333
2023-04-13,6.98,6.95,7.01,6.92,39272,27823394.0,1.29,-0.57,-0.04,0.94,7.006,7.1530000000000005,7.421666666666667,7.814333333333334
2023-04-14,6.98,6.97,6.99,6.92,33833,23952738.28,1.01,0.29,0.02,0.81,6.981999999999999,7.118,7.39,7.810999999999999
2023-04-17,6.95,6.99,7.03,6.93,38944,27636155.2,1.43,0.29,0.02,0.94,6.981999999999999,7.067,7.360666666666666,7.795833333333333
2023-04-18,6.97,6.95,7.0,6.91,32870,23225241.28,1.29,-0.57,-0.04,0.79,6.970000000000001,7.016,7.329999999999999,7.766666666666667
2023-04-19,6.96,6.85,6.96,6.76,67569,46980342.53,2.88,-1.44,-0.1,1.62,6.942,6.985000000000001,7.303,7.721166666666667
2023-04-20,6.79,6.77,6.85,6.72,50462,34744411.96,1.9,-1.17,-0.08,1.21,6.906000000000001,6.956,7.27,7.677666666666666
2023-04-21,6.69,6.61,6.82,6.6,51691,35311115.0,3.25,-2.36,-0.16,1.24,6.8340000000000005,6.9079999999999995,7.229333333333333,7.647333333333334
2023-04-24,6.56,6.68,6.77,6.55,47030,31869132.03,3.33,1.06,0.07,1.13,6.772,6.877,7.192333333333333,7.629666666666667
2023-04-25,6.65,6.5,6.68,6.39,59283,39221865.2,4.34,-2.69,-0.18,1.42,6.6819999999999995,6.825999999999999,7.154333333333333,7.600333333333334
2023-04-26,6.44,6.61,6.65,6.44,37389,25073845.0,3.23,1.69,0.11,0.9,6.634,6.787999999999999,7.129666666666666,7.576
2023-04-27,6.61,6.66,6.73,6.58,39166,26601201.0,2.27,0.76,0.05,0.94,6.612,6.759,7.106,7.549833333333334
2023-04-28,6.67,6.78,6.81,6.67,44074,30241529.8,2.1,1.8,0.12,1.06,6.646000000000001,6.74,7.089666666666667,7.528166666666667
2023-05-04,6.78,6.8,6.86,6.74,30859,21368789.0,1.77,0.29,0.02,0.74,6.67,6.720999999999999,7.073333333333334,7.507999999999999
2023-05-05,6.82,6.66,6.82,6.62,34139,23203582.0,2.94,-2.06,-0.14,0.82,6.702000000000001,6.692,7.051666666666667,7.480833333333334
2023-05-08,6.7,6.71,6.76,6.68,37735,25802769.0,1.2,0.75,0.05,0.91,6.7219999999999995,6.678,7.027,7.452833333333333
2023-05-09,6.71,6.59,6.72,6.59,34620,23410765.0,1.94,-1.79,-0.12,0.83,6.708,6.659999999999999,6.996666666666666,7.417166666666668
2023-05-10,6.59,6.78,6.8,6.59,51130,34984184.83,3.19,2.88,0.19,1.23,6.708,6.677,6.973666666666666,7.387333333333333
2023-05-11,6.78,6.86,6.88,6.7,50260,34838488.0,2.65,1.18,0.08,1.21,6.720000000000001,6.695,6.952,7.3615
2023-05-12,6.84,6.78,6.89,6.76,31612,21874407.0,1.9,-1.17,-0.08,0.76,6.744,6.723000000000001,6.929666666666667,7.333666666666667
2023-05-15,6.73,6.84,6.85,6.72,27255,18809445.0,1.92,0.88,0.06,0.66,6.7700000000000005,6.7459999999999996,6.9093333333333335,7.313166666666667
2023-05-16,6.87,6.84,6.9,6.81,35300,24613333.6,1.32,0.0,0.0,0.85,6.82,6.764,6.892,7.292
2023-05-17,6.89,7.02,7.03,6.85,66806,47330517.84,2.63,2.63,0.18,1.61,6.867999999999999,6.787999999999999,6.882,7.277166666666668
2023-05-18,7.01,7.04,7.07,6.96,44974,32113476.86,1.57,0.28,0.02,1.08,6.903999999999999,6.812,6.866666666666666,7.263999999999999
2023-05-19,7.04,7.13,7.18,6.99,54433,38689557.5,2.7,1.28,0.09,1.31,6.973999999999999,6.859,6.855666666666667,7.250166666666667
2023-05-22,7.15,7.08,7.19,7.03,40993,29075334.4,2.24,-0.7,-0.05,0.99,7.022,6.895999999999999,6.853,7.234333333333334
2023-05-23,7.11,7.06,7.14,7.03,31684,22497189.0,1.55,-0.28,-0.02,0.76,7.066,6.943,6.853,7.219333333333334
2023-05-24,7.04,7.05,7.12,6.99,32375,22894448.68,1.84,-0.14,-0.01,0.78,7.072,6.970000000000001,6.8516666666666675,7.203666666666666
2023-05-25,7.05,7.04,7.11,6.96,39880,28044393.9,2.13,-0.14,-0.01,0.96,7.072,6.9879999999999995,6.8533333333333335,7.1866666666666665
2023-05-26,7.04,7.14,7.18,6.94,53486,37811893.3,3.41,1.42,0.1,1.29,7.074,7.023999999999999,6.857666666666666,7.174166666666666
2023-05-29,7.14,6.99,7.16,6.97,46114,32375972.0,2.66,-2.1,-0.15,1.11,7.056,7.039,6.857666666666666,7.158333333333333
2023-05-30,7.0,7.04,7.1,6.97,35023,24647283.0,1.86,0.72,0.05,0.84,7.052,7.059,6.860666666666666,7.141166666666667
2023-05-31,7.05,6.94,7.05,6.94,27863,19433287.2,1.56,-1.42,-0.1,0.67,7.029999999999999,7.051,6.8596666666666675,7.124833333333333
2023-06-01,6.91,6.9,7.0,6.9,31729,22064916.0,1.44,-0.58,-0.04,0.76,7.002,7.037000000000001,6.8566666666666665,7.108666666666666
2023-06-02,6.92,6.96,6.99,6.91,25119,17475812.0,1.16,0.87,0.06,0.6,6.965999999999999,7.0200000000000005,6.857,7.093500000000001
2023-06-05,6.99,7.03,7.06,6.95,41194,28931261.0,1.58,1.01,0.07,0.99,6.974000000000001,7.015000000000001,6.8629999999999995,7.083
2023-06-06,7.01,6.74,7.03,6.73,63952,43745069.0,4.27,-4.13,-0.29,1.54,6.914,6.983,6.862,7.066000000000001
2023-06-07,6.74,6.64,6.77,6.61,43413,28973703.0,2.37,-1.48,-0.1,1.04,6.854000000000001,6.942,6.8629999999999995,7.046166666666666
2023-06-08,6.66,6.6,6.72,6.58,34926,23184579.61,2.11,-0.6,-0.04,0.84,6.794,6.898000000000001,6.860333333333333,7.026333333333334
2023-06-09,6.68,6.72,6.78,6.64,44816,30126527.0,2.12,1.82,0.12,1.08,6.7459999999999996,6.856,6.867666666666667,7.010999999999999
2023-06-12,6.72,7.09,7.11,6.68,129747,90798535.94,6.4,5.51,0.37,3.12,6.758,6.866,6.883666666666667,7.006666666666667
2023-06-13,7.13,7.24,7.27,7.12,125828,90848354.0,2.12,2.12,0.15,3.02,6.858,6.886,6.9030000000000005,7.004499999999999
2023-06-14,7.29,7.23,7.31,7.19,74903,54230599.8,1.66,-0.14,-0.01,1.8,6.975999999999999,6.915000000000001,6.918,7.003833333333334
2023-06-15,7.26,7.18,7.29,7.15,66678,48065598.0,1.94,-0.69,-0.05,1.6,7.0920000000000005,6.9430000000000005,6.930666666666666,7.002
2023-06-16,7.21,7.16,7.24,7.15,51582,37039643.5,1.25,-0.28,-0.02,1.24,7.18,6.962999999999999,6.947333333333333,6.9995
2023-06-19,7.2,7.2,7.34,7.17,58070,42103399.0,2.37,0.56,0.04,1.4,7.202000000000001,6.9799999999999995,6.963666666666667,6.995333333333334
2023-06-20,7.24,7.2,7.24,7.11,43325,31130511.0,1.81,0.0,0.0,1.04,7.194,7.026000000000001,6.984,6.990333333333334
2023-06-21,7.22,7.23,7.31,7.13,78849,57173998.8,2.5,0.42,0.03,1.89,7.194,7.084999999999999,6.999,6.9863333333333335
2023-06-26,7.24,7.22,7.38,7.19,91117,66210965.0,2.63,-0.14,-0.01,2.19,7.202,7.147,7.010999999999999,6.9815
2023-06-27,7.2,7.34,7.34,7.13,79924,58028832.8,2.91,1.66,0.12,1.92,7.2379999999999995,7.2090000000000005,7.0296666666666665,6.979666666666668
2023-06-28,7.34,7.44,7.47,7.2,106599,78540000.15,3.68,1.36,0.1,2.56,7.286,7.244,7.049666666666666,6.979500000000001
2023-06-29,7.43,7.53,7.55,7.38,96888,72784303.0,2.28,1.21,0.09,2.33,7.352000000000001,7.273000000000001,7.072666666666666,6.982333333333333
2023-06-30,7.53,7.5,7.65,7.46,94129,71016995.3,2.52,-0.4,-0.03,2.26,7.406000000000001,7.3,7.088666666666667,6.985333333333333
2023-07-03,7.53,7.49,7.62,7.45,74099,55698534.0,2.27,-0.13,-0.01,1.78,7.460000000000001,7.331,7.103666666666667,6.985166666666667
2023-07-04,7.5,7.62,7.65,7.46,103285,78548705.42,2.54,1.74,0.13,2.48,7.516,7.377,7.12,6.987833333333333
2023-07-05,7.64,7.54,7.66,7.51,71670,54288925.0,1.97,-1.05,-0.08,1.72,7.536,7.411,7.1353333333333335,6.9941666666666675
2023-07-06,7.55,7.6,7.61,7.46,63938,48347737.9,1.99,0.8,0.06,1.54,7.55,7.450999999999999,7.153333333333333,7.003166666666667
2023-07-07,7.62,7.54,7.65,7.51,50363,38123209.2,1.84,-0.79,-0.06,1.21,7.558,7.482000000000001,7.169666666666667,7.010666666666666
2023-07-10,7.54,7.44,7.62,7.4,70926,52941173.65,2.92,-1.33,-0.1,1.71,7.547999999999999,7.5040000000000004,7.183000000000001,7.0181666666666676
2023-07-11,7.48,7.59,7.59,7.41,62741,47230494.26,2.42,2.02,0.15,1.51,7.542,7.529000000000001,7.198000000000001,7.027833333333333
2023-07-12,7.59,7.6,7.77,7.57,128605,98702451.7,2.64,0.13,0.01,3.09,7.554,7.545,7.218333333333334,7.038
2023-07-13,7.59,7.53,7.66,7.44,75519,56872881.0,2.89,-0.92,-0.07,1.82,7.540000000000001,7.545,7.2346666666666675,7.047666666666666
2023-07-14,7.53,7.38,7.55,7.31,62446,46430885.0,3.19,-1.99,-0.15,1.5,7.508,7.5329999999999995,7.249333333333333,7.0545
2023-07-17,7.38,7.32,7.39,7.26,49712,36348304.0,1.76,-0.81,-0.06,1.2,7.484,7.516,7.263333333333334,7.0600000000000005
2023-07-18,7.35,7.44,7.5,7.23,54624,40327828.0,3.69,1.64,0.12,1.31,7.454000000000001,7.498,7.279333333333333,7.068166666666667
2023-07-19,7.41,7.39,7.48,7.3,38337,28256217.5,2.42,-0.67,-0.05,0.92,7.412000000000001,7.483,7.291333333333333,7.077166666666667
2023-07-20,7.39,7.27,7.47,7.27,51388,37856504.0,2.71,-1.62,-0.12,1.24,7.359999999999999,7.45,7.308999999999999,7.0855
2023-07-21,7.24,7.18,7.29,7.16,40725,29394212.3,1.79,-1.24,-0.09,0.98,7.3199999999999985,7.414,7.327,7.095
2023-07-24,7.2,7.18,7.26,7.14,24840,17885123.0,1.67,0.0,0.0,0.6,7.291999999999999,7.388,7.346333333333334,7.1033333333333335
2023-07-25,7.29,7.51,7.52,7.24,80282,59557892.0,3.9,4.6,0.33,1.93,7.306,7.38,7.3726666666666665,7.120166666666666
2023-07-26,7.53,7.22,7.53,7.21,69778,51013454.4,4.26,-3.86,-0.29,1.68,7.272,7.3420000000000005,7.377,7.1303333333333345
2023-07-27,7.46,7.94,7.94,7.46,218433,170395589.09,6.65,9.97,0.72,5.25,7.406000000000001,7.383,7.400333333333333,7.151666666666667
2023-07-28,8.19,7.86,8.33,7.84,702479,563728851.81,6.17,-1.01,-0.08,16.9,7.542,7.431,7.421333333333334,7.169666666666666
2023-07-31,7.85,7.87,8.0,7.74,426258,334969864.15,3.31,0.13,0.01,10.25,7.68,7.486,7.444333333333334,7.1875
2023-08-01,7.8,7.69,7.9,7.61,307860,237012194.42,3.68,-2.29,-0.18,7.4,7.716000000000001,7.511,7.462000000000001,7.204666666666666
2023-08-02,7.66,7.79,7.8,7.55,243453,188028038.98,3.25,1.3,0.1,5.86,7.83,7.551,7.4816666666666665,7.222666666666667
2023-08-03,7.69,7.74,7.85,7.61,201080,156137230.17,3.08,-0.64,-0.05,4.84,7.790000000000001,7.598000000000001,7.499666666666667,7.241833333333333
2023-08-04,7.72,7.5,7.77,7.48,241849,182766666.72,3.75,-3.1,-0.24,5.82,7.718000000000001,7.63,7.5086666666666675,7.253833333333334
2023-08-07,7.45,7.16,7.45,7.15,203756,147658863.0,4.0,-4.53,-0.34,4.9,7.5760000000000005,7.628,7.506666666666667,7.258833333333333
2023-08-08,7.13,7.05,7.26,7.03,134341,95536435.91,3.21,-1.54,-0.11,3.23,7.448,7.581999999999999,7.497,7.263333333333334
2023-08-09,7.01,6.89,7.04,6.86,112139,77655883.0,2.55,-2.27,-0.16,2.7,7.268000000000001,7.5489999999999995,7.478666666666667,7.264166666666666
2023-08-10,6.88,6.9,6.93,6.85,66700,45951331.12,1.16,0.15,0.01,1.6,7.1,7.445,7.457666666666667,7.265166666666667
2023-08-11,6.91,6.8,6.93,6.78,71778,49123226.32,2.17,-1.45,-0.1,1.73,6.959999999999999,7.339,7.434333333333333,7.2615
2023-08-14,6.75,6.8,6.82,6.72,52307,35401642.04,1.47,0.0,0.0,1.26,6.888,7.231999999999999,7.411333333333333,7.257499999999999
2023-08-15,6.8,6.73,6.82,6.68,54772,36922505.0,2.06,-1.03,-0.07,1.32,6.824,7.136,7.381666666666666,7.2508333333333335
2023-08-16,6.73,6.64,6.73,6.63,49794,33176401.0,1.49,-1.34,-0.09,1.2,6.773999999999999,7.021000000000001,7.3516666666666675,7.243499999999999
2023-08-17,6.62,6.8,6.82,6.6,75042,50517125.88,3.31,2.41,0.16,1.8,6.754,6.927,7.325,7.239166666666666
2023-08-18,6.79,6.75,6.88,6.75,58807,40077115.98,1.91,-0.74,-0.05,1.41,6.744,6.851999999999999,7.298666666666666,7.234166666666667
2023-08-21,6.72,6.75,6.87,6.72,42288,28770446.6,2.22,0.0,0.0,1.02,6.734,6.811,7.275666666666666,7.229333333333333
2023-08-22,6.76,6.84,6.84,6.69,55720,37782963.0,2.22,1.33,0.09,1.34,6.756,6.790000000000001,7.250666666666666,7.224333333333334
2023-08-23,6.82,6.74,6.84,6.74,39195,26592698.34,1.46,-1.46,-0.1,0.94,6.776000000000001,6.775,7.2219999999999995,7.220166666666667
2023-08-24,6.74,6.77,6.81,6.65,52533,35416521.1,2.37,0.45,0.03,1.26,6.7700000000000005,6.7620000000000005,7.196666666666667,7.2156666666666665
2023-08-25,6.75,6.53,6.75,6.51,69882,46214037.4,3.55,-3.55,-0.24,1.68,6.726000000000001,6.735000000000001,7.168333333333334,7.208833333333333
2023-08-28,6.83,6.71,6.87,6.69,98473,66718904.64,2.76,2.76,0.18,2.37,6.718000000000001,6.725999999999999,7.148,7.2056666666666676
2023-08-29,6.68,6.9,6.91,6.67,69687,47735674.5,3.58,2.83,0.19,1.68,6.7299999999999995,6.743,7.13,7.204666666666666
2023-08-30,6.9,6.88,6.97,6.86,62854,43453381.74,1.59,-0.29,-0.02,1.51,6.758,6.767,7.1129999999999995,7.202166666666667
2023-08-31,6.85,6.81,6.88,6.78,36040,24563508.0,1.45,-1.02,-0.07,0.87,6.766,6.768000000000001,7.097666666666667,7.203333333333333
2023-09-01,6.81,6.89,6.91,6.76,41893,28711505.87,2.2,1.17,0.08,1.01,6.837999999999999,6.782000000000001,7.088,7.2075
2023-09-04,6.88,6.99,6.99,6.86,58979,41009558.0,1.89,1.45,0.1,1.42,6.894,6.806,7.081666666666666,7.2139999999999995
2023-09-05,7.3,7.18,7.49,7.11,333327,243386540.9,5.44,2.72,0.19,8.02,6.95,6.840000000000001,7.070666666666667,7.221666666666667
2023-09-06,7.1,7.02,7.17,6.98,183855,129118364.08,2.65,-2.23,-0.16,4.42,6.978,6.867999999999999,7.064000000000001,7.2204999999999995
2023-09-07,7.0,6.81,7.02,6.8,115765,79540767.9,3.13,-2.99,-0.21,2.78,6.978,6.872,7.026333333333334,7.213333333333334
2023-09-08,6.77,6.85,6.94,6.7,73335,50256836.52,3.52,0.59,0.04,1.76,6.969999999999999,6.903999999999999,6.992666666666667,7.207
2023-09-11,6.84,7.07,7.08,6.81,110564,77387565.6,3.94,3.21,0.22,2.66,6.986,6.94,6.965999999999999,7.205166666666667
2023-09-12,7.07,7.1,7.13,7.05,83778,59416139.8,1.13,0.42,0.03,2.02,6.970000000000001,6.959999999999999,6.946333333333333,7.204166666666667
2023-09-13,7.1,6.93,7.1,6.88,65946,45922687.2,3.1,-2.39,-0.17,1.59,6.952,6.964999999999999,6.917666666666666,7.199666666666666
2023-09-14,6.93,6.78,6.94,6.73,54099,36809857.0,3.03,-2.16,-0.15,1.3,6.946,6.961999999999999,6.885666666666666,7.192666666666667
2023-09-15,6.8,6.77,6.82,6.71,39679,26818950.0,1.62,-0.15,-0.01,0.95,6.93,6.95,6.8613333333333335,7.185
2023-09-18,6.76,7.07,7.11,6.74,132993,93336442.26,5.47,4.43,0.3,3.2,6.93,6.958,6.858333333333333,7.1825
2023-09-19,7.08,6.93,7.08,6.9,58223,40467167.0,2.55,-1.98,-0.14,1.4,6.895999999999999,6.933,6.854333333333334,7.175666666666666
2023-09-20,6.88,6.86,6.96,6.84,41211,28397747.0,1.73,-1.01,-0.07,0.99,6.882,6.917,6.8533333333333335,7.1659999999999995
2023-09-21,6.86,6.78,6.86,6.71,46012,31184016.2,2.19,-1.17,-0.08,1.11,6.882000000000001,6.914,6.849333333333333,7.1535
2023-09-22,7.01,6.93,7.1,6.74,123020,84837768.99,5.31,2.21,0.15,2.96,6.914,6.922,6.853666666666667,7.144
2023-09-25,6.93,6.96,7.02,6.86,101586,70643473.0,2.31,0.43,0.03,2.44,6.892,6.911,6.858999999999999,7.135166666666667
2023-09-26,6.96,6.93,6.99,6.85,53115,36807030.4,2.01,-0.43,-0.03,1.28,6.892,6.894,6.865666666666667,7.123666666666667
2023-09-27,6.9,6.85,6.95,6.83,58801,40427277.0,1.73,-1.15,-0.08,1.41,6.890000000000001,6.886,6.872666666666666,7.112166666666666
2023-09-28,6.86,7.0,7.08,6.86,81686,57211766.0,3.21,2.19,0.15,1.96,6.934,6.9079999999999995,6.879333333333333,7.102166666666666
2023-10-09,7.12,7.27,7.31,7.07,219880,158767006.3,3.43,3.86,0.27,5.29,7.002,6.958,6.8966666666666665,7.097666666666667
2023-10-10,7.27,7.4,7.53,7.19,252565,185848861.0,4.68,1.79,0.13,6.07,7.090000000000001,6.991,6.918333333333334,7.0969999999999995
2023-10-11,7.34,7.26,7.4,7.22,144947,105448330.0,2.43,-1.89,-0.14,3.49,7.156000000000001,7.023999999999999,6.932333333333333,7.0915
2023-10-12,7.31,7.99,7.99,7.22,307616,238070984.74,10.61,10.06,0.73,7.4,7.384,7.1370000000000005,6.974,7.098
2023-10-13,8.25,8.09,8.57,8.02,945628,779863926.52,6.88,1.25,0.1,22.74,7.601999999999999,7.268000000000001,7.018,7.107333333333333
2023-10-16,8.14,8.09,8.32,7.99,535365,435541735.7,4.08,0.0,0.0,12.88,7.766,7.383999999999999,7.069999999999999,7.1191666666666675
2023-10-17,8.0,7.76,8.0,7.65,427806,332636127.38,4.33,-4.08,-0.33,10.29,7.837999999999999,7.464,7.105,7.126499999999999
2023-10-18,7.69,8.15,8.17,7.6,576248,460775535.18,7.35,5.03,0.39,13.86,8.016,7.586000000000001,7.1466666666666665,7.138333333333333
2023-10-19,8.03,7.76,8.04,7.73,309641,242725335.72,3.8,-4.79,-0.39,7.45,7.970000000000001,7.677,7.176,7.1445
2023-10-20,7.69,7.74,7.98,7.5,241678,187561240.9,6.19,-0.26,-0.02,5.81,7.9,7.7509999999999994,7.207,7.152333333333333
2023-10-23,7.55,8.51,8.51,7.5,798554,673372576.65,13.05,9.95,0.77,19.21,7.984,7.875,7.260999999999999,7.1745
2023-10-24,8.3,8.29,8.69,8.18,757969,631289864.8,5.99,-2.59,-0.22,18.23,8.09,7.964,7.304333333333333,7.193
2023-10-25,8.2,8.29,8.45,8.09,500256,413923936.3,4.34,0.0,0.0,12.03,8.117999999999999,8.067,7.341333333333334,7.206
2023-10-26,8.31,8.61,8.8,8.27,721260,614981143.65,6.39,3.86,0.32,17.35,8.288,8.129,7.394333333333333,7.229166666666667
2023-10-27,8.33,8.36,8.48,8.21,399654,332411463.3,3.14,-2.9,-0.25,9.61,8.412,8.155999999999999,7.446,7.236166666666666
2023-10-30,8.2,8.25,8.27,7.88,327425,263674804.45,4.67,-1.32,-0.11,7.88,8.36,8.172,7.492666666666667,7.242666666666667
2023-10-31,8.16,8.34,8.46,8.02,313647,258428199.5,5.33,1.09,0.09,7.54,8.37,8.23,7.534999999999999,7.250500000000001
2023-11-01,8.24,8.47,8.88,8.13,458921,390417508.4,8.99,1.56,0.13,11.04,8.406,8.262,7.5806666666666676,7.2635
2023-11-02,8.5,8.15,8.53,8.08,312102,258871792.4,5.31,-3.78,-0.32,7.51,8.314,8.301,7.621333333333333,7.2695
2023-11-03,8.1,8.2,8.26,8.08,211353,172910364.9,2.21,0.61,0.05,5.08,8.282,8.347,7.668666666666667,7.277166666666667
2023-11-06,8.15,8.3,8.39,8.12,268202,221427578.2,3.29,1.22,0.1,6.45,8.292,8.326,7.719666666666666,7.2905
2023-11-07,8.29,8.37,8.45,8.22,284595,236813215.2,2.77,0.84,0.07,6.85,8.298,8.334,7.763,7.310666666666667
2023-11-08,8.34,8.11,8.35,8.02,336201,273244377.0,3.94,-3.11,-0.26,8.09,8.225999999999999,8.315999999999999,7.802333333333333,7.328333333333333
2023-11-09,8.05,7.81,8.06,7.77,292291,229001429.07,3.58,-3.7,-0.3,7.03,8.158,8.236,7.8340000000000005,7.343666666666667
2023-11-10,7.8,7.71,7.86,7.67,145812,112820837.5,2.43,-1.28,-0.1,3.51,8.059999999999999,8.171000000000001,7.864999999999999,7.357166666666667
2023-11-13,7.76,7.83,7.84,7.72,124502,97063614.5,1.56,1.56,0.12,2.99,7.965999999999999,8.129000000000001,7.895,7.374333333333333
2023-11-14,7.81,7.87,7.92,7.72,133900,104926354.53,2.55,0.51,0.04,3.22,7.866,8.081999999999999,7.925333333333333,7.392166666666667
2023-11-15,7.92,8.66,8.66,7.77,498646,413006510.0,11.31,10.04,0.79,11.99,7.975999999999999,8.100999999999999,7.9830000000000005,7.424333333333333
2023-11-16,8.9,9.15,9.53,8.7,1013561,922918301.17,9.58,5.66,0.49,24.38,8.244,8.200999999999999,8.059666666666667,7.466166666666667
2023-11-17,8.86,9.03,9.3,8.86,621724,563206132.17,4.81,-1.31,-0.12,14.95,8.508000000000001,8.284,8.127333333333333,7.503333333333333
2023-11-20,9.12,9.13,9.22,8.99,465085,424220231.6,2.55,1.11,0.1,11.19,8.767999999999999,8.366999999999999,8.189333333333334,7.543
2023-11-21,9.11,9.29,10.01,9.1,779954,742368775.3,9.97,1.75,0.16,18.76,9.052,8.459,8.252333333333333,7.585333333333334
2023-11-22,9.23,8.99,9.44,8.95,511925,468274976.95,5.27,-3.23,-0.3,12.31,9.117999999999999,8.547,8.31,7.621166666666666
2023-11-23,9.12,9.42,9.89,9.11,760557,732690333.97,8.68,4.78,0.43,18.29,9.172,8.708,8.357666666666667,7.665833333333334
2023-11-24,9.2,9.8,10.36,9.2,979986,986589577.53,12.31,4.03,0.38,23.57,9.325999999999999,8.917,8.414666666666667,7.716333333333333
2023-11-27,10.23,10.04,10.59,9.41,863303,858902006.38,12.04,2.45,0.24,20.76,9.508,9.138,8.479666666666667,7.7748333333333335
2023-11-28,9.61,9.73,9.87,9.13,538890,514336127.6,7.37,-3.09,-0.31,12.96,9.596,9.324000000000002,8.545333333333334,7.825166666666666
2023-11-29,9.75,9.4,10.02,9.23,424352,406406257.77,8.12,-3.39,-0.33,10.21,9.678,9.398,8.587,7.866833333333333
2023-11-30,9.32,9.07,9.36,8.85,407519,367825098.57,5.43,-3.51,-0.33,9.8,9.608,9.39,8.630666666666666,7.903333333333333
2023-12-01,8.99,9.0,9.06,8.74,270229,240783136.45,3.53,-0.77,-0.07,6.5,9.448,9.387,8.672666666666666,7.9398333333333335
2023-12-04,9.46,9.14,9.63,9.1,381979,354666525.7,5.89,1.56,0.14,9.19,9.268,9.388000000000002,8.693666666666667,7.977333333333333
2023-12-05,9.17,8.74,9.29,8.72,320474,285174219.52,6.24,-4.38,-0.4,7.71,9.07,9.333,8.708666666666666,8.006499999999999
2023-12-06,8.71,8.55,8.82,8.51,289336,249426439.08,3.55,-2.17,-0.19,6.96,8.9,9.289,8.717333333333332,8.029333333333334
2023-12-07,8.5,8.35,8.55,8.3,202990,170018003.2,2.92,-2.34,-0.2,4.88,8.756,9.182,8.708666666666666,8.0515
2023-12-08,8.34,8.13,8.38,8.11,175022,143533549.3,3.23,-2.63,-0.22,4.21,8.582,9.015,8.700999999999999,8.073500000000001
2023-12-11,8.09,8.23,8.24,8.06,171932,140318234.6,2.21,1.23,0.1,4.14,8.4,8.834,8.700333333333333,8.096499999999999
2023-12-12,8.23,8.45,8.57,8.16,290552,243974831.65,4.98,2.67,0.22,6.99,8.342,8.706,8.704,8.1195
2023-12-13,8.46,8.36,8.51,8.33,167095,140278235.8,2.13,-1.07,-0.09,4.02,8.304,8.602,8.700333333333333,8.1405
2023-12-14,8.36,8.18,8.4,8.18,142952,117829026.8,2.63,-2.15,-0.18,3.44,8.27,8.513,8.701333333333334,8.161333333333333
2023-12-15,8.18,8.02,8.23,7.99,153576,123720881.23,2.93,-1.96,-0.16,3.69,8.248,8.415,8.695333333333334,8.182
2023-12-18,8.03,7.88,8.04,7.84,117011,92607990.0,2.49,-1.75,-0.14,2.81,8.178,8.289,8.681333333333333,8.2005
2023-12-19,7.88,7.87,7.9,7.75,90401,70833353.0,1.9,-0.13,-0.01,2.17,8.062,8.202,8.664666666666667,8.213833333333334
2023-12-20,7.91,7.82,7.97,7.81,83342,65739735.18,2.03,-0.64,-0.05,2.0,7.953999999999999,8.129000000000001,8.655,8.228666666666667
2023-12-21,7.79,8.01,8.04,7.68,131151,103245321.5,4.6,2.43,0.19,3.15,7.919999999999999,8.094999999999999,8.661666666666665,8.247833333333334
2023-12-22,8.01,7.93,8.06,7.88,104631,83253300.3,2.25,-1.0,-0.08,2.52,7.902000000000001,8.075,8.669,8.267
2023-12-25,7.9,7.98,7.99,7.84,84482,67020792.0,1.89,0.63,0.05,2.03,7.922,8.05,8.674,8.2845
2023-12-26,7.98,7.8,7.98,7.8,72480,56907428.5,2.26,-2.26,-0.18,1.74,7.9079999999999995,7.984999999999999,8.671666666666665,8.298499999999999
2023-12-27,7.85,7.88,7.93,7.75,72811,57111342.4,2.31,1.03,0.08,1.75,7.92,7.936999999999999,8.645666666666667,8.314333333333332
2023-12-28,7.82,8.0,8.02,7.7,112971,89325066.4,4.06,1.52,0.12,2.72,7.918000000000001,7.919,8.607333333333333,8.333499999999999
2023-12-29,7.98,8.17,8.2,7.94,138915,112800387.0,3.25,2.13,0.17,3.34,7.965999999999999,7.934,8.578666666666667,8.353
2024-01-02,8.17,8.1,8.23,8.08,79490,64708056.4,1.84,-0.86,-0.07,1.91,7.99,7.956,8.544333333333332,8.366833333333334
2024-01-03,8.09,7.96,8.1,7.93,85008,67916543.95,2.1,-1.73,-0.14,2.04,8.022,7.965000000000001,8.5,8.376166666666666
2024-01-04,7.95,7.95,7.98,7.86,52679,41782651.55,1.51,-0.13,-0.01,1.27,8.036,7.978,8.465333333333332,8.387666666666666
2024-01-05,7.91,7.73,7.99,7.68,76261,59612548.0,3.9,-2.77,-0.22,1.83,7.981999999999999,7.95,8.409,8.383333333333333
2024-01-08,7.76,7.49,7.76,7.49,69434,52650502.0,3.49,-3.1,-0.24,1.67,7.845999999999999,7.906000000000001,8.331999999999999,8.373333333333333
2024-01-09,7.53,7.67,7.75,7.53,77209,59246153.0,2.94,2.4,0.18,1.86,7.76,7.875,8.253,8.366333333333333
2024-01-10,7.66,7.49,7.66,7.45,54085,40773762.0,2.74,-2.35,-0.18,1.3,7.6659999999999995,7.843999999999999,8.178333333333335,8.361833333333333
2024-01-11,7.5,7.73,7.74,7.46,68884,52722579.0,3.74,3.2,0.24,1.66,7.622,7.829000000000001,8.122666666666667,8.354833333333334
2024-01-12,7.73,7.64,7.79,7.62,46171,35652859.67,2.2,-1.16,-0.09,1.11,7.604000000000001,7.793000000000001,8.075,8.352833333333333
2024-01-15,7.65,7.61,7.73,7.55,44348,33812477.0,2.36,-0.39,-0.03,1.07,7.628,7.737,8.028666666666668,8.350666666666667
2024-01-16,7.57,7.69,7.83,7.54,100349,76974205.7,3.81,1.05,0.08,2.41,7.632000000000001,7.696000000000001,7.980333333333333,8.337
2024-01-17,7.64,7.41,7.69,7.41,76983,58097036.0,3.64,-3.64,-0.28,1.85,7.616,7.641,7.935999999999999,8.322333333333335
2024-01-18,7.34,7.39,7.42,7.17,85093,62006463.0,3.37,-0.27,-0.02,2.05,7.548,7.584999999999999,7.897333333333334,8.307333333333334
2024-01-19,7.34,7.17,7.41,7.17,52181,37955978.2,3.25,-2.98,-0.22,1.26,7.454000000000001,7.529000000000001,7.8580000000000005,8.283333333333333
2024-01-22,7.22,6.8,7.26,6.75,93445,65183451.0,7.11,-5.16,-0.37,2.25,7.292,7.459999999999999,7.813666666666666,8.257333333333333
2024-01-23,6.8,6.81,6.89,6.69,60511,41064851.0,2.94,0.15,0.01,1.46,7.116,7.374,7.766333333333334,8.233333333333333
2024-01-24,6.8,6.86,6.99,6.61,67524,45995854.0,5.58,0.73,0.05,1.62,7.006,7.311,7.713333333333334,8.208666666666666
2024-01-25,6.85,7.06,7.08,6.77,81070,56457444.4,4.52,2.92,0.2,1.95,6.94,7.244,7.67,8.185166666666667
2024-01-26,7.04,7.02,7.16,7.0,61321,43382776.0,2.27,-0.57,-0.04,1.47,6.909999999999999,7.1819999999999995,7.631333333333333,8.166333333333332
2024-01-29,7.08,6.76,7.08,6.73,72137,49283224.0,4.99,-3.7,-0.26,1.74,6.901999999999999,7.0969999999999995,7.589333333333333,8.142333333333333
2024-01-30,6.74,6.59,6.84,6.56,50538,33810908.0,4.14,-2.51,-0.17,1.22,6.858,6.987,7.546333333333334,8.113833333333334
2024-01-31,6.58,6.24,6.63,6.2,73959,47117861.0,6.53,-5.31,-0.35,1.78,6.734,6.869999999999999,7.492,8.078333333333333
2024-02-01,6.22,6.13,6.31,6.06,71416,44071122.0,4.01,-1.76,-0.11,1.72,6.548,6.744,7.435666666666667,8.045333333333334
2024-02-02,6.34,5.77,6.34,5.58,105593,62327687.2,12.4,-5.87,-0.36,2.54,6.298,6.604000000000001,7.361,8.011333333333333
2024-02-05,5.72,5.19,5.75,5.19,120947,64069872.0,9.71,-10.05,-0.58,2.91,5.984,6.443,7.269666666666666,7.969333333333333
2024-02-06,5.04,5.21,5.43,4.69,137716,69252897.0,14.26,0.39,0.02,3.31,5.708,6.2829999999999995,7.177333333333333,7.925666666666667
2024-02-07,5.22,5.07,5.31,4.85,155742,79606983.57,8.83,-2.69,-0.14,3.75,5.474,6.104,7.086333333333333,7.8790000000000004
2024-02-08,5.1,5.53,5.54,4.95,164275,86036036.17,11.64,9.07,0.46,3.95,5.354000000000001,5.951,7.007999999999999,7.826833333333334
2024-02-19,5.55,5.66,5.75,5.54,125238,70655156.75,3.8,2.35,0.13,3.01,5.332000000000001,5.8149999999999995,6.929999999999999,7.768666666666666
2024-02-20,5.6,5.7,5.72,5.51,73278,41388154.0,3.71,0.71,0.04,1.76,5.434,5.709,6.847666666666667,7.713166666666667
2024-02-21,5.68,5.82,6.01,5.58,133252,78582759.6,7.54,2.11,0.12,3.21,5.556,5.632,6.7716666666666665,7.658
2024-02-22,5.8,5.98,6.0,5.75,94142,55631757.3,4.3,2.75,0.16,2.26,5.738,5.606,6.705666666666667,7.602833333333334
2024-02-23,6.0,6.2,6.22,5.95,114236,69516415.5,4.52,3.68,0.22,2.75,5.872000000000001,5.6129999999999995,6.647333333333334,7.556333333333333
2024-02-26,6.28,6.29,6.45,6.18,158293,99947212.75,4.35,1.45,0.09,3.81,5.998,5.665000000000001,6.599333333333333,7.504166666666666
2024-02-27,6.28,6.58,6.6,6.23,153554,99833225.1,5.88,4.61,0.29,3.69,6.174,5.804,6.569000000000001,7.450500000000001
2024-02-28,6.59,5.96,6.72,5.96,216941,137937298.5,11.55,-9.42,-0.62,5.22,6.202,5.8790000000000004,6.512,7.382499999999999
2024-02-29,5.88,6.24,6.31,5.85,126561,77848300.0,7.72,4.7,0.28,3.04,6.254,5.996,6.470333333333333,7.324333333333333
2024-03-01,6.22,6.36,6.4,6.22,96873,61193051.0,2.88,1.92,0.12,2.33,6.286,6.079000000000001,6.424666666666667,7.273666666666667
2024-03-04,6.42,6.31,6.42,6.15,89764,56287637.0,4.25,-0.79,-0.05,2.16,6.290000000000001,6.144,6.3803333333333345,7.227666666666667
2024-03-05,6.29,6.21,6.38,6.1,98451,61172662.5,4.44,-1.58,-0.1,2.37,6.215999999999999,6.195,6.333666666666667,7.181166666666667
2024-03-06,6.16,6.25,6.31,6.16,78131,48757932.0,2.42,0.64,0.04,1.88,6.273999999999999,6.238,6.285666666666667,7.133
2024-03-07,6.3,6.4,6.44,6.27,140394,89456394.0,2.72,2.4,0.15,3.38,6.306,6.279999999999999,6.252,7.094
2024-03-08,6.45,6.28,6.48,6.2,102042,64355310.84,4.38,-1.88,-0.12,2.45,6.290000000000001,6.287999999999999,6.215,7.056166666666667
2024-03-11,6.27,6.54,6.91,6.24,216856,142069421.0,10.67,4.14,0.26,5.22,6.336,6.313,6.194,7.026
2024-03-12,6.57,6.87,6.87,6.5,244653,163824512.0,5.66,5.05,0.33,5.88,6.468000000000001,6.3420000000000005,6.196333333333333,7.005
2024-03-13,6.8,6.72,6.9,6.66,199135,134613806.93,3.49,-2.18,-0.15,4.79,6.562,6.417999999999999,6.1933333333333325,6.979833333333334
2024-03-14,6.72,6.68,6.88,6.59,143370,96429908.9,4.32,-0.6,-0.04,3.45,6.617999999999999,6.462000000000001,6.187333333333333,6.950333333333333
2024-03-15,6.72,7.35,7.35,6.7,453718,326418988.66,9.73,10.03,0.67,10.91,6.831999999999999,6.561,6.197,6.9335
2024-03-18,7.46,7.42,7.84,7.39,629071,472286301.1,6.12,0.95,0.07,15.13,7.008,6.672,6.210333333333334,6.920833333333333
2024-03-19,7.43,7.2,7.46,7.2,299487,217255363.31,3.5,-2.96,-0.22,7.2,7.074000000000001,6.771000000000001,6.225,6.907166666666666
2024-03-20,7.18,7.36,7.44,7.17,241244,176185833.8,3.75,2.22,0.16,5.8,7.202,6.882000000000001,6.250666666666667,6.898499999999999
2024-03-21,7.32,7.28,7.33,7.13,196293,142215062.4,2.72,-1.09,-0.08,4.72,7.322,6.970000000000001,6.285333333333333,6.8886666666666665
2024-03-22,7.3,7.07,7.3,7.07,151785,108144072.6,3.16,-2.88,-0.21,3.65,7.266,7.049000000000001,6.316666666666666,6.876166666666666
2024-03-25,7.0,6.79,7.09,6.79,138544,96186294.0,4.24,-3.96,-0.28,3.33,7.140000000000001,7.074000000000001,6.350666666666667,6.855833333333334
2024-03-26,6.78,7.31,7.4,6.78,312393,223251877.7,9.13,7.66,0.52,7.51,7.162000000000001,7.117999999999999,6.421333333333334,6.8454999999999995
2024-03-27,7.24,7.26,7.56,6.97,396002,289422218.18,8.07,-0.68,-0.05,9.52,7.142,7.172,6.4896666666666665,6.833500000000001
2024-03-28,7.36,7.67,7.67,7.36,473794,356607415.72,4.27,5.65,0.41,11.4,7.220000000000001,7.271000000000001,6.576333333333334,6.831333333333333
2024-03-29,7.5,7.52,7.58,7.37,256291,190985099.24,2.74,-1.96,-0.15,6.16,7.31,7.287999999999999,6.642666666666667,6.825333333333334
2024-04-01,7.51,7.51,7.52,7.37,179812,134067775.0,1.99,-0.13,-0.01,4.32,7.453999999999999,7.297,6.704333333333334,6.817166666666667
2024-04-02,7.52,7.37,7.6,7.3,142974,105660671.0,3.99,-1.86,-0.14,3.44,7.465999999999999,7.314,6.76,6.803833333333333
2024-04-03,7.28,7.09,7.31,7.02,136503,97241569.31,3.93,-3.8,-0.28,3.28,7.4319999999999995,7.286999999999999,6.802333333333333,6.787
2024-04-08,7.07,6.9,7.18,6.9,117336,82778615.0,3.95,-2.68,-0.19,2.82,7.2780000000000005,7.2490000000000006,6.833,6.769333333333334
2024-04-09,6.9,7.0,7.1,6.9,70457,49155018.7,2.9,1.45,0.1,1.69,7.174000000000001,7.242,6.859666666666667,6.753500000000001
2024-04-10,7.0,6.62,7.02,6.53,154319,103524540.0,7.0,-5.43,-0.38,3.71,6.996,7.225,6.870666666666667,6.735
2024-04-11,6.58,6.59,6.76,6.46,79157,52612389.3,4.53,-0.45,-0.03,1.9,6.840000000000001,7.1530000000000005,6.8709999999999996,6.72
2024-04-12,6.69,6.91,7.25,6.69,298605,212805433.8,8.5,4.86,0.32,7.18,6.803999999999999,7.118,6.902666666666667,6.7073333333333345
2024-04-15,6.88,6.38,6.9,6.22,236129,154505044.0,9.84,-7.67,-0.53,5.68,6.7,6.989,6.907333333333333,6.688833333333334
2024-04-16,6.2,5.74,6.28,5.74,150360,88296058.0,8.46,-10.03,-0.64,3.62,6.448,6.811,6.886666666666667,6.655666666666666
2024-04-17,5.88,6.22,6.23,5.88,132589,81104370.0,6.1,8.36,0.48,3.19,6.368,6.6819999999999995,6.883666666666667,6.632000000000001
2024-04-18,6.19,6.17,6.37,6.13,100486,62730308.0,3.86,-0.8,-0.05,2.42,6.284000000000001,6.562,6.882333333333333,6.6080000000000005
2024-04-19,6.09,6.08,6.22,6.03,76270,46573419.0,3.08,-1.46,-0.09,1.83,6.118,6.461,6.876666666666667,6.581166666666666
2024-04-22,6.04,5.97,6.1,5.88,63279,37940458.0,3.62,-1.81,-0.11,1.52,6.036,6.368,6.862333333333334,6.5571666666666655
2024-04-23,6.06,6.05,6.11,6.0,52952,32066051.0,1.84,1.34,0.08,1.27,6.098,6.273,6.854666666666666,6.534833333333333
2024-04-24,6.1,6.3,6.37,6.08,108475,67679841.0,4.79,4.13,0.25,2.61,6.114,6.241,6.846666666666667,6.520333333333332
2024-04-25,6.6,6.38,6.75,6.35,119153,76976684.0,6.35,1.27,0.08,2.87,6.156,6.22,6.830333333333333,6.513333333333334
2024-04-26,6.41,6.44,6.46,6.3,99170,63523581.0,2.51,0.94,0.06,2.39,6.228,6.173,6.821,6.5071666666666665
2024-04-29,6.4,6.75,6.79,6.37,148766,99052715.9,6.52,4.81,0.31,3.58,6.384,6.209999999999999,6.823333333333333,6.505333333333334
2024-04-30,6.75,6.77,6.88,6.64,105015,70954199.0,3.56,0.3,0.02,2.53,6.5280000000000005,6.313000000000001,6.804,6.5005
2024-05-06,6.85,6.86,6.91,6.79,81190,55668166.9,1.77,1.33,0.09,1.95,6.640000000000001,6.377,6.785333333333333,6.497833333333333
2024-05-07,6.86,6.84,6.89,6.76,62477,42650255.9,1.9,-0.29,-0.02,1.5,6.731999999999999,6.444,6.7733333333333325,6.499166666666667
2024-05-08,6.84,6.71,6.85,6.7,64594,43576060.6,2.19,-1.9,-0.13,1.55,6.786,6.507000000000001,6.751666666666666,6.501166666666666
2024-05-09,6.71,6.76,6.82,6.69,53299,36136110.0,1.94,0.75,0.05,1.28,6.787999999999999,6.586,6.734333333333333,6.509833333333333
2024-05-10,6.76,6.69,6.85,6.68,57908,39030734.0,2.51,-1.04,-0.07,1.39,6.772,6.65,6.721666666666666,6.519166666666666
2024-05-13,6.61,6.54,6.65,6.5,56872,37309347.82,2.24,-2.24,-0.15,1.37,6.708,6.674000000000001,6.713333333333334,6.532
2024-05-14,6.59,6.85,6.85,6.57,97523,65763313.2,4.28,4.74,0.31,2.35,6.709999999999999,6.720999999999999,6.6979999999999995,6.559666666666667
2024-05-15,6.83,6.65,6.83,6.62,75829,50971474.0,3.07,-2.92,-0.2,1.82,6.698,6.742,6.677666666666667,6.583666666666667
2024-05-16,6.66,6.68,6.78,6.63,60295,40355024.0,2.26,0.45,0.03,1.45,6.682,6.735000000000001,6.644666666666667,6.6105
2024-05-17,6.65,6.72,6.73,6.61,56687,37856416.0,1.8,0.6,0.04,1.36,6.688,6.7299999999999995,6.618,6.630333333333334
2024-05-20,6.73,6.68,6.77,6.66,53087,35608006.5,1.64,-0.6,-0.04,1.28,6.715999999999999,6.712000000000001,6.590333333333333,6.647333333333333
2024-05-21,6.69,6.57,6.69,6.52,55601,36520989.0,2.54,-1.65,-0.11,1.34,6.659999999999999,6.685,6.563666666666667,6.661833333333333
2024-05-22,6.58,6.7,6.71,6.56,64465,42936871.0,2.28,1.98,0.13,1.55,6.67,6.684,6.550666666666667,6.6765
2024-05-23,6.67,6.43,6.67,6.39,91546,59454641.52,4.18,-4.03,-0.27,2.2,6.62,6.650999999999999,6.535,6.683999999999999
2024-05-24,6.41,6.39,6.52,6.37,43526,28044791.0,2.33,-0.62,-0.04,1.05,6.554,6.6209999999999996,6.514666666666667,6.687166666666667
2024-05-27,6.4,6.42,6.42,6.26,41621,26391185.0,2.5,0.47,0.03,1.0,6.502000000000001,6.609,6.508,6.689333333333333
2024-05-28,6.4,6.31,6.41,6.31,38516,24455237.0,1.56,-1.71,-0.11,0.93,6.45,6.555,6.498666666666667,6.684833333333333
2024-05-29,6.31,6.43,6.48,6.31,48699,31191871.0,2.69,1.9,0.12,1.17,6.395999999999999,6.5329999999999995,6.482666666666666,6.692666666666667
2024-05-30,6.44,6.4,6.53,6.36,44903,29027989.0,2.64,-0.47,-0.03,1.08,6.39,6.505,6.483333333333333,6.695333333333334
2024-05-31,6.41,6.48,6.51,6.4,39027,25274217.4,1.72,1.25,0.08,0.94,6.4079999999999995,6.481,6.507999999999999,6.697333333333333
2024-06-03,6.48,6.35,6.53,6.29,49550,31713280.66,3.7,-2.01,-0.13,1.19,6.394,6.448,6.512333333333333,6.6979999999999995
2024-06-04,6.33,6.22,6.35,6.12,50071,31023906.52,3.62,-2.05,-0.13,1.2,6.376,6.412999999999999,6.514,6.698166666666666
2024-06-05,6.21,6.05,6.21,6.05,50350,30824341.8,2.57,-2.73,-0.17,1.21,6.3,6.348,6.513,6.694833333333333
2024-06-06,6.05,5.75,6.1,5.68,89676,52248452.1,6.94,-4.96,-0.3,2.16,6.17,6.279999999999999,6.5056666666666665,6.683999999999999
2024-06-07,5.85,5.94,5.97,5.81,69781,41140378.71,2.78,3.3,0.19,1.68,6.061999999999999,6.234999999999999,6.502,6.678333333333333
2024-06-11,5.93,5.92,5.94,5.77,41027,24048873.1,2.86,-0.34,-0.02,0.99,5.976000000000001,6.185,6.489333333333334,6.668
2024-06-12,5.92,5.99,6.01,5.88,33428,19966011.4,2.2,1.18,0.07,0.8,5.930000000000001,6.1530000000000005,6.476333333333334,6.653333333333333
2024-06-13,5.96,5.89,6.03,5.88,38008,22614311.2,2.5,-1.67,-0.1,0.91,5.898000000000001,6.099,6.458,6.6395
2024-06-14,5.89,5.95,5.97,5.82,39788,23535013.0,2.55,1.02,0.06,0.96,5.938000000000001,6.054,6.431333333333333,6.6273333333333335
2024-06-17,5.9,5.92,6.0,5.9,33740,20056764.0,1.68,-0.5,-0.03,0.81,5.934,5.997999999999999,6.4030000000000005,6.6034999999999995
2024-06-18,5.94,6.16,6.18,5.9,64824,39354040.2,4.73,4.05,0.24,1.56,5.981999999999999,5.979,6.379666666666667,6.5825
2024-06-19,6.16,6.09,6.18,6.08,44848,27520639.0,1.62,-1.14,-0.07,1.08,6.002,5.965999999999999,6.354666666666668,6.564000000000001
2024-06-20,6.08,5.87,6.09,5.87,37648,22416416.0,3.61,-3.61,-0.22,0.91,5.997999999999999,5.948,6.326666666666667,6.5391666666666675
2024-06-21,5.86,5.92,5.96,5.81,30062,17718449.0,2.56,0.85,0.05,0.72,5.992,5.965,6.298666666666667,6.5165
2024-06-24,5.9,5.73,5.9,5.6,50555,28842181.0,5.07,-3.21,-0.19,1.22,5.954,5.944,6.266666666666666,6.494166666666667
2024-06-25,5.72,5.9,6.08,5.66,90765,53526140.34,7.33,2.97,0.17,2.18,5.901999999999999,5.942,6.245333333333333,6.479333333333333
2024-06-26,5.9,6.15,6.16,5.81,87568,52570941.1,5.93,4.24,0.25,2.11,5.914000000000001,5.958,6.2219999999999995,6.46
