日期,开盘,收盘,最高,最低,成交量,成交额,振幅,涨跌幅,涨跌额,换手率
2021-01-04,8.79,8.66,8.91,8.63,98440,87732262.0,3.23,-0.23,-0.02,2.45
2021-01-05,8.66,8.51,8.71,8.43,83202,72547852.0,3.23,-1.73,-0.15,2.07
2021-01-06,8.49,8.15,8.51,8.0,120704,100896831.0,5.99,-4.23,-0.36,3.01
2021-01-07,8.15,7.75,8.21,7.62,149828,120136920.0,7.24,-4.91,-0.4,3.73
2021-01-08,7.72,7.85,8.05,7.42,110524,88614982.0,8.13,1.29,0.1,2.75
2021-01-11,7.82,7.75,7.96,7.53,84226,66647531.0,5.48,-1.27,-0.1,2.1
2021-01-12,7.57,7.69,7.9,7.51,70941,56103314.0,5.03,-0.77,-0.06,1.77
2021-01-13,7.72,7.65,7.89,7.47,78352,61309755.0,5.46,-0.52,-0.04,1.95
2021-01-14,7.63,7.87,7.88,7.49,68035,53803531.0,5.1,2.88,0.22,1.69
2021-01-15,7.83,8.09,8.16,7.79,80956,66413010.0,4.7,2.8,0.22,2.02
2021-01-18,8.05,8.09,8.21,7.98,55582,46077599.0,2.84,0.0,0.0,1.38
2021-01-19,8.05,8.27,8.41,8.05,87974,74451079.0,4.45,2.22,0.18,2.19
2021-01-20,8.25,8.17,8.34,8.14,47548,39891964.0,2.42,-1.21,-0.1,1.18
2021-01-21,8.22,8.26,8.35,8.07,54250,45732240.0,3.43,1.1,0.09,1.35
2021-01-22,8.26,7.99,8.31,7.99,62788,51686075.0,3.87,-3.27,-0.27,1.56
2021-01-25,8.03,7.61,8.03,7.55,78187,61432373.0,6.01,-4.76,-0.38,1.95
2021-01-26,7.59,7.61,7.86,7.54,65598,51735003.0,4.2,0.0,0.0,1.63
2021-01-27,7.91,8.02,8.63,7.91,146418,122557184.0,9.46,5.39,0.41,3.65
2021-01-28,7.81,7.85,8.18,7.8,96304,78339033.0,4.74,-2.12,-0.17,2.4
2021-01-29,7.8,7.72,7.92,7.62,66885,52901821.0,3.82,-1.66,-0.13,1.67
2021-02-01,7.76,8.16,8.18,7.67,90631,74290193.0,6.61,5.7,0.44,2.26
2021-02-02,8.11,7.95,8.15,7.86,70457,57552656.0,3.55,-2.57,-0.21,1.76
2021-02-03,7.89,7.61,7.94,7.61,65999,52260395.0,4.15,-4.28,-0.34,1.64
2021-02-04,7.66,7.36,7.66,7.2,67238,50902254.0,6.04,-3.29,-0.25,1.68
2021-02-05,7.36,7.31,7.66,7.27,56929,43560312.0,5.3,-0.68,-0.05,1.42
2021-02-08,7.36,7.2,7.36,7.16,47612,35466037.0,2.74,-1.5,-0.11,1.19
2021-02-09,7.27,7.36,7.4,7.17,47747,35754710.0,3.19,2.22,0.16,1.19
2021-02-10,7.37,7.42,7.5,7.31,46086,34925375.0,2.58,0.82,0.06,1.15
2021-02-18,7.57,7.71,7.76,7.56,60016,47252274.0,2.7,3.91,0.29,1.5
2021-02-19,7.65,8.22,8.22,7.63,97938,80113156.0,7.65,6.61,0.51,2.44
2021-02-22,8.16,8.24,8.46,8.12,128265,109124230.0,4.14,0.24,0.02,3.2
2021-02-23,8.13,8.11,8.31,7.98,74823,62155654.0,4.0,-1.58,-0.13,1.86
2021-02-24,8.08,8.18,8.32,8.05,77886,65326954.0,3.33,0.86,0.07,1.94
2021-02-25,8.19,8.05,8.26,8.0,51873,42786521.0,3.18,-1.59,-0.13,1.29
2021-02-26,7.92,8.09,8.19,7.91,55758,46167594.0,3.48,0.5,0.04,1.39
2021-03-01,8.28,8.28,8.37,8.17,72928,61638544.0,2.47,2.35,0.19,1.82
2021-03-02,8.33,8.59,8.59,8.1,151992,130472936.0,5.92,3.74,0.31,3.79
2021-03-03,8.59,8.66,8.89,8.51,155308,137397125.0,4.42,0.81,0.07,3.87
2021-03-04,8.59,8.4,8.81,8.4,114122,100185883.0,4.73,-3.0,-0.26,2.84
2021-03-05,8.39,8.52,8.69,8.39,82666,72212425.0,3.57,1.43,0.12,2.06
2021-03-08,8.58,8.38,8.71,8.38,76129,66468048.0,3.87,-1.64,-0.14,1.9
2021-03-09,8.42,8.07,8.46,7.81,81250,67616424.0,7.76,-3.7,-0.31,2.02
2021-03-10,8.17,7.84,8.22,7.82,68092,55320702.0,4.96,-2.85,-0.23,1.7
2021-03-11,7.84,8.01,8.04,7.74,52291,42442485.0,3.83,2.17,0.17,1.3
2021-03-12,8.04,7.99,8.08,7.84,56987,46469904.0,3.0,-0.25,-0.02,1.42
2021-03-15,7.99,7.94,8.03,7.86,36269,29436074.0,2.13,-0.63,-0.05,0.9
2021-03-16,7.96,8.2,8.22,7.91,63908,52870527.0,3.9,3.27,0.26,1.59
2021-03-17,8.19,8.32,8.36,8.12,69096,58364411.0,2.93,1.46,0.12,1.72
2021-03-18,8.29,8.19,8.33,8.16,47944,40374164.0,2.04,-1.56,-0.13,1.19
2021-03-19,8.14,8.23,8.29,8.06,42666,35760559.0,2.81,0.49,0.04,1.06
2021-03-22,8.21,8.35,8.35,8.14,44791,37834072.0,2.55,1.46,0.12,1.12
2021-03-23,8.33,8.49,8.59,8.22,98556,84888269.0,4.43,1.68,0.14,2.46
2021-03-24,8.4,8.31,8.53,8.29,61098,52360559.0,2.83,-2.12,-0.18,1.52
2021-03-25,8.33,8.95,9.31,8.33,247853,224760094.0,11.79,7.7,0.64,6.17
2021-03-26,8.9,8.98,9.07,8.83,149191,136303619.0,2.68,0.34,0.03,3.72
2021-03-29,8.93,8.88,9.14,8.86,106814,97794126.0,3.12,-1.11,-0.1,2.66
2021-03-30,8.86,8.6,8.9,8.55,87490,77410306.0,3.94,-3.15,-0.28,2.18
2021-03-31,8.58,8.79,8.83,8.52,77797,69370956.0,3.6,2.21,0.19,1.94
2021-04-01,8.71,8.67,8.74,8.51,72218,63629284.0,2.62,-1.37,-0.12,1.8
2021-04-02,8.64,8.9,9.06,8.62,97783,89116876.0,5.07,2.65,0.23,2.44
2021-04-06,8.88,9.18,9.19,8.88,110253,101873200.0,3.48,3.15,0.28,2.75
2021-04-07,9.09,8.99,9.1,8.92,65303,59930884.0,1.96,-2.07,-0.19,1.63
2021-04-08,8.93,8.66,9.01,8.66,76598,69111538.0,3.89,-3.67,-0.33,1.91
2021-04-09,8.7,8.78,8.83,8.63,35930,32030348.0,2.31,1.39,0.12,0.9
2021-04-12,8.07,7.64,8.09,7.55,173245,137932957.0,6.15,-12.98,-1.14,4.32
2021-04-13,7.6,7.58,7.76,7.56,70585,55314720.0,2.62,-0.79,-0.06,1.76
2021-04-14,7.62,7.64,7.69,7.47,39803,30995135.0,2.9,0.79,0.06,0.99
2021-04-15,7.63,7.58,7.8,7.49,49082,38462656.0,4.06,-0.79,-0.06,1.22
2021-04-16,7.61,8.89,9.09,7.58,277513,241495470.0,19.92,17.28,1.31,6.91
2021-04-19,9.09,9.61,9.91,8.82,357344,345525888.0,12.26,8.1,0.72,8.9
2021-04-20,9.42,9.65,9.79,9.42,267367,262319022.0,3.85,0.42,0.04,6.66
2021-04-21,9.8,10.15,10.59,9.61,346153,358145216.0,10.16,5.18,0.5,8.62
2021-04-22,10.31,10.18,10.39,9.84,300627,309930544.0,5.42,0.3,0.03,7.49
2021-04-23,10.14,10.01,10.32,9.8,234754,240816964.0,5.11,-1.67,-0.17,5.85
2021-04-26,10.2,9.82,10.31,9.76,186733,189491781.0,5.49,-1.9,-0.19,4.65
2021-04-27,9.93,9.62,10.0,9.36,228631,223755604.0,6.52,-2.04,-0.2,5.7
2021-04-28,9.61,9.34,9.7,9.34,130905,126411354.0,3.74,-2.91,-0.28,3.26
2021-04-29,9.28,9.26,9.64,9.22,87102,83189558.0,4.5,-0.86,-0.08,2.17
2021-04-30,9.24,9.16,9.36,9.06,82986,77690262.0,3.24,-1.08,-0.1,2.07
2021-05-06,9.29,8.93,9.48,8.93,103066,95686000.0,6.0,-2.51,-0.23,2.57
2021-05-07,8.99,8.97,9.27,8.86,158661,146387660.0,4.59,0.45,0.04,3.95
2021-05-10,9.08,10.74,10.75,9.08,369965,375213664.0,18.62,19.73,1.77,9.22
2021-05-11,10.69,10.41,11.21,10.13,368534,398070464.0,10.06,-3.07,-0.33,9.18
2021-05-12,10.18,10.21,10.41,9.86,215597,223005526.0,5.28,-1.92,-0.2,5.37
2021-05-13,10.25,10.36,11.07,10.17,275476,297039584.0,8.81,1.47,0.15,6.86
2021-05-14,10.23,10.16,10.51,9.91,199967,207065015.0,5.79,-1.93,-0.2,4.98
2021-05-17,10.16,9.99,10.2,9.81,129078,131236415.0,3.84,-1.67,-0.17,3.22
2021-05-18,10.0,10.23,10.5,9.89,167854,174786001.0,6.11,2.4,0.24,4.18
2021-05-19,10.2,9.52,10.2,9.51,197804,196920333.0,6.74,-6.94,-0.71,4.93
2021-05-20,9.41,9.61,9.78,9.37,120935,118681329.0,4.31,0.95,0.09,3.01
2021-05-21,9.61,9.71,10.08,9.61,144538,145177970.0,4.89,1.04,0.1,3.6
2021-05-24,9.46,9.76,9.87,9.44,101076,99561025.0,4.43,0.51,0.05,2.52
2021-05-25,9.73,9.85,9.96,9.48,120311,119426114.0,4.92,0.92,0.09,3.0
2021-05-26,9.88,9.81,10.17,9.75,131790,133440240.0,4.26,-0.41,-0.04,3.28
2021-05-27,9.8,9.76,9.91,9.6,99316,98464750.0,3.16,-0.51,-0.05,2.47
2021-05-28,9.73,9.22,9.74,9.19,161821,155206930.0,5.64,-5.53,-0.54,4.03
2021-05-31,9.2,10.08,10.1,9.14,215644,214001770.0,10.41,9.33,0.86,5.37
2021-06-01,9.84,9.81,10.05,9.77,145242,146509403.0,2.78,-2.68,-0.27,3.62
2021-06-02,9.73,9.38,9.85,9.26,132746,128358452.0,6.01,-4.38,-0.43,3.31
2021-06-03,9.43,9.3,9.62,9.25,95256,91570812.0,3.94,-0.85,-0.08,2.37
2021-06-04,9.4,9.19,9.4,9.16,69739,65537037.0,2.58,-1.18,-0.11,1.74
2021-06-07,9.23,9.37,9.42,9.16,68860,65482112.0,2.83,1.96,0.18,1.72
2021-06-08,9.39,9.3,9.48,9.24,71894,68668591.0,2.56,-0.75,-0.07,1.79
2021-06-09,9.26,9.35,9.35,9.16,60899,57391098.0,2.04,0.54,0.05,1.52
2021-06-10,9.36,9.71,10.03,9.31,170277,169400969.0,7.7,3.85,0.36,4.24
2021-06-11,9.73,9.95,10.06,9.53,174653,175887907.0,5.46,2.47,0.24,4.35
2021-06-15,10.0,10.04,10.28,9.81,180102,184256979.0,4.72,0.9,0.09,4.49
2021-06-16,9.97,9.91,10.01,9.67,113793,114108429.0,3.39,-1.29,-0.13,2.83
2021-06-17,9.82,9.93,10.16,9.74,102849,103823393.0,4.24,0.2,0.02,2.56
2021-06-18,9.85,10.51,10.69,9.69,282841,295630672.0,10.07,5.84,0.58,7.05
2021-06-21,10.3,10.21,10.33,10.06,169751,175064293.0,2.57,-2.85,-0.3,4.23
2021-06-22,10.26,9.96,10.29,9.85,155098,157171953.0,4.31,-2.45,-0.25,3.86
2021-06-23,9.96,10.0,10.06,9.76,98407,98772516.0,3.01,0.4,0.04,2.45
2021-06-24,9.97,9.61,9.97,9.55,105373,104369397.0,4.2,-3.9,-0.39,2.63
2021-06-25,9.63,9.6,9.71,9.53,59960,58407350.0,1.87,-0.1,-0.01,1.49
2021-06-28,9.66,9.85,9.87,9.5,66091,65271748.0,3.85,2.6,0.25,1.65
2021-06-29,9.86,9.58,9.99,9.57,71128,70392010.0,4.26,-2.74,-0.27,1.77
2021-06-30,9.54,9.71,9.75,9.48,53605,52466466.0,2.82,1.36,0.13,1.32
2021-07-01,9.76,9.28,9.76,9.22,109799,104193225.0,5.56,-4.43,-0.43,2.71
2021-07-02,9.21,9.0,9.33,8.97,69790,64333657.0,3.88,-3.02,-0.28,1.72
2021-07-05,9.07,9.12,9.16,8.96,42075,38750962.0,2.22,1.33,0.12,1.04
2021-07-06,9.07,9.18,9.27,9.0,47981,44544438.0,2.96,0.66,0.06,1.19
2021-07-07,9.15,9.05,9.19,8.98,48544,44496335.0,2.29,-1.42,-0.13,1.2
2021-07-08,9.04,9.2,9.35,8.99,64873,60334994.0,3.98,1.66,0.15,1.6
2021-07-09,9.17,9.05,9.3,8.96,50535,46360738.0,3.7,-1.63,-0.15,1.25
2021-07-12,9.05,9.21,9.27,9.03,59380,55324566.0,2.65,1.77,0.16,1.47
2021-07-13,9.17,9.3,9.45,9.14,65120,61141366.0,3.37,0.98,0.09,1.61
2021-07-14,9.33,9.32,9.43,9.16,75981,71765401.0,2.9,0.22,0.02,1.88
2021-07-15,9.02,8.42,9.02,8.25,133820,115645709.0,8.26,-9.66,-0.9,3.31
2021-07-16,8.43,8.37,8.64,8.33,58897,50440663.0,3.68,-0.59,-0.05,1.46
2021-07-19,8.37,8.19,8.37,8.12,52677,43940216.0,2.99,-2.15,-0.18,1.3
2021-07-20,8.21,8.23,8.23,8.06,33657,27899055.0,2.08,0.49,0.04,0.83
2021-07-21,8.19,8.37,8.38,8.16,43132,36345754.0,2.67,1.7,0.14,1.07
2021-07-22,8.39,8.33,8.45,8.3,41322,35106868.0,1.79,-0.48,-0.04,1.02
2021-07-23,8.36,7.95,8.4,7.89,86194,70445349.0,6.12,-4.56,-0.38,2.13
2021-07-26,7.96,8.06,8.17,7.87,58292,47358295.0,3.77,1.38,0.11,1.44
2021-07-27,8.06,7.85,8.13,7.83,46890,38077496.0,3.72,-2.61,-0.21,1.16
2021-07-28,7.87,7.54,7.96,7.48,58770,45476259.0,6.11,-3.95,-0.31,1.45
2021-07-29,7.61,7.67,7.8,7.61,44451,34828244.0,2.52,1.72,0.13,1.1
2021-07-30,7.68,7.71,7.78,7.6,46018,36023268.0,2.35,0.52,0.04,1.14
2021-08-02,7.66,7.87,7.87,7.54,49926,39249995.0,4.28,2.08,0.16,1.23
2021-08-03,7.82,7.92,8.08,7.8,55862,45293396.0,3.56,0.64,0.05,1.38
2021-08-04,7.91,7.97,8.0,7.84,39407,31706279.0,2.02,0.63,0.05,0.97
2021-08-05,7.92,7.67,7.94,7.63,44951,35435098.0,3.89,-3.76,-0.3,1.11
2021-08-06,7.68,7.93,8.0,7.6,50775,40370521.0,5.22,3.39,0.26,1.25
2021-08-09,7.91,7.95,8.03,7.84,38732,31236565.0,2.4,0.25,0.02,0.96
2021-08-10,7.97,7.96,8.1,7.86,48351,39283078.0,3.02,0.13,0.01,1.19
2021-08-11,7.96,7.97,8.04,7.9,41898,33947982.0,1.76,0.13,0.01,1.04
2021-08-12,7.96,8.02,8.13,7.95,50529,41229558.0,2.26,0.63,0.05,1.25
2021-08-13,8.02,7.86,8.03,7.8,57220,45887681.0,2.87,-2.0,-0.16,1.41
2021-08-16,7.86,7.84,7.92,7.74,37196,29618316.0,2.29,-0.25,-0.02,0.92
2021-08-17,7.77,7.54,7.79,7.53,62370,48452739.0,3.32,-3.83,-0.3,1.54
2021-08-18,7.51,7.76,7.86,7.45,69207,53879804.0,5.44,2.92,0.22,1.71
2021-08-19,7.71,8.12,8.66,7.71,136199,113918262.0,12.24,4.64,0.36,3.36
2021-08-20,7.94,7.84,8.02,7.68,75380,60053460.0,4.19,-3.45,-0.28,1.86
2021-08-23,7.87,7.99,8.02,7.78,53576,43173324.0,3.06,1.91,0.15,1.32
2021-08-24,7.93,7.88,8.04,7.88,51358,41379926.0,2.0,-1.38,-0.11,1.27
2021-08-25,7.85,7.83,7.92,7.8,34750,27739978.0,1.52,-0.63,-0.05,0.86
2021-08-26,7.83,7.64,7.83,7.63,44496,34911157.0,2.55,-2.43,-0.19,1.1
2021-08-27,7.75,7.67,7.82,7.61,40242,31367062.0,2.75,0.39,0.03,0.99
2021-08-30,7.72,7.92,8.01,7.68,65776,52493892.0,4.3,3.26,0.25,1.63
2021-08-31,7.87,8.02,8.13,7.72,86766,70647104.0,5.18,1.26,0.1,2.14
2021-09-01,8.02,8.06,8.11,7.87,64229,52254763.0,2.99,0.5,0.04,1.59
2021-09-02,8.02,8.01,8.07,7.92,47808,38789255.0,1.86,-0.62,-0.05,1.18
2021-09-03,8.03,8.09,8.23,7.94,78107,64116009.0,3.62,1.0,0.08,1.93
2021-09-06,8.04,8.09,8.17,7.97,48760,40018944.0,2.47,0.0,0.0,1.2
2021-09-07,8.09,8.14,8.23,8.07,53493,44256004.0,1.98,0.62,0.05,1.32
2021-09-08,8.17,8.42,8.43,8.14,108178,91398729.0,3.56,3.44,0.28,2.67
2021-09-09,8.31,8.76,9.85,8.19,259134,237052823.0,19.71,4.04,0.34,6.4
2021-09-10,8.57,8.89,9.03,8.54,181347,161835783.0,5.59,1.48,0.13,4.48
2021-09-13,8.72,8.96,9.15,8.57,152662,137189789.0,6.52,0.79,0.07,3.77
2021-09-14,9.0,8.61,9.07,8.55,126783,112973263.0,5.8,-3.91,-0.35,3.13
2021-09-15,8.61,8.67,8.74,8.49,71710,62559689.0,2.9,0.7,0.06,1.77
2021-09-16,8.73,8.29,8.73,8.28,82170,70548496.0,5.19,-4.38,-0.38,2.03
2021-09-17,8.29,8.45,8.46,8.23,49857,42155204.0,2.77,1.93,0.16,1.23
2021-09-22,8.37,8.59,8.61,8.3,50604,43585366.0,3.67,1.66,0.14,1.25
2021-09-23,8.63,8.5,8.69,8.49,50649,44015994.0,2.33,-1.05,-0.09,1.25
2021-09-24,8.47,8.25,8.62,8.24,55911,47770662.0,4.47,-2.94,-0.25,1.38
2021-09-27,8.25,7.92,8.43,7.85,58017,47438816.0,7.03,-4.0,-0.33,1.43
2021-09-28,7.92,7.91,8.1,7.86,26157,21148016.0,3.03,-0.13,-0.01,0.65
2021-09-29,7.94,7.57,7.98,7.57,56042,44101165.0,5.18,-4.3,-0.34,1.38
2021-09-30,7.62,7.69,7.74,7.62,28180,22005144.0,1.59,1.59,0.12,0.7
2021-10-08,7.8,7.97,8.05,7.75,46280,37405772.0,3.9,3.64,0.28,1.14
2021-10-11,8.07,7.87,8.07,7.86,29824,23962639.0,2.63,-1.25,-0.1,0.74
2021-10-12,7.86,7.73,7.89,7.67,32712,25758481.0,2.8,-1.78,-0.14,0.81
2021-10-13,7.97,7.93,8.32,7.87,51350,41856082.0,5.82,2.59,0.2,1.27
2021-10-14,7.99,7.89,7.99,7.77,35345,28338758.0,2.77,-0.5,-0.04,0.87
2021-10-15,7.92,7.75,8.01,7.74,37252,29793369.0,3.42,-1.77,-0.14,0.92
2021-10-18,7.72,7.81,7.81,7.57,29821,23344793.0,3.1,0.77,0.06,0.74
2021-10-19,7.81,7.74,7.81,7.72,24558,19367117.0,1.15,-0.9,-0.07,0.61
2021-10-20,7.8,7.93,8.05,7.77,50315,40594570.0,3.62,2.45,0.19,1.24
2021-10-21,7.95,7.76,7.95,7.73,32192,25535314.0,2.77,-2.14,-0.17,0.8
2021-10-22,7.7,7.75,7.79,7.69,17494,13734748.0,1.29,-0.13,-0.01,0.43
2021-10-25,7.71,7.61,7.75,7.52,41039,31661687.0,2.97,-1.81,-0.14,1.01
2021-10-26,7.66,7.57,7.69,7.53,21823,16869963.0,2.1,-0.53,-0.04,0.54
2021-10-27,7.6,7.32,7.6,7.28,35565,26613840.0,4.23,-3.3,-0.25,0.88
2021-10-28,7.27,7.36,7.44,7.27,19145,14334432.0,2.32,0.55,0.04,0.47
2021-10-29,7.33,7.48,7.54,7.33,17194,13017334.0,2.85,1.63,0.12,0.42
2021-11-01,7.48,7.55,7.62,7.39,18471,14144261.0,3.07,0.94,0.07,0.46
2021-11-02,7.53,7.39,7.58,7.31,24093,18230808.0,3.58,-2.12,-0.16,0.6
2021-11-03,7.45,7.47,7.55,7.37,13276,10070436.0,2.44,1.08,0.08,0.33
2021-11-04,7.46,7.56,7.56,7.46,22064,16862193.0,1.34,1.2,0.09,0.55
2021-11-05,7.5,7.79,7.92,7.5,73624,58298703.0,5.56,3.04,0.23,1.82
2021-11-08,7.75,7.78,7.85,7.66,39498,31109368.0,2.44,-0.13,-0.01,0.98
2021-11-09,7.96,9.36,9.36,7.87,399362,364034080.0,19.15,20.31,1.58,9.87
2021-11-10,9.97,9.85,10.74,9.7,838192,869388368.0,11.11,5.24,0.49,20.71
2021-11-11,9.34,9.57,9.95,9.27,587624,568813472.0,6.9,-2.84,-0.28,14.52
2021-11-12,9.58,9.74,10.03,9.27,514492,507882112.0,7.94,1.78,0.17,12.71
2021-11-15,9.67,10.67,11.12,9.47,641264,658308192.0,16.94,9.55,0.93,15.84
2021-11-16,10.37,10.22,10.61,10.1,436244,456740352.0,4.78,-4.22,-0.45,10.78
2021-11-17,10.07,9.97,10.34,9.9,362379,370090288.0,4.31,-2.45,-0.25,8.95
2021-11-18,10.11,9.53,10.17,9.49,314384,309110976.0,6.82,-4.41,-0.44,7.77
2021-11-19,9.53,9.45,9.71,9.35,234438,226259086.0,3.78,-0.84,-0.08,5.79
2021-11-22,9.45,9.53,9.63,9.35,193883,186639212.0,2.96,0.85,0.08,4.79
2021-11-23,9.52,9.97,10.07,9.39,377938,374349040.0,7.14,4.62,0.44,9.34
2021-11-24,9.78,10.02,10.3,9.67,357058,362304432.0,6.32,0.5,0.05,8.82
2021-11-25,9.88,9.58,10.01,9.54,254683,251072778.0,4.69,-4.39,-0.44,6.29
2021-11-26,9.61,10.17,10.85,9.33,477537,488981936.0,15.87,6.16,0.59,11.8
2021-11-29,9.69,9.88,10.14,9.68,267699,268142405.0,4.52,-2.85,-0.29,6.61
2021-11-30,10.01,10.15,10.53,9.85,377542,389889520.0,6.88,2.73,0.27,9.33
2021-12-01,10.15,10.01,10.35,9.88,249744,255276661.0,4.63,-1.38,-0.14,6.17
2021-12-02,9.9,9.5,10.06,9.5,206136,203183990.0,5.59,-5.09,-0.51,5.09
2021-12-03,9.58,9.45,9.85,9.39,147011,143001167.0,4.84,-0.53,-0.05,3.63
2021-12-06,9.35,9.13,9.49,9.09,160629,150085141.0,4.23,-3.39,-0.32,3.97
2021-12-07,9.18,9.22,9.45,9.13,139016,130449477.0,3.5,0.99,0.09,3.43
2021-12-08,9.22,9.4,9.47,9.15,130201,123314435.0,3.47,1.95,0.18,3.22
2021-12-09,9.38,9.4,9.55,9.31,151921,145224636.0,2.55,0.0,0.0,3.75
2021-12-10,9.27,9.63,9.83,9.27,215636,209578894.0,5.96,2.45,0.23,5.33
2021-12-13,9.77,10.09,10.3,9.51,327989,331053328.0,8.2,4.78,0.46,8.1
2021-12-14,9.96,10.53,10.8,9.9,483215,509903136.0,8.92,4.36,0.44,11.94
2021-12-15,10.52,10.45,10.69,10.33,350840,372211232.0,3.42,-0.76,-0.08,8.67
2021-12-16,10.39,10.45,10.65,10.33,275363,292442608.0,3.06,0.0,0.0,6.8
2021-12-17,10.46,10.23,10.49,10.04,255365,265182962.0,4.31,-2.11,-0.22,6.31
2021-12-20,10.36,9.78,10.49,9.77,213563,216279269.0,7.04,-4.4,-0.45,5.28
2021-12-21,9.83,10.06,10.15,9.81,180888,183800252.0,3.48,2.86,0.28,4.47
2021-12-22,10.07,10.46,11.19,9.91,372870,397083968.0,12.72,3.98,0.4,9.21
2021-12-23,10.37,10.18,10.37,10.03,257808,265062813.0,3.25,-2.68,-0.28,6.37
2021-12-24,10.71,10.0,11.86,9.36,479715,521887888.0,24.56,-1.77,-0.18,11.85
2021-12-27,9.74,9.78,9.92,9.42,296728,291803536.0,5.0,-2.2,-0.22,7.33
2021-12-28,9.8,11.76,11.76,9.65,431103,490061168.0,21.57,20.25,1.98,10.65
2021-12-29,12.35,12.21,12.67,11.25,964788,1174751632.0,12.07,3.83,0.45,23.84
2021-12-30,12.12,12.47,13.79,11.91,886644,1151238400.0,15.4,2.13,0.26,21.91
2021-12-31,12.4,14.99,14.99,12.4,710035,987060336.0,20.77,20.21,2.52,17.54
2022-01-04,15.0,16.59,18.01,14.17,1293294,2145190848.0,25.62,10.67,1.6,31.95
2022-01-05,16.19,15.44,16.59,14.86,932744,1476460832.0,10.43,-6.93,-1.15,23.04
2022-01-06,15.17,15.93,17.05,15.17,920087,1492364624.0,12.18,3.17,0.49,22.73
2022-01-07,16.03,17.02,18.52,16.01,993221,1719048016.0,15.76,6.84,1.09,24.54
2022-01-10,16.12,17.25,17.87,14.99,817960,1380017920.0,16.92,1.35,0.23,20.21
2022-01-11,16.37,15.34,16.52,15.2,751650,1194808896.0,7.65,-11.07,-1.91,18.57
2022-01-12,15.54,15.65,15.98,14.77,619063,964186656.0,7.89,2.02,0.31,15.29
2022-01-13,15.32,16.36,17.65,14.94,904566,1497652592.0,17.32,4.54,0.71,22.35
2022-01-14,15.52,16.87,17.75,15.35,831358,1382587600.0,14.67,3.12,0.51,20.54
2022-01-17,17.77,20.27,20.27,17.49,1272529,2479638864.0,16.48,20.15,3.4,31.44
2022-01-18,20.87,18.33,21.97,18.27,1363113,2800017056.0,18.25,-9.57,-1.94,33.68
2022-01-19,17.43,18.29,19.25,17.43,758171,1396731968.0,9.93,-0.22,-0.04,18.73
2022-01-20,17.72,18.68,19.57,16.05,982349,1734891248.0,19.25,2.13,0.39,24.27
2022-01-21,17.67,16.03,18.21,15.87,604058,1043456016.0,12.53,-14.19,-2.65,14.92
2022-01-24,16.04,18.03,18.72,16.04,797255,1415335712.0,16.72,12.48,2.0,19.7
2022-01-25,17.98,17.15,18.25,16.58,580324,1007092016.0,9.26,-4.88,-0.88,14.34
2022-01-26,17.07,15.39,17.44,14.93,596293,947921440.0,14.64,-10.26,-1.76,14.73
2022-01-27,15.57,13.98,15.75,13.89,558399,811854176.0,12.09,-9.16,-1.41,13.8
2022-01-28,14.54,14.59,15.22,14.28,481241,720940544.0,6.72,4.36,0.61,11.89
2022-02-07,15.42,14.64,15.78,14.57,449520,683224752.0,8.29,0.34,0.05,11.11
2022-02-08,14.69,15.11,15.42,14.02,489077,731422000.0,9.56,3.21,0.47,12.08
2022-02-09,15.37,17.07,17.55,15.37,750266,1259534160.0,14.43,12.97,1.96,18.54
2022-02-10,16.69,16.67,17.43,16.04,607385,1023137968.0,8.14,-2.34,-0.4,15.01
2022-02-11,16.63,17.02,18.0,16.38,663369,1157084784.0,9.72,2.1,0.35,16.39
2022-02-14,15.87,16.25,16.83,15.75,450296,739480512.0,6.35,-4.52,-0.77,11.12
2022-02-15,16.37,15.59,16.51,15.31,402619,639855296.0,7.38,-4.06,-0.66,9.95
2022-02-16,16.22,15.07,16.54,14.84,488208,766765904.0,10.9,-3.34,-0.52,12.06
2022-02-17,14.75,14.67,15.44,14.52,411059,620240848.0,6.1,-2.65,-0.4,10.16
2022-02-18,14.62,14.76,14.84,14.34,309556,456909296.0,3.41,0.61,0.09,7.65
2022-02-21,14.72,15.16,15.42,14.63,364201,554308192.0,5.35,2.71,0.4,9.0
2022-02-22,14.78,14.26,14.95,13.96,399521,577177152.0,6.53,-5.94,-0.9,9.87
2022-02-23,14.34,14.2,14.55,13.97,291558,418514432.0,4.07,-0.42,-0.06,7.2
2022-02-24,14.07,12.82,14.07,12.28,569553,756339840.0,12.61,-9.72,-1.38,14.07
2022-02-25,12.87,12.68,13.16,12.58,244252,315192224.0,4.52,-1.09,-0.14,6.03
2022-02-28,13.18,13.04,13.36,12.75,264133,346922640.0,4.81,2.84,0.36,6.53
2022-03-01,13.05,13.29,13.55,12.82,279957,373863632.0,5.6,1.92,0.25,6.92
2022-03-02,13.22,13.36,13.75,13.05,274448,372524512.0,5.27,0.53,0.07,6.78
2022-03-03,13.56,13.05,13.56,12.97,232745,309255952.0,4.42,-2.32,-0.31,5.75
2022-03-04,13.05,13.21,13.72,12.8,309103,413016256.0,7.05,1.23,0.16,7.64
2022-03-07,13.11,12.76,13.38,12.71,217698,286282032.0,5.07,-3.41,-0.45,5.38
2022-03-08,12.87,12.35,12.95,12.12,213793,270436992.0,6.5,-3.21,-0.41,5.28
2022-03-09,12.25,12.07,12.35,11.32,228237,274346848.0,8.34,-2.27,-0.28,5.64
2022-03-10,12.37,12.17,12.57,12.12,192204,239422620.0,3.73,0.83,0.1,4.75
2022-03-11,11.89,13.12,13.32,11.77,366424,469613792.0,12.74,7.81,0.95,9.05
2022-03-14,12.86,12.59,13.22,12.59,276253,359302944.0,4.8,-4.04,-0.53,6.83
2022-03-15,12.64,12.84,13.38,12.57,393504,519578416.0,6.43,1.99,0.25,9.72
2022-03-16,12.92,13.67,13.67,12.67,485580,653122384.0,7.79,6.46,0.83,12.0
2022-03-17,13.73,14.09,14.56,13.3,601262,833374080.0,9.22,3.07,0.42,14.85
2022-03-18,13.63,13.48,13.71,13.39,326498,446558768.0,2.27,-4.33,-0.61,8.07
2022-03-21,13.49,13.37,13.61,13.09,254933,343219072.0,3.86,-0.82,-0.11,6.3
2022-03-22,13.56,13.71,14.37,13.42,419634,588425968.0,7.11,2.54,0.34,10.37
2022-03-23,13.37,13.26,13.66,13.22,263489,355520384.0,3.21,-3.28,-0.45,6.51
2022-03-24,13.07,12.27,13.08,12.25,315128,395735792.0,6.26,-7.47,-0.99,7.79
2022-03-25,12.53,12.32,13.12,12.31,245532,313010080.0,6.6,0.41,0.05,6.07
2022-03-28,12.64,13.37,14.03,12.47,558871,757605792.0,12.66,8.52,1.05,13.81
2022-03-29,13.13,13.37,13.66,12.95,329036,440304112.0,5.31,0.0,0.0,8.13
2022-03-30,13.18,14.05,14.13,13.07,476280,662539296.0,7.93,5.09,0.68,11.77
2022-03-31,14.03,14.89,15.67,13.83,702600,1035306112.0,13.1,5.98,0.84,17.36
2022-04-01,14.57,14.31,14.86,14.27,453676,663057664.0,3.96,-3.9,-0.58,11.21
2022-04-06,14.5,14.23,14.69,14.0,382881,554900112.0,4.82,-0.56,-0.08,9.46
2022-04-07,14.29,13.54,14.77,13.51,393662,561361920.0,8.85,-4.85,-0.69,9.73
2022-04-08,13.36,13.2,13.65,12.94,291936,391364848.0,5.24,-2.51,-0.34,7.21
2022-04-11,12.77,12.46,13.05,12.37,240774,308495744.0,5.15,-5.61,-0.74,5.95
2022-04-12,12.6,12.53,12.78,12.03,211117,263949586.0,6.02,0.56,0.07,5.22
2022-04-13,12.33,11.44,12.44,11.37,272155,320734096.0,8.54,-8.7,-1.09,6.72
2022-04-14,11.47,11.39,11.59,11.31,155442,179766338.0,2.45,-0.44,-0.05,3.84
2022-04-15,11.32,10.87,11.32,10.72,186403,206119840.0,5.27,-4.57,-0.52,4.61
2022-04-18,10.67,11.1,11.14,10.55,128444,141648733.0,5.43,2.12,0.23,3.17
2022-04-19,10.97,11.11,11.2,10.87,118116,132007795.0,2.97,0.09,0.01,2.92
2022-04-20,11.39,10.68,11.56,10.63,191497,213925649.0,8.37,-3.87,-0.43,4.73
2022-04-21,10.49,10.12,10.76,10.07,169297,177934374.0,6.46,-5.24,-0.56,4.18
2022-04-22,10.0,9.66,10.15,9.62,153672,153428975.0,5.24,-4.55,-0.46,3.8
2022-04-25,9.37,8.55,9.37,8.48,211526,191486565.0,9.21,-11.49,-1.11,5.23
2022-04-26,8.63,8.06,8.73,8.02,155731,132545968.0,8.3,-5.73,-0.49,3.85
2022-04-27,7.94,8.61,8.69,7.77,230063,191501674.0,11.41,6.82,0.55,5.68
2022-04-28,8.46,8.26,8.54,8.15,135782,114710355.0,4.53,-4.07,-0.35,3.35
2022-04-29,8.29,8.76,8.84,8.29,144809,126470062.0,6.66,6.05,0.5,3.58
2022-05-05,8.77,8.97,9.25,8.56,180092,163428332.0,7.88,2.4,0.21,4.45
2022-05-06,8.55,8.82,9.09,8.45,142761,127983875.0,7.13,-1.67,-0.15,3.53
2022-05-09,8.9,8.93,9.21,8.78,122364,111587971.0,4.88,1.25,0.11,3.02
2022-05-10,8.73,9.12,9.18,8.58,134800,123474099.0,6.72,2.13,0.19,3.33
2022-05-11,9.08,8.99,9.37,8.96,161556,150593963.0,4.5,-1.43,-0.13,3.99
2022-05-12,8.92,9.08,9.23,8.87,116318,107196734.0,4.0,1.0,0.09,2.87
2022-05-13,9.11,8.98,9.16,8.9,87261,79563067.0,2.86,-1.1,-0.1,2.16
2022-05-16,9.02,9.04,9.24,8.83,131317,120383833.0,4.57,0.67,0.06,3.24
2022-05-17,9.05,8.97,9.05,8.73,120877,108844382.0,3.54,-0.77,-0.07,2.99
2022-05-18,9.18,8.97,9.33,8.95,160202,148453687.0,4.24,0.0,0.0,3.96
2022-05-19,8.78,9.0,9.06,8.78,112642,101941380.0,3.12,0.33,0.03,2.78
2022-05-20,9.32,9.15,9.38,9.01,169809,157800029.0,4.11,1.67,0.15,4.2
2022-05-23,9.21,9.53,9.61,9.21,214711,204775059.0,4.37,4.15,0.38,5.3
2022-05-24,9.57,8.83,9.57,8.8,197970,182223171.0,8.08,-7.35,-0.7,4.89
2022-05-25,8.81,9.13,9.16,8.79,116250,105429124.0,4.19,3.4,0.3,2.87
2022-05-26,9.13,9.23,9.31,8.88,134347,123503478.0,4.71,1.1,0.1,3.32
2022-05-27,9.34,9.59,10.12,9.11,321270,310374160.0,10.94,3.9,0.36,7.94
2022-05-30,9.38,9.41,9.47,9.19,237105,221843369.0,2.92,-1.88,-0.18,5.86
2022-05-31,9.49,9.42,9.54,9.1,198139,185969066.0,4.68,0.11,0.01,4.9
2022-06-01,9.3,9.29,9.56,9.19,143119,134988576.0,3.93,-1.38,-0.13,3.54
2022-06-02,9.29,9.33,9.35,9.06,128032,119029765.0,3.12,0.43,0.04,3.16
2022-06-06,9.4,9.66,9.74,9.34,188281,181657332.0,4.29,3.54,0.33,4.65
2022-06-07,9.72,9.52,9.72,9.41,126321,120935217.0,3.21,-1.45,-0.14,3.12
2022-06-08,9.54,9.46,9.69,9.19,155363,147419529.0,5.25,-0.63,-0.06,3.84
2022-06-09,9.46,9.14,9.48,9.1,142095,131920088.0,4.02,-3.38,-0.32,3.51
2022-06-10,9.06,9.25,9.32,9.06,96533,89807293.0,2.84,1.2,0.11,2.38
2022-06-13,9.22,9.41,9.47,9.15,128800,121173978.0,3.46,1.73,0.16,3.18
2022-06-14,9.32,9.4,9.43,8.94,160429,147805843.0,5.21,-0.11,-0.01,3.96
2022-06-15,9.4,9.8,10.0,9.4,316117,310222304.0,6.38,4.26,0.4,7.81
2022-06-16,9.95,10.16,10.4,9.87,346726,353824656.0,5.41,3.67,0.36,8.57
2022-06-17,10.0,9.8,10.09,9.62,242104,239324712.0,4.63,-3.54,-0.36,5.98
2022-06-20,9.8,9.88,10.04,9.7,169155,167324114.0,3.47,0.82,0.08,4.18
2022-06-21,9.88,10.01,10.18,9.75,225916,227930187.0,4.35,1.32,0.13,5.58
2022-06-22,9.98,9.62,9.99,9.6,160236,157116908.0,3.9,-3.9,-0.39,3.96
2022-06-23,9.63,9.77,9.83,9.49,123603,120128152.0,3.53,1.56,0.15,3.05
2022-06-24,9.79,9.78,10.05,9.73,146130,144965727.0,3.28,0.1,0.01,3.61
2022-06-27,9.78,9.78,9.88,9.67,129913,127952217.0,2.15,0.0,0.0,3.21
2022-06-28,9.74,9.95,9.99,9.63,184336,183558761.0,3.68,1.74,0.17,4.55
2022-06-29,9.97,9.72,10.02,9.69,149499,148297750.0,3.32,-2.31,-0.23,3.69
2022-06-30,9.79,9.75,9.87,9.69,102660,100875733.0,1.85,0.31,0.03,2.54
2022-07-01,9.75,9.72,9.92,9.69,99601,98048999.0,2.36,-0.31,-0.03,2.46
2022-07-04,9.71,9.75,9.78,9.52,96827,94177288.0,2.67,0.31,0.03,2.39
2022-07-05,9.75,9.44,9.81,9.31,140485,134138600.0,5.13,-3.18,-0.31,3.47
2022-07-06,9.43,9.31,9.55,9.25,92134,87066307.0,3.18,-1.38,-0.13,2.28
2022-07-07,9.34,9.34,9.51,9.32,76305,72079215.0,2.04,0.32,0.03,1.89
2022-07-08,9.34,9.45,9.67,9.31,116238,111392144.0,3.85,1.18,0.11,2.87
2022-07-11,9.39,9.16,9.43,9.1,97015,89897279.0,3.49,-3.07,-0.29,2.4
2022-07-12,9.15,8.97,9.18,8.89,87228,78894752.0,3.17,-2.07,-0.19,2.15
2022-07-13,8.93,8.98,9.06,8.93,44567,40355085.0,1.45,0.11,0.01,1.1
2022-07-14,8.93,8.98,9.02,8.88,63847,57528457.0,1.56,0.0,0.0,1.58
2022-07-15,8.97,8.69,8.97,8.65,79839,70621998.0,3.56,-3.23,-0.29,1.97
2022-07-18,8.65,8.93,8.96,8.64,60439,53988053.0,3.68,2.76,0.24,1.49
2022-07-19,8.96,9.27,9.29,8.87,113164,104189427.0,4.7,3.81,0.34,2.8
2022-07-20,9.34,9.4,9.47,9.22,93745,88338073.0,2.7,1.4,0.13,2.32
2022-07-21,9.4,9.27,9.57,9.27,72914,68932241.0,3.19,-1.38,-0.13,1.8
2022-07-22,9.32,9.12,9.39,9.02,65454,60390153.0,3.99,-1.62,-0.15,1.62
2022-07-25,9.26,9.08,9.41,9.03,68323,63140502.0,4.17,-0.44,-0.04,1.69
2022-07-26,9.12,9.24,9.41,9.05,106553,99313810.0,3.96,1.76,0.16,2.63
2022-07-27,9.32,9.19,9.39,9.13,69880,64832841.0,2.81,-0.54,-0.05,1.73
2022-07-28,9.24,9.22,9.35,9.21,71869,67142649.0,1.52,0.33,0.03,1.78
2022-07-29,9.23,9.06,9.29,9.04,69140,63486990.0,2.71,-1.74,-0.16,1.71
2022-08-01,8.95,9.03,9.12,8.9,53044,48188516.0,2.43,-0.33,-0.03,1.31
2022-08-02,9.0,8.44,9.0,8.32,112308,96470382.0,7.53,-6.53,-0.59,2.77
2022-08-03,8.35,8.45,8.73,8.35,81270,70442444.0,4.5,0.12,0.01,2.01
2022-08-04,8.48,8.68,8.69,8.47,63407,54910896.0,2.6,2.72,0.23,1.57
2022-08-05,8.76,9.05,9.05,8.74,104619,94101478.0,3.57,4.26,0.37,2.58
2022-08-08,9.0,9.11,9.14,8.98,67095,61207570.0,1.77,0.66,0.06,1.66
2022-08-09,9.14,9.05,9.16,8.98,56526,51433855.0,1.98,-0.66,-0.06,1.4
2022-08-10,8.98,9.0,9.11,8.96,46180,41941709.0,1.66,-0.55,-0.05,1.14
2022-08-11,9.09,9.19,9.27,9.02,79518,73498238.0,2.78,2.11,0.19,1.96
2022-08-12,9.21,9.32,9.53,9.16,124616,117304049.0,4.03,1.41,0.13,3.08
2022-08-15,9.41,9.15,9.41,9.13,83364,77045272.0,3.0,-1.82,-0.17,2.06
2022-08-16,9.21,9.06,9.22,9.01,81429,74452117.0,2.3,-0.98,-0.09,2.01
2022-08-17,9.06,9.11,9.15,8.95,77334,70494699.0,2.21,0.55,0.05,1.91
2022-08-18,9.07,9.01,9.12,8.91,69241,62594460.0,2.31,-1.1,-0.1,1.71
2022-08-19,9.09,8.96,9.26,8.96,111874,102710900.0,3.33,-0.55,-0.05,2.76
2022-08-22,8.94,8.94,9.06,8.75,55251,49770240.0,3.46,-0.22,-0.02,1.36
2022-08-23,8.96,8.89,9.01,8.83,55677,49811831.0,2.01,-0.56,-0.05,1.38
2022-08-24,8.9,8.54,8.93,8.54,81773,71416929.0,4.39,-3.94,-0.35,2.02
2022-08-25,8.54,8.56,8.64,8.36,56164,47948287.0,3.28,0.23,0.02,1.39
2022-08-26,8.52,8.35,8.54,8.33,82705,70158106.0,2.45,-2.45,-0.21,2.04
2022-08-29,8.18,8.31,8.34,8.05,46713,38790202.0,3.47,-0.48,-0.04,1.15
2022-08-30,8.29,8.36,8.45,8.25,48685,40923826.0,2.41,0.6,0.05,1.2
2022-08-31,8.35,8.17,8.41,8.12,48320,40064987.0,3.47,-2.27,-0.19,1.19
2022-09-01,8.14,8.09,8.29,8.09,44352,36619758.0,2.45,-0.98,-0.08,1.1
2022-09-02,8.16,8.32,8.35,8.13,58842,49076557.0,2.72,2.84,0.23,1.45
2022-09-05,8.32,8.19,8.36,8.12,52526,43311256.0,2.88,-1.56,-0.13,1.3
2022-09-06,8.19,8.24,8.27,8.14,40897,33777039.0,1.59,0.61,0.05,1.01
2022-09-07,8.26,8.26,8.29,8.12,61410,50731752.0,2.06,0.24,0.02,1.52
2022-09-08,8.24,8.1,8.29,8.1,55252,45410922.0,2.3,-1.94,-0.16,1.37
2022-09-09,8.16,8.2,8.32,8.05,72243,59769228.0,3.33,1.23,0.1,1.78
2022-09-13,8.23,8.25,8.44,8.22,73312,61466824.0,2.68,0.61,0.05,1.81
2022-09-14,8.12,8.23,8.24,8.04,48016,39367855.0,2.42,-0.24,-0.02,1.19
2022-09-15,8.23,8.09,8.32,8.01,56257,46149792.0,3.77,-1.7,-0.14,1.39
2022-09-16,8.04,7.98,8.29,7.97,76451,62754782.0,3.96,-1.36,-0.11,1.89
2022-09-19,7.98,7.72,8.03,7.63,72074,56263592.0,5.01,-3.26,-0.26,1.78
2022-09-20,7.78,7.84,7.91,7.74,34822,27407379.0,2.2,1.55,0.12,0.86
2022-09-21,7.82,8.09,8.12,7.6,63639,50772483.0,6.63,3.19,0.25,1.57
2022-09-22,8.03,7.98,8.17,7.97,47629,38662598.0,2.47,-1.36,-0.11,1.18
2022-09-23,8.04,7.69,8.06,7.67,49165,38763453.0,4.89,-3.63,-0.29,1.21
2022-09-26,7.72,7.44,7.74,7.41,46574,35364385.0,4.29,-3.25,-0.25,1.15
2022-09-27,7.54,7.75,7.78,7.52,50586,38899165.0,3.49,4.17,0.31,1.25
2022-09-28,7.74,7.5,7.78,7.49,39961,30733925.0,3.74,-3.23,-0.25,0.99
2022-09-29,7.64,7.4,7.72,7.37,55923,42468369.0,4.67,-1.33,-0.1,1.38
2022-09-30,7.41,7.4,7.64,7.39,47992,36254625.0,3.38,0.0,0.0,1.19
2022-10-10,7.44,7.19,7.47,7.16,40393,29635580.0,4.19,-2.84,-0.21,1.0
2022-10-11,7.2,7.34,7.4,7.14,37299,27409492.0,3.62,2.09,0.15,0.92
2022-10-12,7.34,7.58,7.58,7.28,85251,64176619.0,4.09,3.27,0.24,2.11
2022-10-13,7.6,7.86,7.98,7.56,111534,88083926.0,5.54,3.69,0.28,2.76
2022-10-14,7.86,8.41,8.7,7.78,196212,162272767.0,11.7,7.0,0.55,4.85
2022-10-17,8.5,8.84,9.27,8.5,290915,260101739.0,9.16,5.11,0.43,7.19
2022-10-18,8.93,9.29,9.67,8.69,358832,334730868.0,11.09,5.09,0.45,8.87
2022-10-19,9.13,10.03,10.17,9.07,483606,471707949.0,11.84,7.97,0.74,11.95
2022-10-20,9.94,9.82,10.1,9.59,334049,330454406.0,5.08,-2.09,-0.21,8.25
2022-10-21,9.72,11.33,11.71,9.68,508333,550122979.0,20.67,15.38,1.51,12.56
2022-10-24,11.54,11.82,12.56,11.25,537088,650298963.0,11.56,4.32,0.49,13.27
2022-10-25,11.14,11.77,11.94,11.12,362881,419168035.0,6.94,-0.42,-0.05,8.97
2022-10-26,11.54,11.65,12.32,11.32,396851,474383522.0,8.5,-1.02,-0.12,9.8
2022-10-27,11.32,11.69,12.52,11.32,379072,453370969.0,10.3,0.34,0.04,9.37
2022-10-28,11.52,11.34,11.94,11.23,279042,323929909.0,6.07,-2.99,-0.35,6.89
2022-10-31,11.1,11.14,11.62,10.94,373319,420432280.0,6.0,-1.76,-0.2,9.22
2022-11-01,10.99,10.89,11.14,10.4,339097,366166216.0,6.64,-2.24,-0.25,8.38
2022-11-02,11.35,10.46,11.77,10.11,521770,558278107.0,15.24,-3.95,-0.43,12.89
2022-11-03,10.18,10.57,10.79,9.95,353755,368152663.0,8.03,1.05,0.11,8.74
2022-11-04,10.68,10.39,10.68,10.14,298871,310444654.0,5.11,-1.7,-0.18,7.38
2022-11-07,10.38,10.51,10.75,10.31,208819,221037035.0,4.23,1.15,0.12,5.16
2022-11-08,10.45,10.56,10.58,10.11,200031,209486864.0,4.47,0.48,0.05,4.94
2022-11-09,10.58,10.44,10.6,10.22,134027,140536722.0,3.6,-1.14,-0.12,3.31
2022-11-10,10.3,10.27,10.59,10.24,139222,145695907.0,3.35,-1.63,-0.17,3.44
2022-11-11,10.49,10.29,10.59,10.2,178498,186933508.0,3.8,0.19,0.02,4.41
2022-11-14,10.16,10.3,10.39,10.13,108439,111844006.0,2.53,0.1,0.01,2.68
2022-11-15,10.32,10.67,10.79,10.21,224934,240153858.0,5.63,3.59,0.37,5.56
2022-11-16,10.64,10.56,10.98,10.52,140094,150319094.0,4.31,-1.03,-0.11,3.46
2022-11-17,10.56,10.82,10.84,10.5,159461,171401783.0,3.22,2.46,0.26,3.94
2022-11-18,10.84,10.45,11.06,10.42,191658,206475742.0,5.91,-3.42,-0.37,4.73
2022-11-21,10.25,10.86,11.02,10.12,248220,263743079.0,8.61,3.92,0.41,6.13
2022-11-22,10.78,10.47,11.23,10.37,192789,209488568.0,7.92,-3.59,-0.39,4.76
2022-11-23,10.42,9.99,10.56,9.84,188233,190538259.0,6.88,-4.58,-0.48,4.65
2022-11-24,9.99,10.03,10.32,9.77,168902,170108088.0,5.51,0.4,0.04,4.17
2022-11-25,10.04,9.84,10.06,9.84,80556,80357368.0,2.19,-1.89,-0.19,1.99
2022-11-28,9.62,9.6,9.84,9.53,86350,83975708.0,3.15,-2.44,-0.24,2.13
2022-11-29,9.65,9.92,9.99,9.62,114509,112929373.0,3.85,3.33,0.32,2.83
2022-11-30,9.94,9.87,10.03,9.8,73734,73390403.0,2.32,-0.5,-0.05,1.82
2022-12-01,9.99,10.14,10.18,9.94,145493,147480369.0,2.43,2.74,0.27,3.59
2022-12-02,10.12,10.23,10.57,10.03,131922,137556343.0,5.33,0.89,0.09,3.26
2022-12-05,10.24,10.12,10.4,10.06,93430,95520851.0,3.32,-1.08,-0.11,2.31
2022-12-06,10.05,9.89,10.15,9.84,82242,82230374.0,3.06,-2.27,-0.23,2.03
2022-12-07,9.93,9.92,9.98,9.76,57270,56892121.0,2.22,0.3,0.03,1.41
2022-12-08,9.98,9.59,9.98,9.54,102350,99232006.0,4.44,-3.33,-0.33,2.53
2022-12-09,9.64,9.28,9.64,9.27,94787,89578835.0,3.86,-3.23,-0.31,2.34
2022-12-12,9.31,9.63,9.69,9.31,118964,113987658.0,4.09,3.77,0.35,2.94
2022-12-13,9.64,9.26,9.67,9.23,88997,84302328.0,4.57,-3.84,-0.37,2.2
2022-12-14,9.14,9.07,9.35,9.04,77814,71793118.0,3.35,-2.05,-0.19,1.92
2022-12-15,9.16,9.11,9.29,8.97,96929,89253042.0,3.53,0.44,0.04,2.39
2022-12-16,9.06,8.91,9.12,8.9,69684,62904839.0,2.41,-2.2,-0.2,1.72
2022-12-19,9.01,8.81,9.01,8.73,76815,68502555.0,3.14,-1.12,-0.1,1.9
2022-12-20,8.82,8.66,8.94,8.61,70987,62218005.0,3.75,-1.7,-0.15,1.75
2022-12-21,8.63,8.56,8.69,8.49,53695,46406983.0,2.31,-1.15,-0.1,1.33
2022-12-22,8.6,8.57,8.83,8.43,78070,67898586.0,4.67,0.12,0.01,1.93
2022-12-23,8.53,8.9,9.1,8.51,186129,166627717.0,6.88,3.85,0.33,4.6
2022-12-26,8.94,9.02,9.07,8.83,108787,98370282.0,2.7,1.35,0.12,2.69
2022-12-27,9.03,8.85,9.18,8.75,95203,85310791.0,4.77,-1.88,-0.17,2.35
2022-12-28,8.77,8.6,8.86,8.54,86883,75706319.0,3.62,-2.82,-0.25,2.15
2022-12-29,8.73,8.66,8.89,8.46,89070,77825712.0,5.0,0.7,0.06,2.2
2022-12-30,8.69,8.74,8.89,8.68,58458,51625017.0,2.42,0.92,0.08,1.44
2023-01-03,8.75,9.08,9.12,8.65,119899,108619213.0,5.38,3.89,0.34,2.96
2023-01-04,9.1,9.34,9.35,9.02,126032,117208325.0,3.63,2.86,0.26,3.11
2023-01-05,9.38,9.31,9.46,9.22,96214,90223487.0,2.57,-0.32,-0.03,2.38
2023-01-06,9.27,9.07,9.33,9.04,108531,99942070.0,3.11,-2.58,-0.24,2.68
2023-01-09,9.09,9.18,9.29,9.07,72075,66709669.0,2.43,1.21,0.11,1.78
2023-01-10,9.18,9.06,9.24,9.02,81697,74990389.0,2.4,-1.31,-0.12,2.02
2023-01-11,9.12,9.06,9.35,8.96,109234,100387779.0,4.3,0.0,0.0,2.7
2023-01-12,8.99,8.91,9.12,8.86,93513,84369780.0,2.87,-1.66,-0.15,2.31
2023-01-13,8.94,8.87,8.98,8.76,58044,51792103.0,2.47,-0.45,-0.04,1.43
2023-01-16,8.81,8.99,9.16,8.81,88249,80454870.0,3.95,1.35,0.12,2.18
2023-01-17,9.01,8.77,9.04,8.73,77972,69413950.0,3.45,-2.45,-0.22,1.93
2023-01-18,8.77,8.89,9.0,8.71,74026,66230378.0,3.31,1.37,0.12,1.83
2023-01-19,8.9,9.08,9.11,8.83,100416,91252339.0,3.15,2.14,0.19,2.48
2023-01-20,9.19,9.2,9.34,9.05,106253,98405862.0,3.19,1.32,0.12,2.62
2023-01-30,9.35,9.53,9.63,9.35,159461,152749625.0,3.04,3.59,0.33,3.94
2023-01-31,9.49,9.49,9.54,9.38,85461,81415130.0,1.68,-0.42,-0.04,2.11
2023-02-01,9.56,10.22,10.24,9.45,248991,248972184.0,8.32,7.69,0.73,6.15
2023-02-02,10.14,9.96,10.24,9.94,173431,175100533.0,2.94,-2.54,-0.26,4.28
2023-02-03,9.95,10.24,10.27,9.9,203510,207370419.0,3.71,2.81,0.28,5.03
2023-02-06,10.24,10.3,10.47,10.06,210233,217140135.0,4.0,0.59,0.06,5.19
2023-02-07,10.1,10.32,10.35,10.06,142478,146440597.0,2.82,0.19,0.02,3.52
2023-02-08,10.26,10.09,10.32,10.05,122392,124814148.0,2.62,-2.23,-0.23,3.02
2023-02-09,10.11,10.52,10.55,9.99,188016,194870608.0,5.55,4.26,0.43,4.64
2023-02-10,10.94,10.33,11.16,10.26,314075,334720644.0,8.56,-1.81,-0.19,7.76
2023-02-13,10.24,10.51,10.56,10.14,206955,215161812.0,4.07,1.74,0.18,5.11
2023-02-14,10.38,10.32,10.62,10.28,149307,156305098.0,3.24,-1.81,-0.19,3.69
2023-02-15,10.32,10.48,10.5,10.28,150458,158036310.0,2.13,1.55,0.16,3.72
2023-02-16,10.47,10.14,10.55,10.08,149058,154760040.0,4.48,-3.24,-0.34,3.68
2023-02-17,10.15,9.89,10.26,9.85,126854,127489409.0,4.04,-2.47,-0.25,3.13
2023-02-20,9.91,10.0,10.02,9.78,79472,79550010.0,2.43,1.11,0.11,1.96
2023-02-21,9.95,10.09,10.3,9.93,121102,122986304.0,3.7,0.9,0.09,2.99
2023-02-22,10.07,10.11,10.24,9.87,106055,107256093.0,3.67,0.2,0.02,2.62
2023-02-23,10.14,9.91,10.14,9.84,87608,87900285.0,2.97,-1.98,-0.2,2.16
2023-02-24,9.94,9.92,10.02,9.86,49191,49185874.0,1.61,0.1,0.01,1.22
2023-02-27,9.87,9.74,9.95,9.73,70203,69374006.0,2.22,-1.81,-0.18,1.73
2023-02-28,9.89,10.06,10.14,9.87,116609,117682048.0,2.77,3.29,0.32,2.88
2023-03-01,9.96,10.47,10.53,9.96,206295,215001736.0,5.67,4.08,0.41,5.1
2023-03-02,10.41,10.42,10.68,10.38,141921,149988955.0,2.87,-0.48,-0.05,3.51
2023-03-03,10.41,10.27,10.47,10.12,110085,113645514.0,3.36,-1.44,-0.15,2.72
2023-03-06,10.2,10.16,10.27,10.04,95732,97581235.0,2.24,-1.07,-0.11,2.37
2023-03-07,10.12,9.87,10.2,9.85,85364,85823620.0,3.44,-2.85,-0.29,2.11
2023-03-08,9.86,10.14,10.15,9.85,81365,82383352.0,3.04,2.74,0.27,2.01
2023-03-09,10.19,10.34,10.41,9.99,123966,127570715.0,4.14,1.97,0.2,3.06
2023-03-10,10.24,10.31,10.43,10.22,95887,99643616.0,2.03,-0.29,-0.03,2.37
2023-03-13,10.31,10.64,10.69,10.1,196119,207003354.0,5.72,3.2,0.33,4.85
2023-03-14,10.6,10.38,10.65,10.2,147695,154525219.0,4.23,-2.44,-0.26,3.65
2023-03-15,10.41,10.21,10.52,10.18,101821,105401118.0,3.28,-1.64,-0.17,2.52
2023-03-16,10.21,10.08,10.21,9.95,91744,93004977.0,2.55,-1.27,-0.13,2.27
2023-03-17,10.24,10.44,10.56,10.15,138260,144484933.0,4.07,3.57,0.36,3.42
2023-03-20,10.43,10.43,10.61,10.28,155877,163955731.0,3.16,-0.1,-0.01,3.85
2023-03-21,10.45,10.89,10.99,10.35,212944,230770227.0,6.14,4.41,0.46,5.26
2023-03-22,10.81,11.1,11.24,10.72,218452,241837972.0,4.78,1.93,0.21,5.4
2023-03-23,11.06,11.05,11.18,10.91,137691,152891028.0,2.43,-0.45,-0.05,3.4
2023-03-24,11.03,11.05,11.19,10.76,152491,168437766.0,3.89,0.0,0.0,3.77
2023-03-27,11.07,11.96,12.41,11.0,373974,435732991.0,12.76,8.24,0.91,9.24
2023-03-28,12.04,11.41,12.3,11.32,336631,395287458.0,8.19,-4.6,-0.55,8.32
2023-03-29,11.65,12.87,13.17,11.54,617920,767269074.0,14.29,12.8,1.46,15.27
2023-03-30,12.6,12.26,12.92,12.11,417100,519622848.0,6.29,-4.74,-0.61,10.3
2023-03-31,12.13,12.11,12.36,11.75,302905,366281953.0,4.98,-1.22,-0.15,7.48
2023-04-03,11.9,12.65,12.92,11.87,419643,520436879.0,8.67,4.46,0.54,10.37
2023-04-04,12.65,12.1,12.65,11.96,313206,383693119.0,5.45,-4.35,-0.55,7.74
2023-04-06,12.86,14.53,14.53,12.65,992450,1381787887.0,15.54,20.08,2.43,24.52
2023-04-07,13.96,14.4,14.43,13.38,707132,982465228.0,7.23,-0.89,-0.13,17.47
2023-04-10,13.94,13.09,13.94,12.95,458978,622938111.0,6.88,-9.1,-1.31,11.34
2023-04-11,13.15,13.34,13.74,12.65,399673,527550152.0,8.33,1.91,0.25,9.87
2023-04-12,13.08,13.48,13.69,12.87,346360,461227308.0,6.15,1.05,0.14,8.56
2023-04-13,13.24,12.57,13.46,12.45,322086,418906508.0,7.49,-6.75,-0.91,7.96
2023-04-14,12.66,12.24,12.74,11.91,302240,371161491.0,6.6,-2.63,-0.33,7.47
2023-04-17,12.25,11.79,12.29,11.62,250855,298870624.0,5.47,-3.68,-0.45,6.2
2023-04-18,11.8,12.12,12.31,11.46,263807,315827822.0,7.21,2.8,0.33,6.52
2023-04-19,11.99,11.96,12.25,11.84,195504,237285171.0,3.38,-1.32,-0.16,4.83
2023-04-20,11.89,12.28,12.33,11.79,183765,223841042.0,4.52,2.68,0.32,4.54
2023-04-21,12.19,11.97,12.79,11.91,310246,384786653.0,7.17,-2.52,-0.31,7.66
2023-04-24,11.91,11.86,12.59,11.8,206521,250876915.0,6.6,-0.92,-0.11,5.1
2023-04-25,9.48,9.48,9.93,9.48,125272,119743321.0,3.79,-20.07,-2.38,3.09
2023-04-26,8.68,9.41,9.68,8.63,466427,429058118.0,11.08,-0.74,-0.07,11.52
2023-04-27,9.16,9.35,9.88,9.16,327403,313501267.0,7.65,-0.64,-0.06,8.09
2023-04-28,9.31,9.73,9.79,9.3,280912,271776044.0,5.24,4.06,0.38,6.94
2023-05-04,9.93,9.97,10.19,9.73,200549,200134682.0,4.73,2.47,0.24,4.95
2023-05-05,9.91,9.98,10.11,9.7,181818,181258333.0,4.11,0.1,0.01,4.49
2023-05-08,10.01,9.97,10.04,9.76,131505,131058564.0,2.81,-0.1,-0.01,3.25
2023-05-09,9.93,9.7,9.99,9.67,124987,123504763.0,3.21,-2.71,-0.27,3.09
2023-05-10,9.69,9.75,10.02,9.65,120124,118719969.0,3.81,0.52,0.05,2.97
2023-05-11,9.72,9.64,9.87,9.57,100558,97787368.0,3.08,-1.13,-0.11,2.48
2023-05-12,9.64,9.46,9.76,9.39,92493,88885160.0,3.84,-1.87,-0.18,2.29
2023-05-15,9.48,9.41,9.51,9.17,92877,87148406.0,3.59,-0.53,-0.05,2.29
2023-05-16,9.44,9.13,9.44,9.08,90960,83902137.0,3.83,-2.98,-0.28,2.25
2023-05-17,9.22,9.23,9.25,9.04,73937,68369639.0,2.3,1.1,0.1,1.84
2023-05-18,9.24,9.43,9.49,9.22,81721,77212440.0,2.93,2.17,0.2,2.03
2023-05-19,9.7,10.33,11.0,9.7,424120,442682466.0,13.79,9.54,0.9,10.56
2023-05-22,9.98,9.74,10.09,9.54,323123,316230561.0,5.32,-5.71,-0.59,8.04
2023-05-23,9.81,9.27,9.84,9.27,204480,194214621.0,5.85,-4.83,-0.47,5.09
2023-05-24,9.2,9.32,9.39,9.13,122638,114736659.0,2.8,0.54,0.05,3.05
2023-05-25,9.36,9.18,9.45,9.06,126009,116807546.0,4.18,-1.5,-0.14,3.14
2023-05-26,9.24,9.32,9.35,9.1,89751,83495181.0,2.72,1.53,0.14,2.23
2023-05-29,9.29,9.62,9.66,9.29,165316,157818448.0,3.97,3.22,0.3,4.12
2023-05-30,9.65,9.7,9.73,9.34,161364,154949457.0,4.05,0.83,0.08,4.02
2023-05-31,9.65,9.87,9.96,9.6,162186,160244687.0,3.71,1.75,0.17,4.04
2023-06-01,9.79,10.0,10.14,9.66,177763,178110360.0,4.86,1.32,0.13,4.42
2023-06-02,10.0,10.03,10.15,9.95,128635,129930902.0,2.0,0.3,0.03,3.2
2023-06-05,9.98,10.39,10.46,9.98,181515,188109630.0,4.79,3.59,0.36,4.52
2023-06-06,10.42,9.98,10.43,9.95,132078,134994071.0,4.62,-3.95,-0.41,3.29
2023-06-07,9.98,10.21,10.25,9.88,108859,111083777.0,3.71,2.3,0.23,2.71
2023-06-08,10.18,10.24,10.4,9.99,115984,119076713.0,4.02,0.29,0.03,2.89
2023-06-09,10.23,10.32,10.42,10.15,115368,118539044.0,2.64,0.78,0.08,2.87
2023-06-12,10.4,10.48,10.66,10.33,151289,159149199.0,3.2,1.55,0.16,3.77
2023-06-13,10.37,10.69,10.69,10.29,155842,163766992.0,3.82,2.0,0.21,3.88
2023-06-14,10.88,11.17,11.69,10.64,446302,495313801.0,9.82,4.49,0.48,11.11
2023-06-15,11.0,11.3,11.89,11.0,436319,501207358.0,7.97,1.16,0.13,10.86
2023-06-16,11.3,11.33,11.53,10.97,288497,325263719.0,4.96,0.27,0.03,7.18
2023-06-19,11.35,11.65,11.76,11.25,306510,353385753.0,4.5,2.82,0.32,7.63
2023-06-20,11.5,11.39,11.73,11.36,240076,276565956.0,3.18,-2.23,-0.26,5.98
2023-06-21,11.24,10.87,11.32,10.83,193634,213280042.0,4.3,-4.57,-0.52,4.82
2023-06-26,10.73,10.33,10.89,10.24,155457,163505579.0,5.98,-4.97,-0.54,3.87
2023-06-27,10.35,10.41,10.47,10.27,102954,106825860.0,1.94,0.77,0.08,2.56
2023-06-28,10.4,10.02,10.4,9.71,133726,132595876.0,6.63,-3.75,-0.39,3.33
2023-06-29,10.0,10.77,10.85,9.87,215610,222096316.0,9.78,7.49,0.75,5.37
2023-06-30,10.3,10.43,10.5,10.17,223843,232080516.0,3.06,-3.16,-0.34,5.57
2023-07-03,10.47,10.44,10.64,10.25,139764,145931455.0,3.74,0.1,0.01,3.48
2023-07-04,10.45,10.24,10.45,10.18,116947,119918915.0,2.59,-1.92,-0.2,2.91
2023-07-05,10.28,10.08,10.38,10.05,90183,91956155.0,3.22,-1.56,-0.16,2.24
2023-07-06,10.02,10.13,10.38,10.02,76302,77918183.0,3.57,0.5,0.05,1.9
2023-07-07,10.1,9.94,10.1,9.79,90947,90296443.0,3.06,-1.88,-0.19,2.26
2023-07-10,10.01,9.85,10.04,9.83,54987,54438942.0,2.11,-0.91,-0.09,1.37
2023-07-11,9.83,9.79,9.92,9.75,66854,65598037.0,1.73,-0.61,-0.06,1.66
2023-07-12,9.8,9.43,9.82,9.4,105193,100653920.0,4.29,-3.68,-0.36,2.62
2023-07-13,9.5,9.52,9.54,9.4,71310,67662738.0,1.48,0.95,0.09,1.78
2023-07-14,9.52,9.66,9.74,9.52,85513,82740452.0,2.31,1.47,0.14,2.13
2023-07-17,9.66,9.6,9.73,9.5,66063,63365557.0,2.38,-0.62,-0.06,1.64
2023-07-18,9.59,9.43,9.62,9.41,76569,72452689.0,2.19,-1.77,-0.17,1.91
2023-07-19,9.39,9.51,9.63,9.39,56379,53773105.0,2.55,0.85,0.08,1.4
2023-07-20,9.51,9.37,9.55,9.36,59190,55869134.0,2.0,-1.47,-0.14,1.47
2023-07-21,9.37,9.32,9.45,9.28,45444,42471363.0,1.81,-0.53,-0.05,1.13
2023-07-24,9.3,9.26,9.44,9.24,68051,63517885.0,2.15,-0.64,-0.06,1.69
2023-07-25,9.34,9.5,9.51,9.32,66113,62472910.0,2.05,2.59,0.24,1.65
2023-07-26,9.5,9.28,9.5,9.25,75292,70199919.0,2.63,-2.32,-0.22,1.9
2023-07-27,9.25,9.14,9.35,9.08,59170,54464293.0,2.91,-1.51,-0.14,1.49
2023-07-28,9.16,9.3,9.33,9.05,56208,51901977.0,3.06,1.75,0.16,1.42
2023-07-31,9.29,9.44,9.47,9.25,57754,54271539.0,2.37,1.51,0.14,1.45
2023-08-01,9.48,9.35,9.48,9.28,51722,48305967.0,2.12,-0.95,-0.09,1.3
2023-08-02,9.31,9.43,9.53,9.31,60640,57115706.0,2.35,0.86,0.08,1.53
2023-08-03,9.37,9.4,9.45,9.32,39375,36906373.0,1.38,-0.32,-0.03,0.99
2023-08-04,9.42,9.69,9.77,9.42,137672,133409948.0,3.72,3.09,0.29,3.47
2023-08-07,9.68,9.9,9.9,9.64,108873,106391292.0,2.68,2.17,0.21,2.74
2023-08-08,10.0,9.92,10.18,9.8,180800,180575661.0,3.84,0.2,0.02,4.55
2023-08-09,9.92,10.02,10.12,9.82,135333,135757986.0,3.02,1.01,0.1,3.41
2023-08-10,9.95,9.93,10.12,9.82,109312,108525111.0,2.99,-0.9,-0.09,2.75
2023-08-11,9.93,9.61,9.95,9.58,83570,81461470.0,3.73,-3.22,-0.32,2.11
2023-08-14,9.52,9.72,9.75,9.44,67614,65003595.0,3.23,1.14,0.11,1.7
2023-08-15,9.73,9.54,9.75,9.46,57720,55252054.0,2.98,-1.85,-0.18,1.45
2023-08-16,9.5,9.36,9.65,9.31,62168,58738541.0,3.56,-1.89,-0.18,1.57
2023-08-17,9.32,9.46,9.54,9.16,64211,60166530.0,4.06,1.07,0.1,1.62
2023-08-18,9.4,9.06,9.6,9.04,87514,81195636.0,5.92,-4.23,-0.4,2.2
2023-08-21,9.07,9.11,9.35,9.06,71834,66266501.0,3.2,0.55,0.05,1.81
2023-08-22,9.16,9.43,9.44,9.11,103960,96515144.0,3.62,3.51,0.32,2.62
2023-08-23,9.35,9.38,9.64,9.3,86941,82187351.0,3.61,-0.53,-0.05,2.19
2023-08-24,9.35,9.3,9.57,9.15,105683,99154213.0,4.48,-0.85,-0.08,2.66
2023-08-25,9.26,8.87,9.42,8.84,113746,103135085.0,6.24,-4.62,-0.43,2.87
2023-08-28,9.57,8.85,9.57,8.81,131238,120287456.0,8.57,-0.23,-0.02,3.31
2023-08-29,8.85,9.25,9.26,8.83,95950,87560489.0,4.86,4.52,0.4,2.42
2023-08-30,9.29,9.38,9.44,9.2,115470,107950433.0,2.59,1.41,0.13,2.91
2023-08-31,9.34,9.2,9.37,9.15,78828,72651979.0,2.35,-1.92,-0.18,1.99
2023-09-01,9.21,9.0,9.23,8.94,94162,85208130.0,3.15,-2.17,-0.2,2.37
2023-09-04,9.07,9.37,9.37,9.05,100173,92339258.0,3.56,4.11,0.37,2.52
2023-09-05,9.31,9.25,9.36,9.18,55010,50909161.0,1.92,-1.28,-0.12,1.39
2023-09-06,9.2,9.52,9.54,9.13,103693,97546385.0,4.43,2.92,0.27,2.61
2023-09-07,9.51,9.4,9.62,9.36,78068,73993221.0,2.73,-1.26,-0.12,1.97
2023-09-08,9.38,9.43,9.53,9.21,74753,70080178.0,3.4,0.32,0.03,1.88
2023-09-11,9.48,9.61,9.67,9.43,96055,91895218.0,2.55,1.91,0.18,2.42
2023-09-12,9.54,9.5,9.65,9.47,55976,53317556.0,1.87,-1.14,-0.11,1.41
2023-09-13,9.43,9.21,9.47,9.14,77133,71330498.0,3.47,-3.05,-0.29,1.94
2023-09-14,9.2,9.13,9.27,9.08,56788,51966325.0,2.06,-0.87,-0.08,1.43
2023-09-15,9.14,9.03,9.2,9.03,60627,55007990.0,1.86,-1.1,-0.1,1.53
2023-09-18,9.01,9.0,9.08,8.9,52897,47606323.0,1.99,-0.33,-0.03,1.33
2023-09-19,8.96,8.79,8.96,8.76,62768,55427626.0,2.22,-2.33,-0.21,1.58
2023-09-20,8.77,8.8,8.91,8.75,40452,35675852.0,1.82,0.11,0.01,1.02
2023-09-21,8.76,8.73,8.89,8.7,37953,33317192.0,2.16,-0.8,-0.07,0.96
2023-09-22,8.76,9.17,9.19,8.69,95343,85875875.0,5.73,5.04,0.44,2.4
2023-09-25,9.17,9.05,9.21,9.02,47228,42981206.0,2.07,-1.31,-0.12,1.19
2023-09-26,9.02,9.1,9.16,9.02,36467,33231494.0,1.55,0.55,0.05,0.92
2023-09-27,9.08,9.1,9.23,9.03,48421,44242487.0,2.2,0.0,0.0,1.22
2023-09-28,9.1,9.27,9.35,9.08,58448,54019059.0,2.97,1.87,0.17,1.47
2023-10-09,9.27,9.31,9.36,9.22,51689,48052323.0,1.51,0.43,0.04,1.3
2023-10-10,9.32,9.44,9.52,9.26,62757,59288934.0,2.79,1.4,0.13,1.58
2023-10-11,9.47,9.69,9.93,9.35,171110,166563383.0,6.14,2.65,0.25,4.31
2023-10-12,9.76,9.52,9.86,9.45,99683,95481955.0,4.23,-1.75,-0.17,2.51
2023-10-13,9.46,9.36,9.49,9.33,54055,50778416.0,1.68,-1.68,-0.16,1.32
2023-10-16,9.4,9.4,9.47,9.22,57294,53414108.0,2.67,0.43,0.04,1.4
2023-10-17,9.54,9.75,9.83,9.48,193314,187123663.0,3.72,3.72,0.35,4.72
2023-10-18,9.6,9.45,9.61,9.32,120812,114271055.0,2.97,-3.08,-0.3,2.95
2023-10-19,9.49,9.33,9.64,9.32,89245,84618267.0,3.39,-1.27,-0.12,2.18
2023-10-20,9.24,9.0,9.38,8.97,88337,80498892.0,4.39,-3.54,-0.33,2.16
2023-10-23,8.97,8.68,9.03,8.6,78116,68506955.0,4.78,-3.56,-0.32,1.91
2023-10-24,8.68,8.97,9.0,8.52,79123,69501646.0,5.53,3.34,0.29,1.93
2023-10-25,9.38,9.64,9.99,9.38,257726,248756787.0,6.8,7.47,0.67,6.3
2023-10-26,9.5,9.41,9.57,9.3,123606,116147738.0,2.8,-2.39,-0.23,3.02
2023-10-27,9.38,9.21,9.43,9.11,110754,102257168.0,3.4,-2.13,-0.2,2.71
2023-10-30,9.16,9.45,9.45,9.16,93991,87839744.0,3.15,2.61,0.24,2.3
2023-10-31,9.41,9.29,9.52,9.22,71593,66726450.0,3.17,-1.69,-0.16,1.75
2023-11-01,9.32,9.28,9.42,9.24,61063,56924594.0,1.94,-0.11,-0.01,1.49
2023-11-02,9.28,9.09,9.39,9.08,63697,58735854.0,3.34,-2.05,-0.19,1.56
2023-11-03,9.08,9.28,9.33,9.08,57828,53562853.0,2.75,2.09,0.19,1.41
2023-11-06,9.37,9.57,9.57,9.3,90007,85390869.0,2.91,3.13,0.29,2.2
2023-11-07,9.59,9.71,9.74,9.46,95796,92257506.0,2.93,1.46,0.14,2.34
2023-11-08,9.77,9.78,9.92,9.68,117259,115001856.0,2.47,0.72,0.07,2.87
2023-11-09,9.85,9.75,9.92,9.65,82447,80531679.0,2.76,-0.31,-0.03,2.02
2023-11-10,9.74,9.7,9.77,9.61,53581,51869482.0,1.64,-0.51,-0.05,1.31
2023-11-13,9.74,9.9,9.9,9.7,95120,93521838.0,2.06,2.06,0.2,2.32
2023-11-14,10.08,10.43,10.49,9.94,349896,361368033.0,5.56,5.35,0.53,8.55
2023-11-15,10.48,10.19,10.49,10.13,249007,255217578.0,3.45,-2.3,-0.24,6.09
2023-11-16,10.16,10.12,10.3,10.03,132243,134545387.0,2.65,-0.69,-0.07,3.23
2023-11-17,10.1,10.1,10.17,9.99,112823,113546876.0,1.78,-0.2,-0.02,2.76
2023-11-20,10.11,10.3,10.34,10.02,131323,133945956.0,3.17,1.98,0.2,3.21
2023-11-21,10.25,10.03,10.26,10.0,110807,112030807.0,2.52,-2.62,-0.27,2.71
2023-11-22,10.0,9.93,10.13,9.93,86043,86212541.0,1.99,-1.0,-0.1,2.1
2023-11-23,9.82,9.98,10.03,9.78,66181,65736530.0,2.52,0.5,0.05,1.62
2023-11-24,9.96,9.69,10.0,9.64,93250,91112719.0,3.61,-2.91,-0.29,2.28
2023-11-27,9.65,9.74,9.88,9.64,61453,60030998.0,2.48,0.52,0.05,1.5
2023-11-28,9.77,9.8,9.92,9.67,57954,56807246.0,2.57,0.62,0.06,1.42
2023-11-29,9.82,9.74,9.92,9.68,62153,60907082.0,2.45,-0.61,-0.06,1.52
2023-11-30,9.78,9.63,9.78,9.5,58995,56724433.0,2.87,-1.13,-0.11,1.44
2023-12-01,9.61,10.07,10.17,9.57,130198,128982698.0,6.23,4.57,0.44,3.18
2023-12-04,10.03,10.03,10.2,9.99,102248,103006064.0,2.09,-0.4,-0.04,2.5
2023-12-05,10.23,9.76,10.35,9.76,185833,187473656.0,5.88,-2.69,-0.27,4.54
2023-12-06,9.72,9.78,9.92,9.65,106580,103991113.0,2.77,0.2,0.02,2.6
2023-12-07,9.72,9.96,10.02,9.71,104714,103928803.0,3.17,1.84,0.18,2.56
2023-12-08,9.99,9.83,10.06,9.8,87679,86664743.0,2.61,-1.31,-0.13,2.14
2023-12-11,9.79,10.1,10.1,9.69,113254,112501648.0,4.17,2.75,0.27,2.77
2023-12-12,10.07,10.23,10.3,10.01,129772,132228343.0,2.87,1.29,0.13,3.17
2023-12-13,10.2,10.07,10.2,10.04,89498,90500505.0,1.56,-1.56,-0.16,2.19
2023-12-14,10.09,9.95,10.15,9.93,79636,79879817.0,2.18,-1.19,-0.12,1.95
2023-12-15,9.95,9.84,10.01,9.74,75943,74745025.0,2.71,-1.11,-0.11,1.86
2023-12-18,9.81,9.72,9.99,9.67,71508,70200920.0,3.25,-1.22,-0.12,1.75
2023-12-19,9.75,9.79,9.82,9.57,61414,59664688.0,2.57,0.72,0.07,1.5
2023-12-20,9.8,9.53,9.88,9.51,62685,60628018.0,3.78,-2.66,-0.26,1.53
2023-12-21,9.48,9.63,9.68,9.37,63695,60707658.0,3.25,1.05,0.1,1.56
2023-12-22,9.63,9.33,9.69,9.31,69885,66005998.0,3.95,-3.12,-0.3,1.71
2023-12-25,9.35,9.29,9.46,9.2,46829,43494535.0,2.79,-0.43,-0.04,1.14
2023-12-26,9.37,9.06,9.37,9.02,50809,46245076.0,3.77,-2.48,-0.23,1.24
2023-12-27,9.08,9.22,9.23,9.08,43800,40190199.0,1.66,1.77,0.16,1.07
2023-12-28,9.2,9.41,9.43,9.09,59013,54948409.0,3.69,2.06,0.19,1.44
2023-12-29,9.41,9.59,9.6,9.39,48381,46115145.0,2.23,1.91,0.18,1.18
2024-01-02,9.59,9.94,10.42,9.55,243583,243565862.0,9.07,3.65,0.35,5.95
2024-01-03,9.93,9.71,9.96,9.61,169292,165024645.0,3.52,-2.31,-0.23,4.14
2024-01-04,9.75,9.76,9.98,9.56,139840,137226475.0,4.33,0.51,0.05,3.42
2024-01-05,9.77,9.46,9.83,9.42,115393,110638252.0,4.2,-3.07,-0.3,2.82
2024-01-08,9.42,9.3,9.63,9.25,80463,75866837.0,4.02,-1.69,-0.16,1.97
2024-01-09,9.39,9.19,9.5,9.14,77853,72390259.0,3.87,-1.18,-0.11,1.9
2024-01-10,9.19,8.99,9.19,8.9,77582,70042655.0,3.16,-2.18,-0.2,1.9
2024-01-11,9.02,9.39,9.39,8.97,101321,93924832.0,4.67,4.45,0.4,2.48
2024-01-12,9.35,9.11,9.39,9.1,77224,71168827.0,3.09,-2.98,-0.28,1.89
2024-01-15,9.04,9.08,9.11,8.9,68739,61908501.0,2.31,-0.33,-0.03,1.68
2024-01-16,9.03,8.94,9.03,8.77,84198,74730811.0,2.86,-1.54,-0.14,2.06
2024-01-17,9.05,8.77,9.05,8.75,44738,39652854.0,3.36,-1.9,-0.17,1.09
2024-01-18,8.7,8.63,8.76,8.38,81378,69494146.0,4.33,-1.6,-0.14,1.99
2024-01-19,8.67,8.43,8.67,8.41,59015,50208135.0,3.01,-2.32,-0.2,1.44
2024-01-22,8.38,7.86,8.48,7.74,84376,68232141.0,8.78,-6.76,-0.57,2.06
2024-01-23,7.84,7.81,7.92,7.66,82386,64015463.0,3.31,-0.64,-0.05,2.01
2024-01-24,7.82,7.91,7.93,7.52,81678,63449238.0,5.25,1.28,0.1,2.0
2024-01-25,7.88,8.15,8.17,7.81,76056,61107693.0,4.55,3.03,0.24,1.86
2024-01-26,8.15,8.09,8.29,8.08,62781,51349638.0,2.58,-0.74,-0.06,1.53
2024-01-29,8.08,7.79,8.15,7.77,51845,40969249.0,4.7,-3.71,-0.3,1.27
2024-01-30,7.7,7.48,7.8,7.45,54332,41423233.0,4.49,-3.98,-0.31,1.33
2024-01-31,7.5,6.96,7.5,6.9,85375,61386973.0,8.02,-6.95,-0.52,2.09
2024-02-01,6.91,6.91,7.08,6.71,68102,46965665.0,5.32,-0.72,-0.05,1.66
2024-02-02,6.94,6.52,7.14,6.22,99414,65878795.0,13.31,-5.64,-0.39,2.43
2024-02-05,6.46,5.68,6.52,5.51,156046,91281095.0,15.49,-12.88,-0.84,3.81
2024-02-06,5.5,5.88,6.11,5.25,147653,82888036.0,15.14,3.52,0.2,3.61
2024-02-07,5.78,5.72,6.03,5.62,106694,62387570.0,6.97,-2.72,-0.16,2.61
2024-02-08,5.72,6.67,6.72,5.71,147030,91282808.0,17.66,16.61,0.95,3.59
2024-02-19,6.8,7.0,7.13,6.8,138414,96378535.0,4.95,4.95,0.33,3.38
2024-02-20,6.99,6.97,7.03,6.79,73959,51338585.0,3.43,-0.43,-0.03,1.81
2024-02-21,6.88,7.05,7.26,6.84,83311,59126909.0,6.03,1.15,0.08,2.04
2024-02-22,7.07,7.3,7.39,7.02,93056,67440997.0,5.25,3.55,0.25,2.27
2024-02-23,7.35,7.69,7.7,7.3,111246,83522503.0,5.48,5.34,0.39,2.72
2024-02-26,7.69,7.75,7.95,7.52,121328,93701620.0,5.59,0.78,0.06,2.97
2024-02-27,7.75,8.04,8.05,7.65,88869,69878336.0,5.16,3.74,0.29,2.17
2024-02-28,8.12,7.21,8.17,7.16,161818,125133438.0,12.56,-10.32,-0.83,3.95
2024-02-29,7.16,7.65,7.67,7.15,109692,82512075.0,7.21,6.1,0.44,2.68
2024-03-01,7.65,7.89,7.9,7.64,97576,75950785.0,3.4,3.14,0.24,2.38
2024-03-04,7.9,7.87,7.96,7.58,83634,64973289.0,4.82,-0.25,-0.02,2.04
2024-03-05,7.87,7.66,7.89,7.63,62395,48159685.0,3.3,-2.67,-0.21,1.52
2024-03-06,7.63,7.75,7.81,7.6,64952,50094040.0,2.74,1.17,0.09,1.59
2024-03-07,7.7,7.58,7.9,7.56,70878,54850414.0,4.39,-2.19,-0.17,1.73
2024-03-08,7.58,7.7,7.71,7.53,53274,40711461.0,2.37,1.58,0.12,1.3
2024-03-11,7.67,7.85,7.85,7.56,60304,46678521.0,3.77,1.95,0.15,1.47
2024-03-12,7.84,7.92,7.96,7.78,72326,57046208.0,2.29,0.89,0.07,1.77
2024-03-13,7.92,8.04,8.14,7.88,114409,91898826.0,3.28,1.52,0.12,2.8
2024-03-14,7.96,7.92,8.03,7.76,82229,64994396.0,3.36,-1.49,-0.12,2.01
2024-03-15,7.92,7.98,7.98,7.76,57732,45482504.0,2.78,0.76,0.06,1.41
2024-03-18,8.0,8.16,8.16,8.0,76784,62046287.0,2.01,2.26,0.18,1.88
2024-03-19,8.2,8.25,8.77,8.2,227186,191528346.0,6.99,1.1,0.09,5.55
2024-03-20,8.25,8.43,8.44,8.18,156763,130396828.0,3.15,2.18,0.18,3.83
2024-03-21,8.46,8.42,8.49,8.27,125453,105395598.0,2.61,-0.12,-0.01,3.07
2024-03-22,8.42,8.31,8.45,8.15,105364,87281900.0,3.56,-1.31,-0.11,2.58
2024-03-25,8.44,8.07,8.6,8.07,114680,95375788.0,6.38,-2.89,-0.24,2.8
2024-03-26,8.05,7.89,8.16,7.71,88854,70267264.0,5.58,-2.23,-0.18,2.17
2024-03-27,7.87,7.46,7.9,7.44,78251,59789936.0,5.83,-5.45,-0.43,1.91
2024-03-28,7.51,7.78,7.86,7.47,79963,61808457.0,5.23,4.29,0.32,1.95
2024-03-29,7.87,8.01,8.34,7.72,136274,109358901.0,7.97,2.96,0.23,3.33
2024-04-01,8.02,8.47,8.52,7.98,202081,167069833.0,6.74,5.74,0.46,4.94
2024-04-02,8.38,8.15,8.4,8.02,158824,129614686.0,4.49,-3.78,-0.32,3.88
2024-04-03,8.16,7.99,8.17,7.85,102147,81202584.0,3.93,-1.96,-0.16,2.5
2024-04-08,7.99,7.66,7.99,7.63,82453,63758573.0,4.51,-4.13,-0.33,2.02
2024-04-09,7.71,7.73,7.82,7.64,51032,39334643.0,2.35,0.91,0.07,1.25
2024-04-10,7.69,7.39,7.7,7.34,76029,56735461.0,4.66,-4.4,-0.34,1.86
2024-04-11,7.34,7.4,7.54,7.31,47010,35015998.0,3.11,0.14,0.01,1.15
2024-04-12,7.41,7.33,7.52,7.3,46462,34350701.0,2.97,-0.95,-0.07,1.14
2024-04-15,7.25,7.0,7.42,6.9,77476,54888604.0,7.09,-4.5,-0.33,1.89
2024-04-16,6.96,6.51,7.0,6.51,80690,53878266.0,7.0,-7.0,-0.49,1.97
2024-04-17,6.64,7.1,7.1,6.64,71258,49647475.0,7.07,9.06,0.59,1.74
2024-04-18,7.16,7.03,7.18,6.99,58145,41149723.0,2.68,-0.99,-0.07,1.42
2024-04-19,7.02,6.89,7.05,6.86,43221,29946683.0,2.7,-1.99,-0.14,1.06
2024-04-22,6.82,6.9,6.96,6.62,38110,26011005.0,4.93,0.15,0.01,0.93
2024-04-23,6.92,7.04,7.13,6.92,46841,32960004.0,3.04,2.03,0.14,1.14
2024-04-24,7.04,7.31,7.31,7.04,56891,41130036.0,3.84,3.84,0.27,1.39
2024-04-25,7.26,7.28,7.34,7.18,49555,36057210.0,2.19,-0.41,-0.03,1.21
2024-04-26,7.28,7.3,7.34,7.06,91730,66291938.0,3.85,0.27,0.02,2.24
2024-04-29,7.3,7.47,7.5,7.25,73819,54668441.0,3.42,2.33,0.17,1.8
2024-04-30,7.54,7.43,7.54,7.3,58934,43718345.0,3.21,-0.54,-0.04,1.44
2024-05-06,7.55,7.46,7.62,7.45,47227,35535787.0,2.29,0.4,0.03,1.15
2024-05-07,7.46,7.44,7.51,7.35,45061,33490747.0,2.14,-0.27,-0.02,1.1
2024-05-08,7.41,7.22,7.41,7.21,41541,30248679.0,2.69,-2.96,-0.22,1.02
2024-05-09,7.13,7.29,7.36,7.13,33755,24672876.0,3.19,0.97,0.07,0.82
2024-05-10,7.26,7.1,7.32,7.06,49526,35347739.0,3.57,-2.61,-0.19,1.21
2024-05-13,7.42,7.09,7.45,7.06,103007,74842796.0,5.49,-0.14,-0.01,2.52
2024-05-14,7.3,7.22,7.4,7.13,89523,64862997.0,3.81,1.83,0.13,2.19
2024-05-15,7.09,6.99,7.13,6.98,75579,53112401.0,2.08,-3.19,-0.23,1.85
2024-05-16,6.95,7.14,7.23,6.95,64259,45777668.0,4.01,2.15,0.15,1.57
2024-05-17,7.14,7.31,7.31,7.09,67905,49235494.0,3.08,2.38,0.17,1.66
2024-05-20,7.33,7.25,7.4,7.21,64744,47217632.0,2.6,-0.82,-0.06,1.58
2024-05-21,7.24,7.15,7.29,7.12,42108,30210628.0,2.34,-1.38,-0.1,1.03
2024-05-22,7.17,7.22,7.24,7.08,31114,22393570.94,2.24,0.98,0.07,0.76
