日期,开盘,收盘,最高,最低,成交量,成交额,振幅,涨跌幅,涨跌额,换手率
2021-01-04,5.18,5.18,5.22,5.11,125681,64820807.0,2.13,0.39,0.02,1.87
2021-01-05,5.14,5.05,5.19,5.02,111426,56587582.0,3.28,-2.51,-0.13,1.66
2021-01-06,5.04,4.89,5.08,4.89,106682,52792374.0,3.76,-3.17,-0.16,1.59
2021-01-07,4.9,4.52,4.91,4.47,209980,97248875.0,9.0,-7.57,-0.37,3.13
2021-01-08,4.55,4.59,4.74,4.35,181435,83188905.0,8.63,1.55,0.07,2.7
2021-01-11,4.68,4.45,4.83,4.4,169509,77979419.0,9.37,-3.05,-0.14,2.53
2021-01-12,4.48,4.48,4.67,4.41,107804,48590300.0,5.84,0.67,0.03,1.61
2021-01-13,4.49,4.26,4.49,4.26,150313,65237254.0,5.13,-4.91,-0.22,2.24
2021-01-14,4.28,4.27,4.36,4.15,133921,57186893.0,4.93,0.23,0.01,2.0
2021-01-15,4.25,4.43,4.43,4.25,138698,60687892.0,4.22,3.75,0.16,2.07
2021-01-18,4.41,4.46,4.56,4.41,115323,51784455.0,3.39,0.68,0.03,1.72
2021-01-19,4.44,4.58,4.64,4.41,145808,66477868.0,5.16,2.69,0.12,2.17
2021-01-20,4.58,4.52,4.66,4.49,118210,53741692.0,3.71,-1.31,-0.06,1.76
2021-01-21,4.55,4.6,4.67,4.5,127594,58710921.0,3.76,1.77,0.08,1.9
2021-01-22,4.67,4.46,4.67,4.45,127474,57567034.0,4.78,-3.04,-0.14,1.9
2021-01-25,4.47,4.28,4.52,4.25,122475,53141554.0,6.05,-4.04,-0.18,1.82
2021-01-26,4.3,4.24,4.44,4.22,130091,56325636.0,5.14,-0.93,-0.04,1.94
2021-01-27,4.25,4.12,4.28,4.1,130376,54587808.0,4.25,-2.83,-0.12,1.94
2021-01-28,4.1,4.21,4.3,4.06,148691,62637817.0,5.83,2.18,0.09,2.22
2021-01-29,4.21,4.05,4.24,4.01,135466,55499734.0,5.46,-3.8,-0.16,2.02
2021-02-01,4.02,3.98,4.19,3.94,160032,64766882.0,6.17,-1.73,-0.07,2.38
2021-02-02,3.98,3.84,4.03,3.8,142422,55425128.0,5.78,-3.52,-0.14,2.12
2021-02-03,3.88,3.71,3.88,3.71,117114,44207943.0,4.43,-3.39,-0.13,1.74
2021-02-04,3.71,3.58,3.75,3.53,136198,49057515.0,5.93,-3.5,-0.13,2.03
2021-02-05,3.6,3.6,3.77,3.58,140496,51428084.0,5.31,0.56,0.02,2.09
2021-02-08,3.66,3.54,3.68,3.52,105733,37890716.0,4.44,-1.67,-0.06,1.58
2021-02-09,3.55,3.6,3.62,3.5,101028,35993937.0,3.39,1.69,0.06,1.51
2021-02-10,3.65,3.62,3.72,3.61,106346,38816180.0,3.06,0.56,0.02,1.58
2021-02-18,3.8,3.88,3.94,3.76,173824,67279576.0,4.97,7.18,0.26,2.59
2021-02-19,3.9,4.21,4.25,3.9,226139,92752342.0,9.02,8.51,0.33,3.37
2021-02-22,4.18,4.24,4.37,4.18,201358,86313125.0,4.51,0.71,0.03,3.0
2021-02-23,4.22,4.19,4.33,4.18,145802,61851720.0,3.54,-1.18,-0.05,2.17
2021-02-24,4.23,4.34,4.37,4.23,170077,73197479.0,3.34,3.58,0.15,2.53
2021-02-25,4.37,4.25,4.4,4.21,140873,60001227.0,4.38,-2.07,-0.09,2.1
2021-02-26,4.21,4.32,4.4,4.21,158966,68512492.0,4.47,1.65,0.07,2.37
2021-03-01,4.31,4.54,4.59,4.31,184930,82901756.0,6.48,5.09,0.22,2.76
2021-03-02,4.52,4.5,4.59,4.47,119437,53901448.0,2.64,-0.88,-0.04,1.78
2021-03-03,4.51,4.49,4.59,4.45,109242,49138192.0,3.11,-0.22,-0.01,1.63
2021-03-04,4.48,4.49,4.63,4.47,126928,57507706.0,3.56,0.0,0.0,1.89
2021-03-05,4.52,4.67,4.73,4.5,168851,78384492.0,5.12,4.01,0.18,2.52
2021-03-08,4.68,4.67,4.8,4.65,148285,70027755.0,3.21,0.0,0.0,2.21
2021-03-09,4.67,4.42,4.68,4.35,168213,76142394.0,7.07,-5.35,-0.25,2.51
2021-03-10,4.47,4.24,4.5,4.23,128538,55703340.0,6.11,-4.07,-0.18,1.92
2021-03-11,4.29,4.39,4.39,4.2,117212,50430275.0,4.48,3.54,0.15,1.75
2021-03-12,4.38,4.29,4.43,4.23,103288,44373622.0,4.56,-2.28,-0.1,1.54
2021-03-15,4.25,4.23,4.3,4.16,82642,35050609.0,3.26,-1.4,-0.06,1.23
2021-03-16,4.29,4.37,4.45,4.23,109829,47747239.0,5.2,3.31,0.14,1.64
2021-03-17,4.34,4.39,4.59,4.34,138841,61849728.0,5.72,0.46,0.02,2.07
2021-03-18,4.39,4.26,4.45,4.23,118995,51198715.0,5.01,-2.96,-0.13,1.77
2021-03-19,4.26,4.47,4.56,4.18,229215,100832823.0,8.92,4.93,0.21,3.42
2021-03-22,4.46,4.39,4.5,4.34,168893,74141366.0,3.58,-1.79,-0.08,2.52
2021-03-23,4.41,4.33,4.41,4.25,122058,52595997.0,3.64,-1.37,-0.06,1.82
2021-03-24,4.28,4.26,4.36,4.23,87201,37352632.0,3.0,-1.62,-0.07,1.3
2021-03-25,4.25,4.31,4.44,4.2,133654,57833030.0,5.63,1.17,0.05,1.99
2021-03-26,4.27,4.15,4.33,4.13,156887,66331138.0,4.64,-3.71,-0.16,2.34
2021-03-29,4.17,3.95,4.18,3.9,199612,79770269.0,6.75,-4.82,-0.2,2.97
2021-03-30,3.96,3.82,3.96,3.8,133698,51384558.0,4.05,-3.29,-0.13,1.99
2021-03-31,3.8,3.84,3.93,3.78,95586,36837577.0,3.93,0.52,0.02,1.42
2021-04-01,3.84,3.83,3.85,3.79,69664,26622214.0,1.56,-0.26,-0.01,1.04
2021-04-02,3.83,3.87,3.88,3.78,87364,33611954.0,2.61,1.04,0.04,1.3
2021-04-06,3.86,4.0,4.13,3.85,166221,66542754.0,7.24,3.36,0.13,2.48
2021-04-07,4.0,4.05,4.08,3.96,97312,39219468.0,3.0,1.25,0.05,1.45
2021-04-08,4.06,3.96,4.11,3.93,94821,37890595.0,4.44,-2.22,-0.09,1.41
2021-04-09,3.96,3.96,4.01,3.89,69729,27587592.0,3.03,0.0,0.0,1.04
2021-04-12,3.98,3.97,4.03,3.91,98664,39057790.0,3.03,0.25,0.01,1.47
2021-04-13,3.95,4.39,4.68,3.89,447744,192647137.0,19.9,10.58,0.42,6.67
2021-04-14,4.27,4.44,4.54,4.22,401356,175920878.0,7.29,1.14,0.05,5.98
2021-04-15,4.61,4.35,4.71,4.32,306600,135954431.0,8.78,-2.03,-0.09,4.57
2021-04-16,4.32,4.49,4.59,4.32,316768,142050206.0,6.21,3.22,0.14,4.72
2021-04-19,4.43,4.46,4.58,4.41,241658,108650006.0,3.79,-0.67,-0.03,3.6
2021-04-20,4.44,4.38,4.49,4.35,173241,76472292.0,3.14,-1.79,-0.08,2.58
2021-04-21,4.37,4.5,4.57,4.3,254169,112955989.0,6.16,2.74,0.12,3.79
2021-04-22,4.47,4.87,4.97,4.44,514364,240774674.0,11.78,8.22,0.37,7.66
2021-04-23,4.82,4.6,4.88,4.6,351694,165022977.0,5.75,-5.54,-0.27,5.24
2021-04-26,4.66,4.46,4.69,4.45,245476,112172137.0,5.22,-3.04,-0.14,3.66
2021-04-27,4.41,4.33,4.49,4.31,172975,75800770.0,4.04,-2.91,-0.13,2.58
2021-04-28,4.3,4.09,4.36,4.08,191011,79893627.0,6.47,-5.54,-0.24,2.85
2021-04-29,4.16,4.91,4.91,4.16,315889,149724969.0,18.34,20.05,0.82,4.71
2021-04-30,5.09,5.14,5.48,5.03,947644,496932208.0,9.16,4.68,0.23,14.12
2021-05-06,5.24,5.72,5.88,5.08,848157,465994784.0,15.56,11.28,0.58,12.64
2021-05-07,5.61,5.42,5.77,5.38,711908,394938864.0,6.82,-5.24,-0.3,10.61
2021-05-10,5.45,5.51,5.67,5.37,513480,282349776.0,5.54,1.66,0.09,7.65
2021-05-11,5.4,6.06,6.35,5.26,792184,460864928.0,19.78,9.98,0.55,11.8
2021-05-12,5.8,6.0,6.03,5.62,606613,354262832.0,6.77,-0.99,-0.06,9.04
2021-05-13,5.78,5.73,5.94,5.64,459926,266495664.0,5.0,-4.5,-0.27,6.85
2021-05-14,5.75,5.47,5.86,5.45,429793,238730134.0,7.16,-4.54,-0.26,6.4
2021-05-17,5.48,5.34,5.48,5.14,301753,159869887.0,6.22,-2.38,-0.13,4.5
2021-05-18,5.35,5.44,5.63,5.28,341376,186832157.0,6.55,1.87,0.1,5.09
2021-05-19,5.41,5.25,5.58,5.22,333532,180576868.0,6.62,-3.49,-0.19,4.97
2021-05-20,5.4,5.35,5.66,5.3,373238,203476424.0,6.86,1.9,0.1,5.56
2021-05-21,5.35,5.55,5.63,5.27,458019,252185315.0,6.73,3.74,0.2,6.82
2021-05-24,5.6,5.32,5.6,5.27,374416,200626318.0,5.95,-4.14,-0.23,5.58
2021-05-25,5.34,5.27,5.35,5.13,278150,145111203.0,4.14,-0.94,-0.05,4.14
2021-05-26,5.26,5.39,5.53,5.23,331899,178929872.0,5.69,2.28,0.12,4.95
2021-05-27,5.36,5.36,5.49,5.31,235315,126884995.0,3.34,-0.56,-0.03,3.51
2021-05-28,5.35,5.14,5.4,5.14,281109,146853166.0,4.85,-4.1,-0.22,4.19
2021-05-31,5.2,5.44,5.57,5.15,378496,203507822.0,8.17,5.84,0.3,5.64
2021-06-01,5.45,5.44,5.64,5.37,338554,186258459.0,4.96,0.0,0.0,5.04
2021-06-02,5.41,5.19,5.42,5.17,277959,145925361.0,4.6,-4.6,-0.25,4.14
2021-06-03,5.22,5.17,5.28,5.17,154453,80412223.0,2.12,-0.39,-0.02,2.3
2021-06-04,5.15,5.03,5.22,5.01,173961,88363869.0,4.06,-2.71,-0.14,2.59
2021-06-07,5.02,5.12,5.17,4.98,166568,84398692.0,3.78,1.79,0.09,2.48
2021-06-08,5.12,5.03,5.17,5.02,139839,70968905.0,2.93,-1.76,-0.09,2.08
2021-06-09,5.04,5.08,5.13,4.99,121534,61677537.0,2.78,0.99,0.05,1.81
2021-06-10,5.09,5.21,5.24,5.07,223231,115979047.0,3.35,2.56,0.13,3.33
2021-06-11,5.21,5.38,5.45,5.15,331178,177249958.0,5.76,3.26,0.17,4.93
2021-06-15,5.42,5.21,5.57,5.2,241914,129159218.0,6.88,-3.16,-0.17,3.6
2021-06-16,5.24,5.5,5.73,5.15,471845,259155758.0,11.13,5.57,0.29,7.03
2021-06-17,5.56,5.58,5.69,5.42,353246,195769033.0,4.91,1.45,0.08,5.26
2021-06-18,5.63,5.61,5.69,5.53,334780,187797793.0,2.87,0.54,0.03,4.99
2021-06-21,5.55,5.55,5.68,5.47,257401,143112088.0,3.74,-1.07,-0.06,3.84
2021-06-22,5.54,5.47,5.6,5.42,218283,119797434.0,3.24,-1.44,-0.08,3.25
2021-06-23,5.64,5.95,6.09,5.51,669518,389631056.0,10.6,8.78,0.48,9.98
2021-06-24,5.85,5.75,5.98,5.73,397109,230292339.0,4.2,-3.36,-0.2,5.92
2021-06-25,5.77,5.6,5.86,5.59,289801,165186808.0,4.7,-2.61,-0.15,4.32
2021-06-28,5.79,5.95,6.14,5.73,470425,280503024.0,7.32,6.25,0.35,7.01
2021-06-29,5.95,6.38,6.66,5.92,653988,414921920.0,12.44,7.23,0.43,9.74
2021-06-30,6.32,6.26,6.49,6.14,452068,282466144.0,5.49,-1.88,-0.12,6.73
2021-07-01,6.29,6.52,6.57,6.14,503917,323663744.0,6.87,4.15,0.26,7.51
2021-07-02,6.45,6.22,6.51,6.16,354784,223476910.0,5.37,-4.6,-0.3,5.28
2021-07-05,6.25,6.06,6.34,5.88,330265,199541664.0,7.4,-2.57,-0.16,4.92
2021-07-06,6.02,5.95,6.09,5.82,243057,144317802.0,4.46,-1.82,-0.11,3.62
2021-07-07,5.88,6.07,6.24,5.6,348600,205907506.0,10.76,2.02,0.12,5.19
2021-07-08,6.0,5.94,6.03,5.85,232792,137928782.0,2.97,-2.14,-0.13,3.47
2021-07-09,5.88,5.9,6.02,5.83,132133,78050740.0,3.2,-0.67,-0.04,1.97
2021-07-12,5.94,6.15,6.19,5.93,248292,151633543.0,4.41,4.24,0.25,3.7
2021-07-13,6.12,6.05,6.26,6.03,192963,117706708.0,3.74,-1.63,-0.1,2.87
2021-07-14,6.03,5.61,6.03,5.61,281589,163081061.0,6.94,-7.27,-0.44,4.19
2021-07-15,5.65,5.48,5.67,5.42,213572,117893327.0,4.46,-2.32,-0.13,3.18
2021-07-16,5.49,5.52,5.59,5.47,126023,69605451.0,2.19,0.73,0.04,1.88
2021-07-19,5.52,5.39,5.54,5.36,112390,60863913.0,3.26,-2.36,-0.13,1.67
2021-07-20,5.38,5.32,5.41,5.3,117877,62967147.0,2.04,-1.3,-0.07,1.76
2021-07-21,5.37,5.58,5.58,5.33,152954,84016292.0,4.7,4.89,0.26,2.28
2021-07-22,5.53,5.48,5.62,5.47,129057,71387776.0,2.69,-1.79,-0.1,1.92
2021-07-23,5.54,5.49,5.63,5.48,135026,74872043.0,2.74,0.18,0.01,2.01
2021-07-26,5.49,5.22,5.49,5.12,159997,83948044.0,6.74,-4.92,-0.27,2.38
2021-07-27,5.22,5.07,5.3,5.05,117494,60816716.0,4.79,-2.87,-0.15,1.75
2021-07-28,5.07,5.04,5.15,4.94,103666,52380948.0,4.14,-0.59,-0.03,1.54
2021-07-29,5.1,5.15,5.19,5.08,87337,44886199.0,2.18,2.18,0.11,1.3
2021-07-30,5.12,5.14,5.25,5.09,100684,51903629.0,3.11,-0.19,-0.01,1.5
2021-08-02,5.1,5.19,5.21,5.05,126173,64707476.0,3.11,0.97,0.05,1.88
2021-08-03,5.18,5.38,5.41,5.15,165816,88453839.0,5.01,3.66,0.19,2.47
2021-08-04,5.4,5.33,5.42,5.26,103274,54841787.0,2.97,-0.93,-0.05,1.54
2021-08-05,5.29,5.17,5.35,5.14,111948,58501292.0,3.94,-3.0,-0.16,1.67
2021-08-06,5.13,5.12,5.19,5.08,92075,47123900.0,2.13,-0.97,-0.05,1.37
2021-08-09,5.12,5.39,5.39,5.1,144423,76192674.0,5.66,5.27,0.27,2.15
2021-08-10,5.34,5.56,5.58,5.31,189751,104496185.0,5.01,3.15,0.17,2.83
2021-08-11,5.64,5.47,5.68,5.45,251899,140099084.0,4.14,-1.62,-0.09,3.75
2021-08-12,5.53,5.42,5.62,5.39,197473,108574135.0,4.2,-0.91,-0.05,2.94
2021-08-13,5.4,5.33,5.42,5.27,161517,86139447.0,2.77,-1.66,-0.09,2.41
2021-08-16,5.31,5.28,5.37,5.26,124143,65863954.0,2.06,-0.94,-0.05,1.85
2021-08-17,5.28,5.1,5.33,5.07,145307,75051148.0,4.92,-3.41,-0.18,2.16
2021-08-18,5.12,5.15,5.18,5.05,104924,53684574.0,2.55,0.98,0.05,1.56
2021-08-19,5.11,5.1,5.23,5.07,102375,52563239.0,3.11,-0.97,-0.05,1.53
2021-08-20,5.1,5.01,5.1,4.92,110708,55196370.0,3.53,-1.76,-0.09,1.65
2021-08-23,5.05,5.17,5.21,5.02,116239,59729554.0,3.79,3.19,0.16,1.73
2021-08-24,5.16,5.11,5.19,5.1,95018,48692206.0,1.74,-1.16,-0.06,1.42
2021-08-25,5.1,5.07,5.11,5.03,94490,47797771.0,1.57,-0.78,-0.04,1.41
2021-08-26,5.05,4.96,5.08,4.96,108672,54425937.0,2.37,-2.17,-0.11,1.62
2021-08-27,5.04,5.2,5.27,4.93,229966,118032735.0,6.85,4.84,0.24,3.43
2021-08-30,5.21,5.11,5.29,5.08,177089,91564164.0,4.04,-1.73,-0.09,2.64
2021-08-31,5.01,5.06,5.11,4.92,131421,66004706.0,3.72,-0.98,-0.05,1.96
2021-09-01,5.06,5.06,5.14,5.01,133486,67704872.0,2.57,0.0,0.0,1.99
2021-09-02,5.16,5.26,5.27,5.07,229320,118868925.0,3.95,3.95,0.2,3.42
2021-09-03,5.44,5.51,5.95,5.4,394394,221602624.0,10.46,4.75,0.25,5.88
2021-09-06,5.5,5.39,5.6,5.35,230146,125068694.0,4.54,-2.18,-0.12,3.43
2021-09-07,5.37,5.49,5.59,5.31,246608,134062033.0,5.19,1.86,0.1,3.67
2021-09-08,5.54,5.6,5.61,5.43,242824,134081179.0,3.28,2.0,0.11,3.62
2021-09-09,5.62,5.44,5.62,5.42,172137,94659760.0,3.57,-2.86,-0.16,2.56
2021-09-10,5.41,5.52,5.52,5.37,156531,85253491.0,2.76,1.47,0.08,2.33
2021-09-13,5.5,5.59,5.64,5.38,206216,114398596.0,4.71,1.27,0.07,3.07
2021-09-14,5.56,5.68,5.88,5.56,311883,179710454.0,5.72,1.61,0.09,4.65
2021-09-15,5.78,5.66,5.78,5.58,181488,102429970.0,3.52,-0.35,-0.02,2.7
2021-09-16,5.64,5.45,5.71,5.42,186051,103102395.0,5.12,-3.71,-0.21,2.77
2021-09-17,5.5,5.43,5.5,5.36,115290,62520990.0,2.57,-0.37,-0.02,1.72
2021-09-22,5.33,5.44,5.45,5.32,87603,47249266.0,2.39,0.18,0.01,1.3
2021-09-23,5.43,5.52,5.57,5.41,133601,73443562.0,2.94,1.47,0.08,1.99
2021-09-24,5.49,5.34,5.64,5.32,173369,95143595.0,5.8,-3.26,-0.18,2.58
2021-09-27,5.34,5.11,5.46,5.09,158165,82571037.0,6.93,-4.31,-0.23,2.36
2021-09-28,5.07,5.11,5.13,5.05,71577,36445511.0,1.57,0.0,0.0,1.07
2021-09-29,5.1,4.94,5.1,4.94,94008,47061913.0,3.13,-3.33,-0.17,1.4
2021-09-30,4.95,5.11,5.13,4.95,73049,37023664.0,3.64,3.44,0.17,1.09
2021-10-08,5.14,5.47,5.47,5.12,233970,125266075.0,6.85,7.05,0.36,3.49
2021-10-11,5.4,5.61,5.68,5.4,254876,141716900.0,5.12,2.56,0.14,3.8
2021-10-12,5.68,5.62,5.76,5.56,230336,129518410.0,3.57,0.18,0.01,3.43
2021-10-13,5.72,5.56,5.72,5.43,149434,82565315.0,5.16,-1.07,-0.06,2.23
2021-10-14,5.57,5.53,5.61,5.45,104656,57813341.0,2.88,-0.54,-0.03,1.56
2021-10-15,5.58,5.67,5.83,5.5,243831,139297208.0,5.97,2.53,0.14,3.63
2021-10-18,5.6,5.58,5.62,5.48,152353,84377698.0,2.47,-1.59,-0.09,2.27
2021-10-19,5.61,5.57,5.74,5.55,155307,87462418.0,3.41,-0.18,-0.01,2.31
2021-10-20,5.61,5.53,5.7,5.5,141808,79300292.0,3.59,-0.72,-0.04,2.11
2021-10-21,5.47,5.48,5.53,5.35,171303,93047976.0,3.25,-0.9,-0.05,2.55
2021-10-22,5.46,5.24,5.5,5.19,177806,93945237.0,5.66,-4.38,-0.24,2.65
2021-10-25,5.18,5.2,5.25,5.12,94565,48960730.0,2.48,-0.76,-0.04,1.41
2021-10-26,5.21,5.16,5.23,5.13,78562,40645780.0,1.92,-0.77,-0.04,1.17
2021-10-27,5.17,5.05,5.19,5.01,100391,50756302.0,3.49,-2.13,-0.11,1.5
2021-10-28,5.04,4.99,5.08,4.97,88251,44143354.0,2.18,-1.19,-0.06,1.31
2021-10-29,4.82,4.36,4.82,4.31,363974,161988195.0,10.22,-12.63,-0.63,5.42
2021-11-01,4.3,4.35,4.39,4.25,164095,70679969.0,3.21,-0.23,-0.01,2.44
2021-11-02,4.35,4.37,4.52,4.16,233802,101477191.0,8.28,0.46,0.02,3.48
2021-11-03,4.25,4.3,4.33,4.21,126656,54064046.0,2.75,-1.6,-0.07,1.89
2021-11-04,4.31,4.31,4.36,4.26,104489,44887726.0,2.33,0.23,0.01,1.56
2021-11-05,4.32,4.35,4.51,4.3,178928,79021910.0,4.87,0.93,0.04,2.67
2021-11-08,4.36,4.39,4.42,4.28,101699,44397708.0,3.22,0.92,0.04,1.51
2021-11-09,4.39,4.45,4.48,4.36,93378,41324340.0,2.73,1.37,0.06,1.39
2021-11-10,4.43,4.52,4.59,4.42,116428,52720262.0,3.82,1.57,0.07,1.73
2021-11-11,4.49,4.54,4.59,4.46,101303,45964403.0,2.88,0.44,0.02,1.51
2021-11-12,4.53,4.55,4.6,4.49,85406,38753462.0,2.42,0.22,0.01,1.27
2021-11-15,4.55,4.67,4.69,4.53,109987,50772622.0,3.52,2.64,0.12,1.64
2021-11-16,4.67,4.55,4.69,4.54,98426,45308392.0,3.21,-2.57,-0.12,1.47
2021-11-17,4.51,4.65,4.67,4.51,63968,29565930.0,3.52,2.2,0.1,0.95
2021-11-18,4.67,4.53,4.7,4.52,84286,38582769.0,3.87,-2.58,-0.12,1.26
2021-11-19,4.5,4.54,4.58,4.5,56626,25718137.0,1.77,0.22,0.01,0.84
2021-11-22,4.55,4.5,4.56,4.46,68160,30680336.0,2.2,-0.88,-0.04,1.02
2021-11-23,4.5,4.46,4.55,4.39,113041,50395817.0,3.56,-0.89,-0.04,1.68
2021-11-24,4.45,4.58,4.81,4.37,278582,128202140.0,9.87,2.69,0.12,4.15
2021-11-25,4.54,4.67,4.75,4.46,299721,138771926.0,6.33,1.97,0.09,4.46
2021-11-26,4.64,4.55,4.66,4.5,170146,77480088.0,3.43,-2.57,-0.12,2.53
2021-11-29,4.46,4.44,4.54,4.42,126477,56537795.0,2.64,-2.42,-0.11,1.88
2021-11-30,4.47,4.64,4.74,4.46,260204,120425496.0,6.31,4.5,0.2,3.88
2021-12-01,4.63,4.75,4.8,4.58,260845,123210066.0,4.74,2.37,0.11,3.89
2021-12-02,4.75,4.63,4.75,4.62,134738,62993986.0,2.74,-2.53,-0.12,2.01
2021-12-03,4.67,4.65,4.69,4.61,98830,45877174.0,1.73,0.43,0.02,1.47
2021-12-06,4.64,4.5,4.65,4.48,122869,55869012.0,3.66,-3.23,-0.15,1.83
2021-12-07,4.56,4.56,4.67,4.52,126497,58060978.0,3.33,1.33,0.06,1.88
2021-12-08,4.58,4.53,4.59,4.51,90007,40918677.0,1.75,-0.66,-0.03,1.34
2021-12-09,4.54,4.53,4.59,4.51,99541,45216724.0,1.77,0.0,0.0,1.48
2021-12-10,4.53,4.49,4.55,4.47,79994,36029334.0,1.77,-0.88,-0.04,1.19
2021-12-13,4.48,4.52,4.55,4.46,85849,38721442.0,2.0,0.67,0.03,1.28
2021-12-14,4.52,4.6,4.64,4.49,136294,62614090.0,3.32,1.77,0.08,2.03
2021-12-15,4.61,4.6,4.71,4.58,112010,51966356.0,2.83,0.0,0.0,1.67
2021-12-16,4.63,4.67,4.72,4.6,146157,68160743.0,2.61,1.52,0.07,2.18
2021-12-17,4.68,4.69,4.75,4.58,149078,69568471.0,3.64,0.43,0.02,2.22
2021-12-20,4.69,4.67,4.74,4.62,129592,60696458.0,2.56,-0.43,-0.02,1.93
2021-12-21,4.69,4.87,4.88,4.69,247578,118741435.0,4.07,4.28,0.2,3.69
2021-12-22,4.93,4.92,5.08,4.84,315425,156450997.0,4.93,1.03,0.05,4.7
2021-12-23,4.88,4.75,4.97,4.74,190201,91890658.0,4.67,-3.46,-0.17,2.83
2021-12-24,4.77,4.72,4.81,4.66,118852,55948273.0,3.16,-0.63,-0.03,1.77
2021-12-27,4.73,4.75,4.78,4.66,97227,45970799.0,2.54,0.64,0.03,1.45
2021-12-28,4.78,4.83,4.88,4.72,115678,55784181.0,3.37,1.68,0.08,1.72
2021-12-29,4.8,4.77,4.85,4.7,109958,52361311.0,3.11,-1.24,-0.06,1.64
2021-12-30,4.76,4.86,4.92,4.75,160932,78306686.0,3.56,1.89,0.09,2.4
2021-12-31,4.82,4.75,4.85,4.72,155787,74320927.0,2.67,-2.26,-0.11,2.32
2022-01-04,4.76,4.94,4.97,4.75,222967,109511346.0,4.63,4.0,0.19,3.32
2022-01-05,4.94,4.9,4.97,4.84,142510,69929903.0,2.63,-0.81,-0.04,2.12
2022-01-06,4.95,4.92,4.96,4.83,104266,51121350.0,2.65,0.41,0.02,1.55
2022-01-07,4.88,4.77,4.98,4.75,131629,64088132.0,4.67,-3.05,-0.15,1.96
2022-01-10,4.78,4.81,4.89,4.69,96957,46569184.0,4.19,0.84,0.04,1.44
2022-01-11,4.8,4.77,4.88,4.73,110934,53316577.0,3.12,-0.83,-0.04,1.65
2022-01-12,4.79,4.85,4.9,4.75,122012,59202961.0,3.14,1.68,0.08,1.82
2022-01-13,4.88,4.83,4.94,4.83,121527,59418357.0,2.27,-0.41,-0.02,1.81
2022-01-14,4.85,4.75,4.91,4.74,116155,55909987.0,3.52,-1.66,-0.08,1.73
2022-01-17,4.75,5.11,5.17,4.74,365083,182262708.0,9.05,7.58,0.36,5.44
2022-01-18,5.33,6.13,6.13,5.33,507401,297871520.0,15.66,19.96,1.02,7.56
2022-01-19,6.03,6.23,6.54,5.6,1452741,903591200.0,15.33,1.63,0.1,21.64
2022-01-20,6.01,5.84,6.23,5.71,880626,518880960.0,8.35,-6.26,-0.39,13.12
2022-01-21,5.67,5.88,6.53,5.62,869854,527792064.0,15.58,0.68,0.04,12.96
2022-01-24,5.73,5.94,6.19,5.69,646864,381033792.0,8.5,1.02,0.06,9.64
2022-01-25,5.8,5.48,5.82,5.46,563045,315375216.0,6.06,-7.74,-0.46,8.39
2022-01-26,5.43,5.45,5.52,5.21,383973,205523106.0,5.66,-0.55,-0.03,5.72
2022-01-27,5.41,4.94,5.45,4.9,409804,207501072.0,10.09,-9.36,-0.51,6.1
2022-01-28,5.02,5.13,5.27,4.98,317696,163283251.0,5.87,3.85,0.19,4.73
2022-02-07,5.18,4.98,5.24,4.79,324540,160734243.0,8.77,-2.92,-0.15,4.83
2022-02-08,4.9,5.14,5.14,4.86,274167,138278229.0,5.62,3.21,0.16,4.08
2022-02-09,5.42,5.32,5.45,5.11,554307,291330256.0,6.61,3.5,0.18,8.26
2022-02-10,5.23,5.26,5.28,5.17,326374,170471069.0,2.07,-1.13,-0.06,4.86
2022-02-11,5.2,5.09,5.29,5.02,288531,147737093.0,5.13,-3.23,-0.17,4.3
2022-02-14,5.04,5.09,5.15,4.96,194805,99201871.0,3.73,0.0,0.0,2.9
2022-02-15,5.08,5.07,5.21,4.98,240602,122534045.0,4.52,-0.39,-0.02,3.58
2022-02-16,5.1,5.11,5.2,5.05,172900,88122502.0,2.96,0.79,0.04,2.58
2022-02-17,5.11,5.09,5.28,5.05,310901,161034515.0,4.5,-0.39,-0.02,4.63
2022-02-18,5.07,5.37,5.44,5.07,478957,253119961.0,7.27,5.5,0.28,7.13
2022-02-21,5.53,5.86,6.0,5.49,706891,406839904.0,9.5,9.12,0.49,10.53
2022-02-22,5.73,5.82,5.92,5.63,530751,307665056.0,4.95,-0.68,-0.04,7.91
2022-02-23,5.75,6.07,6.45,5.62,642075,385299248.0,14.26,4.3,0.25,9.56
2022-02-24,5.95,5.71,6.08,5.58,621774,363620160.0,8.24,-5.93,-0.36,9.26
2022-02-25,5.82,5.61,5.84,5.6,310471,177297409.0,4.2,-1.75,-0.1,4.62
2022-02-28,5.56,5.51,5.75,5.43,231341,127752540.0,5.7,-1.78,-0.1,3.45
2022-03-01,5.52,5.58,5.68,5.46,228539,127213857.0,3.99,1.27,0.07,3.4
2022-03-02,5.47,5.75,5.82,5.45,304886,174323352.0,6.63,3.05,0.17,4.54
2022-03-03,5.86,5.66,5.89,5.62,249321,141723650.0,4.7,-1.57,-0.09,3.71
2022-03-04,5.7,5.49,5.72,5.46,200768,111581968.0,4.59,-3.0,-0.17,2.99
2022-03-07,5.44,5.38,5.56,5.36,162410,88553672.0,3.64,-2.0,-0.11,2.42
2022-03-08,5.39,5.64,5.88,5.39,463371,260799433.0,9.11,4.83,0.26,6.9
2022-03-09,5.54,5.77,5.83,5.21,480321,266112378.0,10.99,2.3,0.13,7.16
2022-03-10,5.9,5.76,6.05,5.72,585863,344191024.0,5.72,-0.17,-0.01,8.73
2022-03-11,5.6,6.2,6.41,5.54,771985,465341312.0,15.1,7.64,0.44,11.5
2022-03-14,5.98,5.83,6.2,5.78,522414,311860064.0,6.77,-5.97,-0.37,7.78
2022-03-15,5.75,5.7,6.04,5.7,449769,265184119.0,5.83,-2.23,-0.13,6.7
2022-03-16,5.81,6.08,6.13,5.75,626798,375228144.0,6.67,6.67,0.38,9.34
2022-03-17,6.0,5.97,6.12,5.89,616098,369722656.0,3.78,-1.81,-0.11,9.18
2022-03-18,5.9,6.54,6.9,5.82,976211,624119680.0,18.09,9.55,0.57,14.54
2022-03-21,6.51,6.39,6.66,6.24,692869,442431520.0,6.42,-2.29,-0.15,10.32
2022-03-22,6.3,6.43,6.49,6.16,563843,356577488.0,5.16,0.63,0.04,8.4
2022-03-23,6.38,6.1,6.38,6.1,411604,254767061.0,4.35,-5.13,-0.33,6.13
2022-03-24,6.01,6.04,6.2,5.92,324697,197160237.0,4.59,-0.98,-0.06,4.84
2022-03-25,6.01,5.77,6.08,5.77,340443,201403312.0,5.13,-4.47,-0.27,5.07
2022-03-28,5.75,5.61,5.83,5.56,251899,143357039.0,4.68,-2.77,-0.16,3.75
2022-03-29,5.64,5.66,5.7,5.52,216872,121867526.0,3.21,0.89,0.05,3.23
2022-03-30,5.63,5.79,5.82,5.52,246073,140784017.0,5.3,2.3,0.13,3.67
2022-03-31,5.77,5.78,5.82,5.68,189345,108899476.0,2.42,-0.17,-0.01,2.82
2022-04-01,5.82,6.06,6.22,5.81,466246,282418688.0,7.09,4.84,0.28,6.95
2022-04-06,5.98,6.09,6.26,5.92,346356,211527608.0,5.61,0.5,0.03,5.16
2022-04-07,6.0,5.8,6.11,5.8,255719,151828848.0,5.09,-4.76,-0.29,3.81
2022-04-08,5.8,5.46,5.83,5.41,315166,175809603.0,7.24,-5.86,-0.34,4.69
2022-04-11,5.4,5.01,5.45,4.89,350504,180596656.0,10.26,-8.24,-0.45,5.22
2022-04-12,4.96,4.97,5.04,4.78,265849,130290880.0,5.19,-0.8,-0.04,3.96
2022-04-13,4.97,4.74,4.97,4.73,192838,92599616.0,4.83,-4.63,-0.23,2.87
2022-04-14,4.76,4.65,4.88,4.63,186851,88285817.0,5.27,-1.9,-0.09,2.78
2022-04-15,4.63,4.53,4.65,4.44,190459,86384176.0,4.52,-2.58,-0.12,2.84
2022-04-18,4.44,4.47,4.54,4.39,132471,58834312.0,3.31,-1.32,-0.06,1.97
2022-04-19,4.48,4.48,4.53,4.42,111145,49766283.0,2.46,0.22,0.01,1.66
2022-04-20,4.57,4.38,4.63,4.35,179064,80517008.0,6.25,-2.23,-0.1,2.67
2022-04-21,4.35,4.13,4.42,4.1,204047,86406899.0,7.31,-5.71,-0.25,3.04
2022-04-22,4.1,3.96,4.17,3.96,161619,65321098.0,5.08,-4.12,-0.17,2.41
2022-04-25,3.9,3.55,3.92,3.53,228165,84907020.0,9.85,-10.35,-0.41,3.4
2022-04-26,3.52,3.36,3.64,3.36,187363,65716387.0,7.89,-5.35,-0.19,2.79
2022-04-27,3.24,3.54,3.54,3.24,181808,62094798.0,8.93,5.36,0.18,2.71
2022-04-28,3.49,3.44,3.53,3.39,161128,55660425.0,3.95,-2.82,-0.1,2.4
2022-04-29,3.49,3.64,3.67,3.46,155106,55631321.0,6.1,5.81,0.2,2.31
2022-05-05,3.64,3.61,3.69,3.55,141197,51175433.0,3.85,-0.82,-0.03,2.1
2022-05-06,3.57,3.54,3.66,3.46,140735,50110334.0,5.54,-1.94,-0.07,2.1
2022-05-09,3.57,3.63,3.71,3.57,117039,42631596.0,3.95,2.54,0.09,1.74
2022-05-10,3.57,3.64,3.66,3.56,114579,41474315.0,2.75,0.28,0.01,1.71
2022-05-11,3.68,3.6,3.75,3.59,158889,58535058.0,4.4,-1.1,-0.04,2.37
2022-05-12,3.61,3.68,3.72,3.58,135852,49533139.0,3.89,2.22,0.08,2.02
2022-05-13,3.63,3.71,3.71,3.63,100887,37071710.0,2.17,0.82,0.03,1.5
2022-05-16,3.73,3.73,3.78,3.68,117289,43748092.0,2.7,0.54,0.02,1.75
2022-05-17,3.73,3.63,3.77,3.58,141784,51483839.0,5.09,-2.68,-0.1,2.11
2022-05-18,3.7,3.77,3.87,3.69,208509,78739689.0,4.96,3.86,0.14,3.11
2022-05-19,3.71,3.92,4.06,3.7,334448,130045725.0,9.55,3.98,0.15,4.98
2022-05-20,3.91,3.86,3.94,3.83,219640,85249066.0,2.81,-1.53,-0.06,3.27
2022-05-23,3.87,3.9,3.93,3.84,138950,53870295.0,2.33,1.04,0.04,2.07
2022-05-24,3.9,3.69,3.91,3.67,166221,62848767.0,6.15,-5.38,-0.21,2.48
2022-05-25,3.66,3.8,3.8,3.66,100111,37638508.0,3.79,2.98,0.11,1.49
2022-05-26,3.8,3.79,3.82,3.69,105577,39757145.0,3.42,-0.26,-0.01,1.57
2022-05-27,3.8,3.78,3.84,3.74,97412,36858135.0,2.64,-0.26,-0.01,1.45
2022-05-30,3.82,3.81,3.86,3.75,87164,33089854.0,2.91,0.79,0.03,1.3
2022-05-31,3.81,3.89,3.91,3.75,125873,48323719.0,4.2,2.1,0.08,1.88
2022-06-01,3.9,3.92,4.01,3.89,150481,59346361.0,3.08,0.77,0.03,2.24
2022-06-02,3.92,3.96,3.98,3.83,111474,43492701.0,3.83,1.02,0.04,1.66
2022-06-06,3.96,4.01,4.06,3.93,123271,49383679.0,3.28,1.26,0.05,1.84
2022-06-07,4.04,3.98,4.05,3.92,118957,47354558.0,3.24,-0.75,-0.03,1.77
2022-06-08,4.06,3.98,4.06,3.92,122826,48999429.0,3.52,0.0,0.0,1.83
2022-06-09,3.95,3.84,3.98,3.84,102633,39979381.0,3.52,-3.52,-0.14,1.53
2022-06-10,3.83,3.89,3.93,3.83,82384,32112066.0,2.6,1.3,0.05,1.23
2022-06-13,3.86,3.93,3.96,3.86,72082,28226247.0,2.57,1.03,0.04,1.07
2022-06-14,3.9,3.92,3.93,3.79,92329,35677499.0,3.56,-0.25,-0.01,1.38
2022-06-15,3.92,3.93,3.99,3.92,110053,43538249.0,1.79,0.26,0.01,1.64
2022-06-16,3.94,4.07,4.11,3.91,170803,68858386.0,5.09,3.56,0.14,2.54
2022-06-17,4.04,4.01,4.09,3.96,103814,41766127.0,3.19,-1.47,-0.06,1.55
2022-06-20,4.02,4.06,4.06,3.98,85497,34485239.0,2.0,1.25,0.05,1.27
2022-06-21,4.07,4.1,4.11,4.0,103074,41907681.0,2.71,0.99,0.04,1.54
2022-06-22,4.09,3.97,4.1,3.96,81298,32674303.0,3.41,-3.17,-0.13,1.21
2022-06-23,4.03,4.08,4.13,3.97,116836,47396234.0,4.03,2.77,0.11,1.74
2022-06-24,4.11,4.06,4.15,4.05,97906,40101312.0,2.45,-0.49,-0.02,1.46
2022-06-27,4.1,4.06,4.1,4.03,82131,33349273.0,1.72,0.0,0.0,1.22
2022-06-28,4.07,4.15,4.15,4.02,129806,53404071.0,3.2,2.22,0.09,1.93
2022-06-29,4.15,4.1,4.19,4.09,96443,39868151.0,2.41,-1.2,-0.05,1.44
2022-06-30,4.1,4.17,4.22,4.09,120318,50080765.0,3.17,1.71,0.07,1.79
2022-07-01,4.18,4.12,4.18,4.09,98689,40704727.0,2.16,-1.2,-0.05,1.47
2022-07-04,4.14,4.08,4.14,4.06,68125,27853252.0,1.94,-0.97,-0.04,1.01
2022-07-05,4.08,3.99,4.1,3.96,100025,40232556.0,3.43,-2.21,-0.09,1.49
2022-07-06,3.99,3.95,4.04,3.91,75317,29902992.0,3.26,-1.0,-0.04,1.12
2022-07-07,3.96,3.94,4.02,3.93,72772,28836430.0,2.28,-0.25,-0.01,1.08
2022-07-08,3.96,4.05,4.11,3.93,113073,45704407.0,4.57,2.79,0.11,1.68
2022-07-11,4.05,3.98,4.06,3.94,71307,28366494.0,2.96,-1.73,-0.07,1.06
2022-07-12,3.97,3.84,4.0,3.84,100966,39220976.0,4.02,-3.52,-0.14,1.5
2022-07-13,3.83,4.2,4.2,3.83,205035,82846769.0,9.64,9.38,0.36,3.05
2022-07-14,4.15,4.1,4.24,4.07,161986,66801801.0,4.05,-2.38,-0.1,2.41
2022-07-15,4.1,3.91,4.1,3.88,176504,69807172.0,5.37,-4.63,-0.19,2.63
2022-07-18,3.92,4.07,4.15,3.91,155756,63159832.0,6.14,4.09,0.16,2.32
2022-07-19,4.1,4.14,4.15,4.05,126584,51926008.0,2.46,1.72,0.07,1.89
2022-07-20,4.18,4.16,4.2,4.11,96404,40056699.0,2.17,0.48,0.02,1.44
2022-07-21,4.16,4.14,4.23,4.13,97973,40850690.0,2.4,-0.48,-0.02,1.46
2022-07-22,4.15,4.15,4.2,4.1,74662,30873043.0,2.42,0.24,0.01,1.11
2022-07-25,4.15,4.09,4.22,4.08,85988,35492832.0,3.37,-1.45,-0.06,1.28
2022-07-26,4.09,4.19,4.19,4.08,98249,40676317.0,2.69,2.44,0.1,1.46
2022-07-27,4.15,4.15,4.28,4.14,113761,47600643.0,3.34,-0.95,-0.04,1.69
2022-07-28,4.18,4.3,4.43,4.15,247391,105748297.0,6.75,3.61,0.15,3.69
2022-07-29,4.3,4.4,4.51,4.24,312434,137537743.0,6.28,2.33,0.1,4.65
2022-08-01,4.4,4.36,4.46,4.28,145453,63335854.0,4.09,-0.91,-0.04,2.17
2022-08-02,4.37,4.21,4.68,4.1,417654,183701538.0,13.3,-3.44,-0.15,6.22
2022-08-03,4.09,4.3,4.44,4.09,330329,142892100.0,8.31,2.14,0.09,4.92
2022-08-04,4.3,4.33,4.39,4.25,181539,78517382.0,3.26,0.7,0.03,2.7
2022-08-05,4.35,4.39,4.44,4.34,166293,72946646.0,2.31,1.39,0.06,2.48
2022-08-08,4.45,4.55,4.58,4.38,293385,132572273.0,4.56,3.64,0.16,4.37
2022-08-09,4.52,4.44,4.58,4.4,181601,80841869.0,3.96,-2.42,-0.11,2.71
2022-08-10,4.4,4.64,4.72,4.39,326383,149833000.0,7.43,4.5,0.2,4.86
2022-08-11,4.61,4.59,4.68,4.57,242258,111856960.0,2.37,-1.08,-0.05,3.61
2022-08-12,4.56,4.5,4.63,4.5,195060,88827038.0,2.83,-1.96,-0.09,2.91
2022-08-15,4.46,4.47,4.51,4.42,133070,59411019.0,2.0,-0.67,-0.03,1.98
2022-08-16,4.46,4.49,4.57,4.45,147041,66328034.0,2.68,0.45,0.02,2.19
2022-08-17,4.52,4.5,4.56,4.48,86149,38954199.0,1.78,0.22,0.01,1.28
2022-08-18,4.46,4.45,4.48,4.39,109075,48235932.0,2.0,-1.11,-0.05,1.62
2022-08-19,4.45,4.31,4.49,4.31,123471,54103386.0,4.04,-3.15,-0.14,1.84
2022-08-22,4.31,4.36,4.4,4.25,74634,32377683.0,3.48,1.16,0.05,1.11
2022-08-23,4.35,4.3,4.37,4.25,89240,38342005.0,2.75,-1.38,-0.06,1.33
2022-08-24,4.3,4.18,4.31,4.16,86508,36465744.0,3.49,-2.79,-0.12,1.29
2022-08-25,4.18,4.09,4.22,4.01,107390,43931216.0,5.02,-2.15,-0.09,1.6
2022-08-26,4.09,4.03,4.13,4.03,86242,35240207.0,2.44,-1.47,-0.06,1.28
2022-08-29,3.98,4.11,4.12,3.86,85663,34612087.0,6.45,1.99,0.08,1.28
2022-08-30,4.11,4.09,4.18,4.06,57518,23675423.0,2.92,-0.49,-0.02,0.86
2022-08-31,4.08,3.99,4.12,3.97,74788,30224149.0,3.67,-2.44,-0.1,1.11
2022-09-01,3.99,3.95,4.12,3.94,81577,32804136.0,4.51,-1.0,-0.04,1.22
2022-09-02,4.03,4.12,4.14,4.0,102281,41760781.0,3.54,4.3,0.17,1.52
2022-09-05,4.15,4.1,4.18,4.05,71248,29184595.0,3.16,-0.49,-0.02,1.06
2022-09-06,4.07,4.11,4.16,4.05,87813,35956125.0,2.68,0.24,0.01,1.31
2022-09-07,4.11,4.07,4.12,4.03,63656,25946132.0,2.19,-0.97,-0.04,0.95
2022-09-08,4.12,4.01,4.14,4.01,72358,29400597.0,3.19,-1.47,-0.06,1.08
2022-09-09,4.0,4.0,4.04,3.97,59447,23813408.0,1.75,-0.25,-0.01,0.89
2022-09-13,4.01,4.06,4.08,4.0,62982,25488624.0,2.0,1.5,0.06,0.94
2022-09-14,4.01,4.06,4.07,3.98,60362,24253896.0,2.22,0.0,0.0,0.9
2022-09-15,4.08,3.95,4.09,3.9,73365,29198950.0,4.68,-2.71,-0.11,1.09
2022-09-16,3.95,3.82,3.96,3.8,56413,21914320.0,4.05,-3.29,-0.13,0.84
2022-09-19,3.82,3.71,3.85,3.67,62083,23152175.0,4.71,-2.88,-0.11,0.92
2022-09-20,3.73,3.8,3.81,3.71,53256,20083955.0,2.7,2.43,0.09,0.79
2022-09-21,3.79,3.88,3.91,3.71,66682,25418021.0,5.26,2.11,0.08,0.99
2022-09-22,3.84,3.92,4.09,3.82,138837,55172683.0,6.96,1.03,0.04,2.07
2022-09-23,3.86,3.79,3.94,3.78,91267,35028850.0,4.08,-3.32,-0.13,1.36
2022-09-26,3.82,3.63,3.82,3.6,81382,29946231.0,5.8,-4.22,-0.16,1.21
2022-09-27,3.65,3.69,3.71,3.6,53066,19406178.0,3.03,1.65,0.06,0.79
2022-09-28,3.68,3.56,3.71,3.53,57097,20543317.0,4.88,-3.52,-0.13,0.85
2022-09-29,3.6,3.45,3.63,3.44,60369,21239756.0,5.34,-3.09,-0.11,0.9
2022-09-30,3.41,3.44,3.5,3.41,53600,18590468.0,2.61,-0.29,-0.01,0.8
2022-10-10,3.43,3.36,3.51,3.36,48106,16453333.0,4.36,-2.33,-0.08,0.72
2022-10-11,3.38,3.42,3.44,3.32,39721,13468412.0,3.57,1.79,0.06,0.59
2022-10-12,3.41,3.55,3.57,3.37,61118,21234983.0,5.85,3.8,0.13,0.91
2022-10-13,3.56,3.7,3.73,3.53,97014,35600639.0,5.63,4.23,0.15,1.45
2022-10-14,3.73,3.87,3.9,3.73,112651,43140938.0,4.59,4.59,0.17,1.68
2022-10-17,3.84,3.93,3.97,3.82,98315,38599561.0,3.88,1.55,0.06,1.46
2022-10-18,3.96,3.88,3.97,3.86,77658,30198480.0,2.8,-1.27,-0.05,1.16
2022-10-19,3.88,3.87,3.92,3.82,64881,25131231.0,2.58,-0.26,-0.01,0.97
2022-10-20,3.9,3.89,3.93,3.82,62370,24199916.0,2.84,0.52,0.02,0.93
2022-10-21,3.87,3.88,3.91,3.83,43013,16672816.0,2.06,-0.26,-0.01,0.64
2022-10-24,3.89,3.78,3.96,3.76,73855,28524882.0,5.15,-2.58,-0.1,1.1
2022-10-25,3.78,3.78,3.83,3.7,77308,29113417.0,3.44,0.0,0.0,1.15
2022-10-26,3.8,4.01,4.03,3.75,161865,64020104.0,7.41,6.08,0.23,2.41
2022-10-27,4.01,4.06,4.13,4.0,115898,47295933.0,3.24,1.25,0.05,1.73
2022-10-28,4.1,3.93,4.1,3.91,92769,37085508.0,4.68,-3.2,-0.13,1.38
2022-10-31,3.95,3.99,4.08,3.95,90534,36383834.0,3.31,1.53,0.06,1.35
2022-11-01,4.01,4.02,4.07,3.96,73326,29315146.0,2.76,0.75,0.03,1.09
2022-11-02,3.99,4.01,4.03,3.97,77645,31039190.0,1.49,-0.25,-0.01,1.16
2022-11-03,3.97,3.95,4.03,3.93,56108,22244572.0,2.49,-1.5,-0.06,0.84
2022-11-04,3.96,3.95,3.98,3.91,58526,23089398.0,1.77,0.0,0.0,0.87
2022-11-07,3.93,3.98,4.05,3.93,69095,27592481.0,3.04,0.76,0.03,1.03
2022-11-08,3.98,4.06,4.08,3.92,123798,49893803.0,4.02,2.01,0.08,1.84
2022-11-09,4.1,4.12,4.22,4.01,128113,52828471.0,5.17,1.48,0.06,1.91
2022-11-10,4.08,4.15,4.19,4.03,84723,35124873.0,3.88,0.73,0.03,1.26
2022-11-11,4.22,4.1,4.25,4.1,97795,40651024.0,3.61,-1.2,-0.05,1.46
2022-11-14,4.1,4.17,4.18,4.09,83434,34530482.0,2.2,1.71,0.07,1.24
2022-11-15,4.17,4.19,4.25,4.14,104593,43950722.0,2.64,0.48,0.02,1.56
2022-11-16,4.21,4.22,4.26,4.17,89495,37824403.0,2.15,0.72,0.03,1.33
2022-11-17,4.22,4.28,4.3,4.19,83759,35502941.0,2.61,1.42,0.06,1.25
2022-11-18,4.29,4.38,4.52,4.25,256067,112313409.0,6.31,2.34,0.1,3.81
2022-11-21,4.4,4.27,4.4,4.19,161090,68631558.0,4.79,-2.51,-0.11,2.4
2022-11-22,4.27,4.21,4.35,4.17,116643,49573221.0,4.22,-1.41,-0.06,1.74
2022-11-23,4.2,4.16,4.23,4.09,97449,40303741.0,3.33,-1.19,-0.05,1.45
2022-11-24,4.18,4.07,4.19,4.06,87428,35862194.0,3.13,-2.16,-0.09,1.3
2022-11-25,4.11,4.04,4.12,4.03,71393,28994743.0,2.21,-0.74,-0.03,1.06
2022-11-28,4.02,4.1,4.13,4.0,110312,44788049.0,3.22,1.49,0.06,1.64
2022-11-29,4.08,4.1,4.13,4.05,118018,48264690.0,1.95,0.0,0.0,1.76
2022-11-30,4.08,4.03,4.13,4.0,77118,31256645.0,3.17,-1.71,-0.07,1.15
2022-12-01,4.06,4.11,4.12,4.05,74199,30295988.0,1.74,1.99,0.08,1.11
2022-12-02,4.11,4.24,4.32,4.09,159423,67569698.0,5.6,3.16,0.13,2.37
2022-12-05,4.24,4.43,4.45,4.24,199313,87265925.0,4.95,4.48,0.19,2.97
2022-12-06,4.42,4.41,4.49,4.39,143483,63573122.0,2.26,-0.45,-0.02,2.14
2022-12-07,4.46,4.61,4.68,4.38,309528,140159225.0,6.8,4.54,0.2,4.61
2022-12-08,4.64,4.48,4.76,4.46,200239,91248239.0,6.51,-2.82,-0.13,2.98
2022-12-09,4.5,4.47,4.57,4.37,144962,64648959.0,4.46,-0.22,-0.01,2.16
2022-12-12,4.47,4.39,4.52,4.38,104881,46443951.0,3.13,-1.79,-0.08,1.56
2022-12-13,4.48,4.43,4.6,4.41,162130,72791967.0,4.33,0.91,0.04,2.42
2022-12-14,4.4,4.32,4.46,4.29,130448,56853872.0,3.84,-2.48,-0.11,1.94
2022-12-15,4.32,4.37,4.45,4.29,140485,61446966.0,3.7,1.16,0.05,2.09
2022-12-16,4.35,4.22,4.38,4.2,120724,51322135.0,4.12,-3.43,-0.15,1.8
2022-12-19,4.25,4.15,4.41,4.14,111945,47403406.0,6.4,-1.66,-0.07,1.67
2022-12-20,4.19,4.07,4.24,4.06,98630,40564477.0,4.34,-1.93,-0.08,1.47
2022-12-21,4.08,4.03,4.11,4.01,85156,34561100.0,2.46,-0.98,-0.04,1.27
2022-12-22,4.03,4.04,4.13,3.97,88526,35901532.0,3.97,0.25,0.01,1.32
2022-12-23,4.01,4.2,4.23,3.99,122073,50588986.0,5.94,3.96,0.16,1.82
2022-12-26,4.15,4.12,4.22,4.11,80326,33410759.0,2.62,-1.9,-0.08,1.2
2022-12-27,4.12,4.01,4.14,3.96,117808,47328464.0,4.37,-2.67,-0.11,1.75
2022-12-28,3.99,3.89,4.03,3.86,100963,39667206.0,4.24,-2.99,-0.12,1.5
2022-12-29,3.89,3.84,3.94,3.83,58698,22752095.0,2.83,-1.29,-0.05,0.87
2022-12-30,3.87,3.91,3.94,3.83,61824,24062422.0,2.86,1.82,0.07,0.92
2023-01-03,3.91,4.27,4.29,3.9,240356,100001158.0,9.97,9.21,0.36,3.58
2023-01-04,4.31,4.36,4.37,4.25,164026,71039261.0,2.81,2.11,0.09,2.44
2023-01-05,4.39,4.21,4.39,4.21,125842,53651629.0,4.13,-3.44,-0.15,1.87
2023-01-06,4.23,4.1,4.25,4.09,111592,46206430.0,3.8,-2.61,-0.11,1.66
2023-01-09,4.1,4.14,4.21,4.1,82395,34223865.0,2.68,0.98,0.04,1.23
2023-01-10,4.15,4.08,4.16,4.08,69227,28382710.0,1.93,-1.45,-0.06,1.03
2023-01-11,4.11,4.02,4.12,4.01,76243,30941508.0,2.7,-1.47,-0.06,1.14
2023-01-12,4.05,4.0,4.06,3.96,72528,29079573.0,2.49,-0.5,-0.02,1.08
2023-01-13,4.02,4.01,4.02,3.96,56973,22674335.0,1.5,0.25,0.01,0.85
2023-01-16,4.01,4.07,4.1,4.0,71012,28906468.0,2.49,1.5,0.06,1.06
2023-01-17,4.09,4.02,4.09,4.0,67133,27068333.0,2.21,-1.23,-0.05,1.0
2023-01-18,4.04,4.14,4.15,4.0,91184,37472893.0,3.73,2.99,0.12,1.36
2023-01-19,4.15,4.19,4.23,4.12,74330,31101376.0,2.66,1.21,0.05,1.11
2023-01-20,4.2,4.37,4.37,4.19,143957,62131230.0,4.3,4.3,0.18,2.14
2023-01-30,4.43,4.57,4.72,4.41,334562,153829987.0,7.09,4.58,0.2,4.98
2023-01-31,4.56,4.56,4.63,4.5,174077,79340609.0,2.84,-0.22,-0.01,2.59
2023-02-01,4.57,4.69,4.71,4.53,150570,69662174.0,3.95,2.85,0.13,2.24
2023-02-02,4.69,4.61,4.75,4.59,140512,65333601.0,3.41,-1.71,-0.08,2.09
2023-02-03,4.6,4.68,4.7,4.6,113278,52837902.0,2.17,1.52,0.07,1.69
2023-02-06,4.66,4.63,4.71,4.62,112278,52264383.0,1.92,-1.07,-0.05,1.67
2023-02-07,4.68,4.69,4.73,4.58,136174,63292021.0,3.24,1.3,0.06,2.03
2023-02-08,4.73,4.69,4.77,4.58,141108,66134707.0,4.05,0.0,0.0,2.1
2023-02-09,4.75,4.77,4.78,4.61,134001,62965893.0,3.62,1.71,0.08,2.0
2023-02-10,4.78,4.72,4.81,4.7,98849,46980621.0,2.31,-1.05,-0.05,1.47
2023-02-13,4.72,4.64,4.74,4.59,137395,64031967.0,3.18,-1.69,-0.08,2.05
2023-02-14,4.69,4.74,4.98,4.67,301347,144460745.0,6.68,2.16,0.1,4.49
2023-02-15,4.68,4.77,4.79,4.66,181796,86218371.0,2.74,0.63,0.03,2.71
2023-02-16,4.77,4.63,4.79,4.59,155700,73377015.0,4.19,-2.94,-0.14,2.32
2023-02-17,4.7,4.51,4.71,4.51,132405,60508665.0,4.32,-2.59,-0.12,1.97
2023-02-20,4.56,4.55,4.56,4.47,109669,49672402.0,2.0,0.89,0.04,1.63
2023-02-21,4.59,4.53,4.69,4.49,102731,46948365.0,4.4,-0.44,-0.02,1.53
2023-02-22,4.5,4.56,4.57,4.44,82885,37415411.0,2.87,0.66,0.03,1.23
2023-02-23,4.56,4.44,4.59,4.42,87793,39311791.0,3.73,-2.63,-0.12,1.31
2023-02-24,4.46,4.46,4.51,4.43,74864,33450847.0,1.8,0.45,0.02,1.12
2023-02-27,4.44,4.37,4.53,4.36,90689,40115077.0,3.81,-2.02,-0.09,1.35
2023-02-28,4.43,4.47,4.55,4.39,125532,56086011.0,3.66,2.29,0.1,1.87
2023-03-01,4.45,4.7,4.7,4.45,161709,74550726.0,5.59,5.15,0.23,2.41
2023-03-02,4.71,4.71,4.76,4.66,137040,64555440.0,2.13,0.21,0.01,2.04
2023-03-03,4.73,4.66,4.73,4.57,108711,50453460.0,3.4,-1.06,-0.05,1.62
2023-03-06,4.73,4.62,4.74,4.62,103406,48338222.0,2.58,-0.86,-0.04,1.54
2023-03-07,4.65,4.48,4.67,4.47,89768,40795392.0,4.33,-3.03,-0.14,1.34
2023-03-08,4.52,4.66,4.68,4.5,134805,62154132.0,4.02,4.02,0.18,2.01
2023-03-09,4.68,4.73,4.78,4.56,144664,67673699.0,4.72,1.5,0.07,2.16
2023-03-10,4.71,4.71,4.8,4.69,141815,67194458.0,2.33,-0.42,-0.02,2.11
2023-03-13,4.73,4.82,4.83,4.66,155387,73957020.0,3.61,2.34,0.11,2.31
2023-03-14,4.82,4.77,4.87,4.71,117437,56166884.0,3.32,-1.04,-0.05,1.75
2023-03-15,4.83,4.66,4.83,4.65,111150,52226278.0,3.77,-2.31,-0.11,1.66
2023-03-16,4.66,4.61,4.69,4.56,86941,40188533.0,2.79,-1.07,-0.05,1.3
2023-03-17,4.66,4.73,4.77,4.65,117309,55473122.0,2.6,2.6,0.12,1.75
2023-03-20,4.75,4.68,4.84,4.67,134520,63852049.0,3.59,-1.06,-0.05,2.0
2023-03-21,4.76,4.83,4.86,4.66,196368,94325948.0,4.27,3.21,0.15,2.93
2023-03-22,4.81,4.94,4.95,4.76,167539,81534228.0,3.93,2.28,0.11,2.5
2023-03-23,5.03,4.99,5.1,4.93,316239,158285715.0,3.44,1.01,0.05,4.71
2023-03-24,5.11,5.07,5.23,4.9,328693,166109969.0,6.61,1.6,0.08,4.9
2023-03-27,5.04,5.03,5.1,4.91,230636,115293273.0,3.75,-0.79,-0.04,3.44
2023-03-28,5.05,4.93,5.05,4.91,142888,70827755.0,2.78,-1.99,-0.1,2.13
2023-03-29,4.93,4.91,4.97,4.84,137224,67339282.0,2.64,-0.41,-0.02,2.04
2023-03-30,4.94,4.77,4.95,4.74,140582,67920750.0,4.28,-2.85,-0.14,2.09
2023-03-31,4.77,4.88,4.9,4.7,127207,61173402.0,4.19,2.31,0.11,1.89
2023-04-03,4.9,4.94,4.96,4.77,148577,72736204.0,3.89,1.23,0.06,2.21
2023-04-04,5.01,4.95,5.05,4.83,179683,88805889.0,4.45,0.2,0.01,2.68
2023-04-06,4.9,4.89,4.98,4.83,137119,67183955.0,3.03,-1.21,-0.06,2.04
2023-04-07,4.9,5.02,5.05,4.8,202202,100330828.0,5.11,2.66,0.13,3.01
2023-04-10,5.02,4.77,5.1,4.76,202493,99777244.0,6.77,-4.98,-0.25,3.02
2023-04-11,4.75,4.83,4.88,4.68,130404,62401677.0,4.19,1.26,0.06,1.94
2023-04-12,4.83,4.99,4.99,4.78,124142,60991409.0,4.35,3.31,0.16,1.85
2023-04-13,5.0,4.91,5.05,4.9,128857,63824097.0,3.01,-1.6,-0.08,1.92
2023-04-14,4.97,4.91,5.04,4.8,163313,79941738.0,4.89,0.0,0.0,2.43
2023-04-17,4.89,4.73,4.9,4.7,154773,73693435.0,4.07,-3.67,-0.18,2.31
2023-04-18,4.71,4.61,4.74,4.6,117982,54843910.0,2.96,-2.54,-0.12,1.76
2023-04-19,4.6,4.58,4.69,4.56,83575,38590967.0,2.82,-0.65,-0.03,1.24
2023-04-20,4.58,4.59,4.63,4.52,99816,45684033.0,2.4,0.22,0.01,1.49
2023-04-21,4.58,4.38,4.6,4.36,156834,69834277.0,5.23,-4.58,-0.21,2.34
2023-04-24,4.37,4.4,4.47,4.37,108942,48174853.0,2.28,0.46,0.02,1.62
2023-04-25,4.46,4.25,4.46,4.19,104747,44759920.0,6.14,-3.41,-0.15,1.56
2023-04-26,4.2,4.13,4.27,4.1,117627,49136357.0,4.0,-2.82,-0.12,1.75
2023-04-27,4.13,4.11,4.26,4.1,113206,47319405.0,3.87,-0.48,-0.02,1.69
2023-04-28,4.17,4.42,4.43,4.15,144160,62646195.0,6.81,7.54,0.31,2.15
2023-05-04,4.44,4.5,4.69,4.44,229169,104005523.0,5.66,1.81,0.08,3.41
2023-05-05,4.49,4.72,4.82,4.49,253562,118641908.0,7.33,4.89,0.22,3.78
2023-05-08,4.68,4.68,4.71,4.55,196878,91209760.0,3.39,-0.85,-0.04,2.93
2023-05-09,4.68,4.6,4.7,4.58,123250,57130525.0,2.56,-1.71,-0.08,1.84
2023-05-10,4.58,4.55,4.64,4.5,105937,48319715.0,3.04,-1.09,-0.05,1.58
2023-05-11,4.57,4.65,4.73,4.54,122466,56857379.0,4.18,2.2,0.1,1.82
2023-05-12,4.64,4.6,4.67,4.54,86300,39683112.0,2.8,-1.08,-0.05,1.29
2023-05-15,4.57,4.5,4.59,4.44,100096,44943981.0,3.26,-2.17,-0.1,1.49
2023-05-16,4.52,4.38,4.53,4.35,100179,44007497.0,4.0,-2.67,-0.12,1.49
2023-05-17,4.38,4.36,4.48,4.24,160643,70087770.0,5.48,-0.46,-0.02,2.39
2023-05-18,4.37,4.64,4.7,4.3,245171,110709640.0,9.17,6.42,0.28,3.65
2023-05-19,4.6,4.43,4.61,4.43,188684,84655680.0,3.88,-4.53,-0.21,2.81
2023-05-22,4.41,4.32,4.45,4.3,123521,53631701.0,3.39,-2.48,-0.11,1.84
2023-05-23,4.29,4.16,4.34,4.15,133313,55880072.0,4.4,-3.7,-0.16,1.99
2023-05-24,4.16,4.17,4.21,4.11,101081,42162602.0,2.4,0.24,0.01,1.51
2023-05-25,4.19,4.23,4.29,4.16,113905,47987316.0,3.12,1.44,0.06,1.7
2023-05-26,4.23,4.29,4.32,4.21,83596,35693813.0,2.6,1.42,0.06,1.25
2023-05-29,4.32,4.21,4.33,4.21,85274,36269980.0,2.8,-1.86,-0.08,1.27
2023-05-30,4.2,4.38,4.39,4.16,96631,41504784.0,5.46,4.04,0.17,1.44
2023-05-31,4.36,4.36,4.41,4.33,98472,43020100.0,1.83,-0.46,-0.02,1.47
2023-06-01,4.34,4.49,4.57,4.34,149186,66776149.0,5.28,2.98,0.13,2.22
2023-06-02,4.5,4.52,4.58,4.48,102649,46486327.0,2.23,0.67,0.03,1.53
2023-06-05,4.53,4.56,4.6,4.5,90398,41175651.0,2.21,0.88,0.04,1.35
2023-06-06,4.58,4.45,4.58,4.44,94193,42456436.0,3.07,-2.41,-0.11,1.4
2023-06-07,4.45,4.55,4.6,4.43,79729,36143787.0,3.82,2.25,0.1,1.19
2023-06-08,4.53,4.48,4.54,4.43,77432,34705880.0,2.42,-1.54,-0.07,1.15
2023-06-09,4.5,4.48,4.52,4.43,73902,33081796.0,2.01,0.0,0.0,1.1
2023-06-12,4.47,4.46,4.52,4.45,61232,27420633.0,1.56,-0.45,-0.02,0.91
2023-06-13,4.48,4.53,4.56,4.43,83064,37535727.0,2.91,1.57,0.07,1.24
2023-06-14,4.53,4.55,4.6,4.5,72711,33069865.0,2.21,0.44,0.02,1.08
2023-06-15,4.55,4.45,4.56,4.44,83769,37547874.0,2.64,-2.2,-0.1,1.25
2023-06-16,4.47,4.59,4.64,4.41,128120,58547573.0,5.17,3.15,0.14,1.91
2023-06-19,4.58,4.6,4.61,4.53,91533,41940944.0,1.74,0.22,0.01,1.36
2023-06-20,4.58,4.66,4.84,4.48,280067,130455871.0,7.83,1.3,0.06,4.17
2023-06-21,4.58,4.42,4.61,4.42,204508,92086903.0,4.08,-5.15,-0.24,3.05
2023-06-26,4.44,4.21,4.45,4.21,155400,66748258.0,5.43,-4.75,-0.21,2.31
2023-06-27,4.22,4.27,4.32,4.18,88146,37567183.0,3.33,1.43,0.06,1.31
2023-06-28,4.27,4.28,4.39,4.08,214862,90719370.0,7.26,0.23,0.01,3.2
2023-06-29,4.2,4.31,4.35,4.15,165751,70460048.0,4.67,0.7,0.03,2.47
2023-06-30,4.31,4.29,4.34,4.25,101892,43643671.0,2.09,-0.46,-0.02,1.52
2023-07-03,4.3,4.31,4.36,4.26,111705,48116292.0,2.33,0.47,0.02,1.66
2023-07-04,4.3,4.3,4.34,4.27,75868,32619121.0,1.62,-0.23,-0.01,1.13
2023-07-05,4.28,4.25,4.33,4.25,71279,30520608.0,1.86,-1.16,-0.05,1.06
2023-07-06,4.25,4.23,4.32,4.22,57194,24387516.0,2.35,-0.47,-0.02,0.85
2023-07-07,4.22,4.14,4.22,4.11,95136,39499462.0,2.6,-2.13,-0.09,1.42
2023-07-10,4.18,4.08,4.18,4.08,104494,42863917.0,2.42,-1.45,-0.06,1.56
2023-07-11,4.08,4.09,4.13,4.06,70458,28820603.0,1.72,0.25,0.01,1.05
2023-07-12,4.09,3.99,4.12,3.99,98139,39705333.0,3.18,-2.44,-0.1,1.46
2023-07-13,4.0,4.01,4.04,3.98,80788,32412731.0,1.5,0.5,0.02,1.2
2023-07-14,4.01,4.09,4.12,4.01,87237,35628348.0,2.74,2.0,0.08,1.3
2023-07-17,4.08,4.09,4.12,4.05,68057,27772712.0,1.71,0.0,0.0,1.01
2023-07-18,4.11,4.05,4.11,4.03,67315,27310703.0,1.96,-0.98,-0.04,1.0
2023-07-19,4.05,4.06,4.09,4.03,62071,25192803.0,1.48,0.25,0.01,0.92
2023-07-20,4.07,4.01,4.08,4.0,62353,25134908.0,1.97,-1.23,-0.05,0.93
2023-07-21,4.03,4.0,4.05,3.99,69064,27692347.0,1.5,-0.25,-0.01,1.03
2023-07-24,4.0,4.06,4.09,3.97,77524,31323590.0,3.0,1.5,0.06,1.15
2023-07-25,4.0,4.2,4.2,4.0,154114,63890409.0,4.93,3.45,0.14,2.3
2023-07-26,4.19,4.21,4.26,4.14,125115,52606505.0,2.86,0.24,0.01,1.86
2023-07-27,4.19,4.2,4.27,4.15,109129,45934375.0,2.85,-0.24,-0.01,1.63
2023-07-28,4.18,4.32,4.34,4.14,213737,90598475.0,4.76,2.86,0.12,3.18
2023-07-31,4.21,4.41,4.45,4.2,246946,106953377.0,5.79,2.08,0.09,3.68
2023-08-01,4.34,4.3,4.35,4.2,243338,104079522.0,3.4,-2.49,-0.11,3.62
2023-08-02,4.27,4.38,4.42,4.25,215365,93525609.0,3.95,1.86,0.08,3.21
2023-08-03,4.35,4.46,4.78,4.31,612066,277836626.0,10.73,1.83,0.08,9.12
2023-08-04,4.47,4.36,4.49,4.32,417378,182910477.0,3.81,-2.24,-0.1,6.22
2023-08-07,4.35,4.4,4.41,4.33,259234,113258560.0,1.83,0.92,0.04,3.86
2023-08-08,4.39,4.35,4.44,4.34,149897,65586530.0,2.27,-1.14,-0.05,2.23
2023-08-09,4.33,4.47,4.53,4.32,339844,150850782.0,4.83,2.76,0.12,5.06
2023-08-10,4.46,4.54,4.6,4.38,337668,151859968.0,4.92,1.57,0.07,5.03
2023-08-11,4.47,4.35,4.51,4.33,242278,106731148.0,3.96,-4.19,-0.19,3.61
2023-08-14,4.29,4.39,4.4,4.27,160879,69892551.0,2.99,0.92,0.04,2.4
2023-08-15,4.4,4.29,4.4,4.25,148395,63863613.0,3.42,-2.28,-0.1,2.21
2023-08-16,4.27,4.24,4.34,4.21,113544,48479302.0,3.03,-1.17,-0.05,1.69
2023-08-17,4.23,4.36,4.43,4.16,149827,64610405.0,6.37,2.83,0.12,2.23
2023-08-18,4.35,4.15,4.41,4.15,171932,73229371.0,5.96,-4.82,-0.21,2.56
2023-08-21,4.15,4.12,4.27,4.11,120393,50317158.0,3.86,-0.72,-0.03,1.79
2023-08-22,4.16,4.27,4.28,4.14,201497,85068203.0,3.4,3.64,0.15,3.0
2023-08-23,4.28,4.18,4.28,4.17,118687,50043900.0,2.58,-2.11,-0.09,1.77
2023-08-24,4.21,4.14,4.25,4.13,117996,49325493.0,2.87,-0.96,-0.04,1.76
2023-08-25,4.12,3.96,4.13,3.92,145417,58577563.0,5.07,-4.35,-0.18,2.17
2023-08-28,4.15,4.0,4.25,3.99,156663,63835462.0,6.57,1.01,0.04,2.33
2023-08-29,3.98,4.18,4.18,3.98,140217,57722197.0,5.0,4.5,0.18,2.09
2023-08-30,4.11,4.1,4.14,4.05,196702,80525159.0,2.15,-1.91,-0.08,2.93
2023-08-31,4.1,4.01,4.1,3.99,126129,50767246.0,2.68,-2.2,-0.09,1.88
2023-09-01,4.02,3.91,4.04,3.89,142921,56352354.0,3.74,-2.49,-0.1,2.13
2023-09-04,3.92,4.03,4.04,3.91,129058,51383367.0,3.32,3.07,0.12,1.92
2023-09-05,4.02,4.06,4.15,4.0,182067,74047032.0,3.72,0.74,0.03,2.71
2023-09-06,4.04,4.13,4.15,3.98,183090,74799525.0,4.19,1.72,0.07,2.73
2023-09-07,4.13,4.14,4.18,4.1,145719,60410522.0,1.94,0.24,0.01,2.17
2023-09-08,4.12,4.16,4.17,4.05,123908,50915640.0,2.9,0.48,0.02,1.85
2023-09-11,4.15,4.3,4.3,4.08,227407,95588141.0,5.29,3.37,0.14,3.39
2023-09-12,4.28,4.29,4.33,4.18,301446,128620224.0,3.49,-0.23,-0.01,4.49
2023-09-13,5.15,5.15,5.15,4.82,921083,469659969.0,7.69,20.05,0.86,13.72
2023-09-14,5.59,5.27,6.09,5.23,2248496,1265483166.0,16.7,2.33,0.12,33.49
2023-09-15,4.88,5.57,5.94,4.88,1904712,1018930069.0,20.11,5.69,0.3,28.37
2023-09-18,5.32,4.86,5.4,4.86,1322884,671398814.0,9.69,-12.75,-0.71,19.71
2023-09-19,4.82,4.86,5.03,4.74,903555,441775275.0,5.97,0.0,0.0,13.46
2023-09-20,4.8,4.54,4.86,4.47,853544,391391423.0,8.02,-6.58,-0.32,12.71
2023-09-21,4.48,4.56,4.72,4.43,679079,310398111.0,6.39,0.44,0.02,10.12
2023-09-22,4.51,4.55,4.56,4.43,576615,259446070.0,2.85,-0.22,-0.01,8.59
2023-09-25,4.52,4.49,4.56,4.45,473840,212727040.0,2.42,-1.32,-0.06,7.06
2023-09-26,4.46,4.39,4.49,4.37,438205,193081707.0,2.67,-2.23,-0.1,6.53
2023-09-27,4.4,4.34,4.49,4.34,401090,176715222.0,3.42,-1.14,-0.05,5.97
2023-09-28,4.37,4.41,4.47,4.37,385089,170363986.0,2.3,1.61,0.07,5.74
2023-10-09,4.44,4.36,4.45,4.35,309324,135799458.0,2.27,-1.13,-0.05,4.61
2023-10-10,4.39,4.45,4.5,4.37,376332,167843658.0,2.98,2.06,0.09,5.61
2023-10-11,4.45,4.47,4.52,4.38,312484,139090862.0,3.15,0.45,0.02,4.65
2023-10-12,4.45,4.45,4.49,4.41,221543,98456278.0,1.79,-0.45,-0.02,3.3
2023-10-13,4.44,4.45,4.52,4.41,228779,102043314.0,2.47,0.0,0.0,3.41
2023-10-16,4.44,4.42,4.47,4.39,191899,84788253.0,1.8,-0.67,-0.03,2.86
2023-10-17,4.41,4.43,4.49,4.41,205241,91141318.0,1.81,0.23,0.01,3.06
2023-10-18,4.43,4.38,4.45,4.31,281677,122937449.0,3.16,-1.13,-0.05,4.2
2023-10-19,4.37,4.32,4.43,4.3,235900,103071387.0,2.97,-1.37,-0.06,3.51
2023-10-20,4.27,4.19,4.32,4.17,280249,118164483.0,3.47,-3.01,-0.13,4.17
2023-10-23,4.15,4.06,4.19,4.03,189710,77821238.0,3.82,-3.1,-0.13,2.83
2023-10-24,4.1,4.13,4.16,4.01,178670,73491023.0,3.69,1.72,0.07,2.66
2023-10-25,4.15,4.27,4.3,4.14,229997,97821394.0,3.87,3.39,0.14,3.43
2023-10-26,4.23,4.28,4.33,4.2,210490,90090545.0,3.04,0.23,0.01,3.14
2023-10-27,4.28,4.22,4.28,4.1,311633,130324184.0,4.21,-1.4,-0.06,4.64
2023-10-30,4.18,4.38,4.39,4.17,249403,106994299.0,5.21,3.79,0.16,3.72
2023-10-31,4.36,4.26,4.36,4.24,220472,94482896.0,2.74,-2.74,-0.12,3.28
2023-11-01,4.27,4.28,4.35,4.25,156001,67073298.0,2.35,0.47,0.02,2.32
2023-11-02,4.28,4.28,4.36,4.27,161654,69807600.0,2.1,0.0,0.0,2.41
2023-11-03,4.27,4.34,4.37,4.27,173823,75348721.0,2.34,1.4,0.06,2.59
2023-11-06,4.37,4.45,4.54,4.35,312323,139019261.0,4.38,2.53,0.11,4.65
2023-11-07,4.44,4.48,4.48,4.4,237651,105461046.0,1.8,0.67,0.03,3.54
2023-11-08,4.53,4.5,4.57,4.46,262531,118505945.0,2.46,0.45,0.02,3.91
2023-11-09,4.51,4.44,4.54,4.41,207423,92317885.0,2.89,-1.33,-0.06,3.09
2023-11-10,4.41,4.38,4.45,4.36,151678,66625610.0,2.03,-1.35,-0.06,2.26
2023-11-13,4.4,4.5,4.51,4.4,203000,90869137.0,2.51,2.74,0.12,3.02
2023-11-14,4.54,4.59,4.61,4.51,255566,116782508.0,2.22,2.0,0.09,3.81
2023-11-15,4.65,4.58,4.67,4.54,215952,99079649.0,2.83,-0.22,-0.01,3.22
2023-11-16,4.59,4.67,4.7,4.53,383310,178492432.0,3.71,1.97,0.09,5.71
2023-11-17,4.65,4.78,4.82,4.63,623425,295883593.0,4.07,2.36,0.11,9.29
2023-11-20,4.7,4.73,4.8,4.67,400489,189112700.0,2.72,-1.05,-0.05,5.97
2023-11-21,4.73,4.67,4.77,4.64,328989,154538330.0,2.75,-1.27,-0.06,4.9
2023-11-22,4.43,4.54,4.67,4.35,474285,216175432.0,6.85,-2.78,-0.13,7.07
2023-11-23,4.56,4.56,4.6,4.42,255933,115921145.0,3.96,0.44,0.02,3.81
2023-11-24,4.55,4.42,4.58,4.4,281148,125308517.0,3.95,-3.07,-0.14,4.19
2023-11-27,4.4,4.42,4.47,4.36,172350,76335091.0,2.49,0.0,0.0,2.57
2023-11-28,4.44,4.44,4.46,4.38,137436,60777342.0,1.81,0.45,0.02,2.05
2023-11-29,4.52,4.42,4.54,4.41,158481,70551829.0,2.93,-0.45,-0.02,2.36
2023-11-30,4.45,4.33,4.45,4.28,166192,72172914.0,3.85,-2.04,-0.09,2.48
2023-12-01,4.33,4.48,4.48,4.3,146408,64536700.0,4.16,3.46,0.15,2.18
2023-12-04,4.53,4.53,4.59,4.49,189415,86066553.0,2.23,1.12,0.05,2.82
2023-12-05,4.56,4.39,4.58,4.39,169420,75426986.0,4.19,-3.09,-0.14,2.52
2023-12-06,4.39,4.42,4.46,4.34,132711,58403597.0,2.73,0.68,0.03,1.98
2023-12-07,4.4,4.48,4.51,4.4,167851,75201523.0,2.49,1.36,0.06,2.5
2023-12-08,4.5,4.34,4.51,4.31,184796,80906996.0,4.46,-3.13,-0.14,2.75
2023-12-11,4.34,4.35,4.36,4.27,120687,52016572.0,2.07,0.23,0.01,1.8
2023-12-12,4.33,4.37,4.39,4.33,107636,46981100.0,1.38,0.46,0.02,1.6
2023-12-13,4.39,4.34,4.4,4.33,94105,41048238.0,1.6,-0.69,-0.03,1.4
2023-12-14,4.36,4.32,4.41,4.32,119027,51954329.0,2.07,-0.46,-0.02,1.77
2023-12-15,4.34,4.27,4.37,4.25,132165,56691490.0,2.78,-1.16,-0.05,1.97
2023-12-18,4.27,4.17,4.29,4.15,108634,45725572.0,3.28,-2.34,-0.1,1.62
2023-12-19,4.19,4.18,4.22,4.14,93332,38978593.0,1.92,0.24,0.01,1.39
2023-12-20,4.21,4.11,4.22,4.1,113352,47064657.0,2.87,-1.67,-0.07,1.69
2023-12-21,4.1,4.13,4.16,4.04,112143,45926290.0,2.92,0.49,0.02,1.67
2023-12-22,4.13,4.0,4.15,3.99,151281,61173450.0,3.87,-3.15,-0.13,2.25
2023-12-25,4.01,3.93,4.07,3.92,123958,49095052.0,3.75,-1.75,-0.07,1.85
2023-12-26,3.94,3.87,3.96,3.86,110391,43020141.0,2.54,-1.53,-0.06,1.64
2023-12-27,3.87,3.9,3.94,3.87,90834,35455527.0,1.81,0.78,0.03,1.35
2023-12-28,3.92,3.95,3.98,3.84,126141,49584998.0,3.59,1.28,0.05,1.88
2023-12-29,3.95,4.01,4.02,3.91,116786,46595486.0,2.78,1.52,0.06,1.74
2024-01-02,4.03,4.07,4.11,4.0,141729,57602238.0,2.74,1.5,0.06,2.11
2024-01-03,4.08,4.04,4.12,4.02,108622,44100939.0,2.46,-0.74,-0.03,1.62
2024-01-04,4.03,4.05,4.09,4.02,101678,41297304.0,1.73,0.25,0.01,1.51
2024-01-05,4.08,3.99,4.09,3.97,98267,39577003.0,2.96,-1.48,-0.06,1.46
2024-01-08,3.97,3.92,4.03,3.92,104078,41323417.0,2.76,-1.75,-0.07,1.55
2024-01-09,3.92,4.15,4.32,3.92,568578,236888851.0,10.2,5.87,0.23,8.47
2024-01-10,4.07,4.02,4.28,3.91,554850,223549783.0,8.92,-3.13,-0.13,8.27
2024-01-11,3.95,4.03,4.06,3.93,362549,145036651.0,3.23,0.25,0.01,5.4
2024-01-12,4.01,3.83,4.04,3.81,427891,166688894.0,5.71,-4.96,-0.2,6.37
2024-01-15,3.71,3.61,3.76,3.6,382171,140246834.0,4.18,-5.74,-0.22,5.69
2024-01-16,3.63,3.53,3.65,3.44,289459,101643094.0,5.82,-2.22,-0.08,4.31
2024-01-17,3.55,3.76,4.17,3.51,729506,278882847.0,18.7,6.52,0.23,10.87
2024-01-18,3.64,3.66,3.76,3.51,615755,224082275.0,6.65,-2.66,-0.1,9.17
2024-01-19,3.66,3.48,3.66,3.47,337427,119290078.0,5.19,-4.92,-0.18,5.03
2024-01-22,3.4,3.27,3.5,3.22,264489,89236745.0,8.05,-6.03,-0.21,3.94
2024-01-23,3.24,3.27,3.33,3.18,192158,62490358.0,4.59,0.0,0.0,2.86
2024-01-24,3.27,3.37,3.38,3.25,216202,71664228.0,3.98,3.06,0.1,3.22
2024-01-25,3.37,3.45,3.48,3.33,221333,75758342.0,4.45,2.37,0.08,3.3
2024-01-26,3.42,3.8,4.07,3.42,760598,288843954.0,18.84,10.14,0.35,11.33
2024-01-29,3.71,3.52,3.79,3.51,501035,182367643.0,7.37,-7.37,-0.28,7.51
2024-01-30,3.52,3.32,3.56,3.32,291719,99522534.0,6.82,-5.68,-0.2,4.38
2024-01-31,3.25,3.07,3.36,3.05,340785,108382136.0,9.34,-7.53,-0.25,5.11
2024-02-01,3.04,2.9,3.06,2.88,261632,77091514.0,5.86,-5.54,-0.17,3.92
2024-02-02,2.91,2.81,3.03,2.69,264390,76392597.0,11.72,-3.1,-0.09,3.97
2024-02-05,2.76,2.38,2.8,2.31,347059,85448679.0,17.44,-15.3,-0.43,5.21
2024-02-06,2.3,2.4,2.54,2.17,334539,77105529.0,15.55,0.84,0.02,5.02
2024-02-07,2.41,2.21,2.45,2.17,266633,61599770.0,11.67,-7.92,-0.19,4.0
2024-02-08,2.22,2.43,2.45,2.19,252885,59056265.0,11.76,9.95,0.22,3.79
2024-02-19,2.44,2.62,2.63,2.44,299402,76770104.0,7.82,7.82,0.19,4.49
2024-02-20,2.61,2.65,2.66,2.55,204731,53664068.0,4.2,1.15,0.03,3.07
2024-02-21,2.62,2.73,2.81,2.57,307336,84235874.0,9.06,3.02,0.08,4.61
2024-02-22,2.77,2.9,2.96,2.77,326374,93520028.0,6.96,6.23,0.17,4.9
2024-02-23,2.9,3.05,3.1,2.87,415802,124775670.0,7.93,5.17,0.15,6.24
2024-02-26,2.98,3.06,3.14,2.95,405607,123962433.0,6.23,0.33,0.01,6.08
2024-02-27,3.05,3.14,3.14,3.0,285475,87914302.0,4.58,2.61,0.08,4.28
2024-02-28,3.16,2.84,3.26,2.82,422100,129604043.0,14.01,-9.55,-0.3,6.33
2024-02-29,2.78,2.96,2.97,2.77,254203,73795234.0,7.04,4.23,0.12,3.81
2024-03-01,2.95,3.02,3.08,2.95,244091,73184896.0,4.39,2.03,0.06,3.66
2024-03-04,3.03,3.01,3.04,2.9,187158,55717521.0,4.64,-0.33,-0.01,2.81
2024-03-05,2.97,2.91,3.02,2.9,169627,49937685.0,3.99,-3.32,-0.1,2.54
2024-03-06,2.91,2.95,2.99,2.87,172366,50671729.0,4.12,1.37,0.04,2.59
2024-03-07,2.97,2.95,3.11,2.93,294737,88562458.0,6.1,0.0,0.0,4.42
2024-03-08,2.89,2.92,2.99,2.88,183804,53526962.0,3.73,-1.02,-0.03,2.76
2024-03-11,2.87,2.98,2.98,2.87,173667,50888955.0,3.77,2.05,0.06,2.6
2024-03-12,3.0,3.05,3.06,2.96,212395,64213363.0,3.36,2.35,0.07,3.19
2024-03-13,3.06,3.06,3.1,3.01,188400,57571299.0,2.95,0.33,0.01,2.83
2024-03-14,3.05,3.02,3.08,2.96,204974,62028228.0,3.92,-1.31,-0.04,3.07
2024-03-15,3.02,3.06,3.06,2.96,165422,49931029.0,3.31,1.32,0.04,2.48
2024-03-18,3.1,3.14,3.14,3.06,222190,68918922.0,2.61,2.61,0.08,3.33
2024-03-19,3.15,3.13,3.18,3.12,211398,66688799.0,1.91,-0.32,-0.01,3.17
2024-03-20,3.15,3.23,3.24,3.15,238996,76460788.0,2.88,3.19,0.1,3.58
2024-03-21,3.25,3.27,3.3,3.2,261499,85201417.0,3.1,1.24,0.04,3.92
2024-03-22,3.27,3.21,3.28,3.15,239526,76724142.0,3.98,-1.83,-0.06,3.59
2024-03-25,3.18,3.08,3.23,3.07,177698,56034711.0,4.98,-4.05,-0.13,2.67
2024-03-26,3.09,3.12,3.19,3.03,267951,82950070.0,5.19,1.3,0.04,4.02
2024-03-27,3.1,2.94,3.12,2.94,231038,69644762.0,5.77,-5.77,-0.18,3.47
2024-03-28,2.93,3.0,3.06,2.9,233290,69647402.0,5.44,2.04,0.06,3.5
2024-03-29,2.99,3.01,3.02,2.93,171274,51037349.0,3.0,0.33,0.01,2.57
2024-04-01,3.01,3.14,3.15,3.0,258174,80320937.0,4.98,4.32,0.13,3.87
2024-04-02,3.18,3.07,3.19,3.05,174966,54159814.0,4.46,-2.23,-0.07,2.62
2024-04-03,3.06,2.96,3.08,2.93,214806,63889535.0,4.89,-3.58,-0.11,3.22
2024-04-08,2.93,2.78,2.96,2.78,223894,63286146.0,6.08,-6.08,-0.18,3.36
2024-04-09,2.79,2.9,2.92,2.79,169132,48340093.0,4.68,4.32,0.12,2.54
2024-04-10,2.88,2.74,2.89,2.71,220352,60973479.0,6.21,-5.52,-0.16,3.3
2024-04-11,2.7,2.76,2.8,2.69,146430,40437967.0,4.01,0.73,0.02,2.2
2024-04-12,2.75,2.7,2.8,2.69,111059,30330431.0,3.99,-2.17,-0.06,1.67
2024-04-15,2.66,2.43,2.7,2.37,290563,72296276.0,12.22,-10.0,-0.27,4.36
2024-04-16,2.38,2.13,2.39,2.12,282945,62673477.0,11.11,-12.35,-0.3,4.24
2024-04-17,2.16,2.37,2.39,2.16,241997,56137519.0,10.8,11.27,0.24,3.63
2024-04-18,2.38,2.34,2.39,2.28,165983,38869695.0,4.64,-1.27,-0.03,2.49
2024-04-19,2.36,2.27,2.37,2.26,151293,34793280.0,4.7,-2.99,-0.07,2.27
2024-04-22,2.25,2.17,2.26,2.12,252751,54952354.0,6.17,-4.41,-0.1,3.79
2024-04-23,2.18,2.27,2.3,2.17,234733,52813682.0,5.99,4.61,0.1,3.52
2024-04-24,2.25,2.42,2.56,2.25,334714,80763102.0,13.66,6.61,0.15,5.02
2024-04-25,2.4,2.4,2.44,2.34,197787,47529068.0,4.13,-0.83,-0.02,2.97
2024-04-26,2.41,2.48,2.48,2.36,173290,42205714.0,5.0,3.33,0.08,2.6
2024-04-29,2.5,2.62,2.63,2.44,184367,47299032.0,7.66,5.65,0.14,2.77
2024-04-30,2.61,2.56,2.65,2.52,168701,43384480.0,4.96,-2.29,-0.06,2.53
2024-05-06,2.58,2.54,2.67,2.53,137050,35350935.0,5.47,-0.78,-0.02,2.06
2024-05-07,2.58,2.59,2.63,2.53,148528,38250378.0,3.94,1.97,0.05,2.23
2024-05-08,2.59,2.54,2.7,2.5,246357,63243010.0,7.72,-1.93,-0.05,3.69
2024-05-09,2.53,2.56,2.58,2.51,171056,43610937.0,2.76,0.79,0.02,2.57
2024-05-10,2.57,2.5,2.59,2.48,135943,34233091.0,4.3,-2.34,-0.06,2.04
2024-05-14,2.0,2.0,2.0,2.0,7355,1471000.0,0.0,-20.0,-0.5,0.11
2024-05-15,1.6,1.66,1.79,1.6,1055007,172437629.0,9.5,-17.0,-0.34,15.82
2024-05-16,1.63,1.76,1.86,1.62,773818,133089010.0,14.46,6.02,0.1,11.61
2024-05-17,1.73,1.71,1.78,1.7,409557,70960346.0,4.55,-2.84,-0.05,6.14
2024-05-20,1.69,1.72,1.75,1.69,278603,48106255.0,3.51,0.58,0.01,4.18
2024-05-21,1.72,1.78,1.85,1.7,290246,50993074.0,8.72,3.49,0.06,4.35
2024-05-22,1.76,1.76,1.84,1.73,249939,44503875.56,6.18,-1.12,-0.02,3.75
