日期,开盘,收盘,最高,最低,成交量,成交额,振幅,涨跌幅,涨跌额,换手率,MA5,MA10,MA30,MA60
2021-01-04,4.67,4.69,4.69,4.62,550712,287871392.0,1.49,0.0,0.0,0.27,,,,
2021-01-05,4.69,4.75,4.85,4.62,930608,493677136.0,4.9,1.28,0.06,0.46,,,,
2021-01-06,4.7,4.91,4.98,4.7,1715660,938463344.0,5.89,3.37,0.16,0.84,,,,
2021-01-07,4.87,4.82,4.94,4.78,1020923,553677552.0,3.26,-1.83,-0.09,0.5,,,,
2021-01-08,4.82,4.87,4.97,4.81,814646,446290192.0,3.32,1.04,0.05,0.4,4.808,,,
2021-01-11,4.87,4.79,4.95,4.75,749226,405706032.0,4.11,-1.64,-0.08,0.37,4.828,,,
2021-01-12,4.78,4.87,4.92,4.76,856381,464801280.0,3.34,1.67,0.08,0.42,4.851999999999999,,,
2021-01-13,4.88,5.08,5.21,4.81,2563054,1439836896.0,8.21,4.31,0.21,1.26,4.886,,,
2021-01-14,5.07,5.45,5.57,5.02,4068277,2428327680.0,10.83,7.28,0.37,2.0,5.012,,,
2021-01-15,5.46,5.21,5.5,5.18,2438218,1433363200.0,5.87,-4.4,-0.24,1.2,5.08,4.944,,
2021-01-18,5.14,5.18,5.27,5.1,1333448,765227872.0,3.26,-0.58,-0.03,0.65,5.1579999999999995,4.993,,
2021-01-19,5.14,5.07,5.17,5.04,1149848,653518848.0,2.51,-2.12,-0.11,0.56,5.198,5.025,,
2021-01-20,5.06,5.07,5.17,5.01,977688,554014944.0,3.16,0.0,0.0,0.48,5.196,5.0409999999999995,,
2021-01-21,5.07,5.02,5.07,4.93,988407,552957232.0,2.76,-0.99,-0.05,0.49,5.11,5.061,,
2021-01-22,5.01,4.91,5.01,4.9,854248,471314976.0,2.19,-2.19,-0.11,0.42,5.05,5.065,,
2021-01-25,4.92,4.88,4.97,4.85,747399,409551184.0,2.44,-0.61,-0.03,0.37,4.99,5.074,,
2021-01-26,4.89,4.88,4.94,4.84,630384,344440928.0,2.05,0.0,0.0,0.31,4.952,5.075,,
2021-01-27,4.86,4.88,4.98,4.85,738965,406236816.0,2.66,0.0,0.0,0.36,4.914,5.055,,
2021-01-28,4.84,4.73,4.84,4.72,827629,442024320.0,2.46,-3.07,-0.15,0.41,4.856,4.983,,
2021-01-29,4.74,4.71,4.78,4.67,522204,276616240.0,2.33,-0.42,-0.02,0.26,4.816,4.933000000000001,,
2021-02-01,4.72,4.75,4.76,4.69,421872,224036967.0,1.49,0.85,0.04,0.21,4.790000000000001,4.890000000000001,,
2021-02-02,4.74,4.77,4.83,4.73,524121,280754800.0,2.11,0.42,0.02,0.26,4.767999999999999,4.859999999999999,,
2021-02-03,4.77,4.68,4.78,4.67,502172,264993407.0,2.31,-1.89,-0.09,0.25,4.728,4.821,,
2021-02-04,4.67,4.68,4.7,4.6,592225,309610432.0,2.14,0.0,0.0,0.29,4.717999999999999,4.787,,
2021-02-05,4.68,4.7,4.76,4.66,441828,233598892.0,2.14,0.43,0.02,0.22,4.715999999999999,4.766,,
2021-02-08,4.71,4.75,4.79,4.68,456904,243381337.0,2.34,1.06,0.05,0.22,4.715999999999999,4.753,,
2021-02-09,4.73,4.8,4.8,4.73,486273,260555609.0,1.47,1.05,0.05,0.24,4.7219999999999995,4.744999999999999,,
2021-02-10,4.79,4.78,4.81,4.76,409340,219543919.0,1.04,-0.42,-0.02,0.2,4.742,4.735,,
2021-02-18,4.88,4.86,4.9,4.81,665518,362671248.0,1.88,1.67,0.08,0.33,4.7780000000000005,4.747999999999999,,
2021-02-19,4.86,5.11,5.13,4.84,1422333,797353696.0,5.97,5.14,0.25,0.7,4.86,4.787999999999999,4.888333333333334,
2021-02-22,5.17,5.16,5.35,5.11,2148225,1248935712.0,4.7,0.98,0.05,1.05,4.942,4.829,4.904,
2021-02-23,5.23,5.1,5.32,5.07,1466219,847208384.0,4.84,-1.16,-0.06,0.72,5.002000000000001,4.862,4.915666666666667,
2021-02-24,5.08,5.09,5.21,4.97,1283739,728019904.0,4.71,-0.2,-0.01,0.63,5.064,4.9030000000000005,4.921666666666667,
2021-02-25,5.2,5.33,5.48,5.16,2868934,1698979920.0,6.29,4.72,0.24,1.41,5.158,4.968,4.938666666666667,
2021-02-26,5.22,5.13,5.26,5.08,1669071,959319280.0,3.38,-3.75,-0.2,0.82,5.162,5.011,4.947333333333334,
2021-03-01,5.17,5.23,5.24,5.07,1118203,641576880.0,3.31,1.95,0.1,0.55,5.176,5.059,4.962,
2021-03-02,5.22,5.09,5.23,5.07,856382,488213488.0,3.06,-2.68,-0.14,0.42,5.174,5.088,4.969333333333334,
2021-03-03,5.07,5.26,5.28,5.05,1350769,782110768.0,4.52,3.34,0.17,0.66,5.208,5.136,4.975333333333333,
2021-03-04,5.26,5.24,5.37,5.2,1338915,783102992.0,3.23,-0.38,-0.02,0.66,5.1899999999999995,5.174,4.968333333333334,
2021-03-05,5.18,5.32,5.42,5.17,1632240,964134224.0,4.77,1.53,0.08,0.8,5.228,5.195,4.9719999999999995,
2021-03-08,5.35,5.2,5.43,5.2,1381322,812900672.0,4.32,-2.26,-0.12,0.68,5.2219999999999995,5.199,4.972666666666667,
2021-03-09,5.2,5.22,5.35,5.11,1240435,721661264.0,4.62,0.38,0.02,0.61,5.248,5.211,4.977666666666667,
2021-03-10,5.21,5.08,5.23,5.07,1066565,610337648.0,3.07,-2.68,-0.14,0.52,5.212000000000001,5.21,4.978,
2021-03-11,5.09,5.13,5.16,5.04,912342,518204656.0,2.36,0.98,0.05,0.45,5.1899999999999995,5.19,4.9816666666666665,
2021-03-12,5.15,5.31,5.36,5.1,1751033,1025573344.0,5.07,3.51,0.18,0.86,5.188,5.208,4.995,
2021-03-15,5.29,5.4,5.5,5.27,2133560,1278030432.0,4.33,1.69,0.09,1.05,5.228,5.225,5.012333333333333,
2021-03-16,5.42,5.44,5.46,5.35,1146995,687328688.0,2.04,0.74,0.04,0.56,5.272,5.26,5.031000000000001,
2021-03-17,5.42,5.35,5.44,5.31,919607,545661504.0,2.39,-1.65,-0.09,0.45,5.326,5.269,5.046666666666666,
2021-03-18,5.36,5.36,5.39,5.28,1016843,601298784.0,2.06,0.19,0.01,0.5,5.372,5.281000000000001,5.067666666666667,
2021-03-19,5.31,5.21,5.35,5.14,1423714,826700080.0,3.92,-2.8,-0.15,0.7,5.351999999999999,5.2700000000000005,5.084333333333333,
2021-03-22,5.2,5.33,5.37,5.16,1206478,706462816.0,4.03,2.3,0.12,0.59,5.338,5.2829999999999995,5.103666666666666,
2021-03-23,5.32,5.27,5.34,5.23,787596,461009872.0,2.06,-1.13,-0.06,0.39,5.304,5.287999999999999,5.120333333333334,
2021-03-24,5.27,5.21,5.29,5.14,896121,518861888.0,2.85,-1.14,-0.06,0.44,5.276000000000001,5.301,5.138000000000001,
2021-03-25,5.17,5.14,5.22,5.1,771254,442810992.0,2.3,-1.34,-0.07,0.38,5.232,5.302,5.153333333333333,
2021-03-26,5.16,5.14,5.2,5.12,1075208,615862928.0,1.56,0.0,0.0,0.53,5.218,5.285,5.168000000000001,
2021-03-29,5.16,5.24,5.25,5.12,1025466,592017312.0,2.53,1.95,0.1,0.5,5.2,5.269,5.184333333333333,
2021-03-30,5.26,5.24,5.26,5.17,680435,394650416.0,1.72,0.0,0.0,0.33,5.194,5.249,5.199,
2021-03-31,5.2,5.33,5.37,5.19,1366653,804260784.0,3.44,1.72,0.09,0.67,5.217999999999999,5.247,5.2173333333333325,
2021-04-01,5.35,5.3,5.45,5.27,1680941,996835840.0,3.38,-0.56,-0.03,0.83,5.25,5.241,5.232,
2021-04-02,5.31,5.22,5.33,5.19,1010799,588033616.0,2.64,-1.51,-0.08,0.5,5.266,5.241999999999999,5.235666666666666,5.062
2021-04-06,5.2,5.21,5.22,5.17,577375,333438528.0,0.96,-0.19,-0.01,0.28,5.26,5.2299999999999995,5.237333333333334,5.070666666666667
2021-04-07,5.21,5.23,5.26,5.16,765098,443241200.0,1.92,0.38,0.02,0.38,5.258,5.226000000000001,5.241666666666666,5.078666666666667
2021-04-08,5.23,5.22,5.24,5.16,809904,468047712.0,1.53,-0.19,-0.01,0.4,5.236,5.227,5.2459999999999996,5.083833333333333
2021-04-09,5.22,5.16,5.24,5.14,619198,356670480.0,1.92,-1.15,-0.06,0.3,5.208,5.229,5.240333333333333,5.0895
2021-04-12,5.14,5.15,5.2,5.11,618338,355144352.0,1.74,-0.19,-0.01,0.3,5.194000000000001,5.2299999999999995,5.241,5.094166666666666
2021-04-13,5.13,4.99,5.14,4.98,1094493,615551856.0,3.11,-3.11,-0.16,0.54,5.15,5.205,5.2330000000000005,5.0975
2021-04-14,4.97,4.96,5.01,4.92,726374,401828672.0,1.8,-0.6,-0.03,0.36,5.096,5.1770000000000005,5.228666666666667,5.099
2021-04-15,4.95,4.91,4.96,4.87,618957,339144928.0,1.81,-1.01,-0.05,0.3,5.034,5.135,5.2170000000000005,5.096166666666667
2021-04-16,4.92,4.93,4.96,4.91,582682,321179456.0,1.02,0.41,0.02,0.29,4.9879999999999995,5.098000000000001,5.206666666666666,5.0875
2021-04-19,4.94,4.97,4.98,4.91,704111,389599504.0,1.42,0.81,0.04,0.35,4.952,5.073,5.194999999999999,5.0835
2021-04-20,4.94,4.91,4.97,4.91,546709,301577328.0,1.21,-1.21,-0.06,0.27,4.936,5.043,5.185333333333333,5.079
2021-04-21,4.91,4.91,4.91,4.87,426940,233568105.0,0.81,0.0,0.0,0.21,4.926,5.011,5.175,5.076333333333333
2021-04-22,4.91,4.87,4.92,4.86,471730,257731115.0,1.22,-0.81,-0.04,0.23,4.918,4.976,5.168000000000001,5.0729999999999995
2021-04-23,4.86,4.8,4.87,4.78,642451,346405776.0,1.85,-1.44,-0.07,0.32,4.892,4.94,5.157,5.069333333333334
2021-04-26,4.8,4.76,4.83,4.75,512264,274936928.0,1.67,-0.83,-0.04,0.25,4.85,4.901,5.1386666666666665,5.066833333333333
2021-04-27,4.76,4.73,4.77,4.72,444515,236329183.0,1.05,-0.63,-0.03,0.22,4.814,4.875,5.116333333333333,5.064333333333334
2021-04-28,4.71,4.73,4.74,4.68,486872,257762990.0,1.27,0.0,0.0,0.24,4.7780000000000005,4.852,5.092666666666667,5.061833333333334
2021-04-29,4.74,4.8,4.81,4.71,523451,280474192.0,2.11,1.48,0.07,0.26,4.764,4.840999999999999,5.074333333333334,5.0605
2021-04-30,4.87,4.81,4.88,4.78,676224,365111184.0,2.08,0.21,0.01,0.33,4.766,4.829,5.056,5.061833333333333
2021-05-06,4.85,4.84,4.92,4.83,610127,332667664.0,1.87,0.62,0.03,0.3,4.782000000000001,4.816,5.043666666666667,5.064000000000001
2021-05-07,4.87,4.91,4.97,4.83,771489,423437984.0,2.89,1.45,0.07,0.38,4.818,4.816000000000001,5.029666666666667,5.066666666666666
2021-05-10,4.94,4.96,4.97,4.89,721393,397211504.0,1.63,1.02,0.05,0.35,4.864,4.821,5.019333333333333,5.069833333333333
2021-05-11,4.93,4.92,4.93,4.83,673171,367608704.0,2.02,-0.81,-0.04,0.33,4.888,4.826,5.009666666666666,5.073833333333332
2021-05-12,4.89,4.88,4.9,4.84,372413,203052435.0,1.22,-0.81,-0.04,0.18,4.902,4.834,5.001,5.077166666666667
2021-05-13,4.85,4.9,4.96,4.85,564644,310009152.0,2.25,0.41,0.02,0.28,4.914,4.848,4.992999999999999,5.0805
2021-05-14,4.92,4.97,5.0,4.87,904618,499511680.0,2.65,1.43,0.07,0.44,4.926,4.872,4.984,5.084166666666666
2021-05-17,4.95,4.94,5.01,4.93,716610,397945488.0,1.61,-0.6,-0.03,0.35,4.922,4.893,4.974,5.0865
2021-05-18,4.96,4.9,4.96,4.89,500844,275150368.0,1.42,-0.81,-0.04,0.25,4.918,4.9030000000000005,4.959666666666667,5.0885
2021-05-19,4.9,4.8,4.9,4.8,648485,351157488.0,2.04,-2.04,-0.1,0.32,4.902,4.901999999999999,4.943,5.0875
2021-05-20,4.8,4.81,4.83,4.75,450136,241684919.0,1.67,0.21,0.01,0.22,4.8839999999999995,4.899,4.929333333333333,5.0825000000000005
2021-05-21,4.81,4.79,4.84,4.78,384675,207307337.0,1.25,-0.42,-0.02,0.19,4.848,4.887,4.915333333333334,5.076333333333333
2021-05-24,4.77,4.8,4.82,4.77,329062,176721680.0,1.04,0.21,0.01,0.16,4.819999999999999,4.8709999999999996,4.901,5.071333333333333
2021-05-25,4.8,4.91,4.91,4.77,722103,392805936.0,2.92,2.29,0.11,0.35,4.822,4.87,4.890666666666666,5.068333333333333
2021-05-26,4.9,4.9,4.94,4.88,468655,257030632.0,1.22,-0.2,-0.01,0.23,4.8420000000000005,4.872,4.882000000000001,5.061166666666667
2021-05-27,4.9,4.9,4.92,4.87,412344,225554105.0,1.02,0.0,0.0,0.2,4.86,4.872,4.873666666666667,5.057333333333333
2021-05-28,4.9,4.86,4.92,4.85,355006,193801921.0,1.43,-0.82,-0.04,0.17,4.8740000000000006,4.861000000000001,4.869333333333333,5.051166666666666
2021-05-31,4.86,4.81,4.87,4.8,407306,219810589.0,1.44,-1.03,-0.05,0.2,4.876,4.848,4.864333333333333,5.0465
2021-06-01,4.82,4.82,4.85,4.78,357803,192928820.0,1.46,0.21,0.01,0.18,4.858,4.84,4.8613333333333335,5.039166666666666
2021-06-02,4.82,4.8,4.82,4.78,406045,218167493.0,0.83,-0.41,-0.02,0.2,4.838,4.840000000000001,4.857,5.031833333333334
2021-06-03,4.8,4.81,4.83,4.78,379409,204453034.0,1.04,0.21,0.01,0.19,4.82,4.84,4.8516666666666675,5.0233333333333325
2021-06-04,4.79,4.79,4.84,4.78,327132,175923250.0,1.25,-0.42,-0.02,0.16,4.806,4.84,4.847666666666666,5.0165
2021-06-07,4.79,4.79,4.8,4.74,544682,291362928.0,1.25,0.0,0.0,0.27,4.802,4.839,4.843666666666667,5.009333333333333
2021-06-08,4.79,4.77,4.8,4.75,341886,182865533.0,1.04,-0.42,-0.02,0.17,4.792,4.825,4.840333333333333,5.004166666666666
2021-06-09,4.76,4.75,4.77,4.74,312488,166638588.0,0.63,-0.42,-0.02,0.15,4.782,4.8100000000000005,4.838666666666667,4.997833333333333
2021-06-10,4.75,4.72,4.79,4.71,712830,379296016.0,1.68,-0.63,-0.03,0.35,4.764,4.792,4.8373333333333335,4.9879999999999995
2021-06-11,4.74,4.74,4.76,4.72,522473,277781264.0,0.85,0.42,0.02,0.26,4.754,4.779999999999999,4.837666666666666,4.977
2021-06-15,4.75,4.66,4.76,4.66,533277,281067536.0,2.11,-1.69,-0.08,0.26,4.728,4.765,4.835333333333334,4.964
2021-06-16,4.67,4.77,4.78,4.66,851017,453665104.0,2.58,2.36,0.11,0.42,4.728,4.76,4.834333333333333,4.9543333333333335
2021-06-17,4.76,4.67,4.77,4.65,732314,387219104.0,2.52,-2.1,-0.1,0.36,4.712,4.747,4.829666666666666,4.9428333333333345
2021-06-18,4.67,4.66,4.68,4.63,544529,284506928.0,1.07,-0.21,-0.01,0.27,4.7,4.732,4.823666666666666,4.933666666666666
2021-06-21,4.64,4.66,4.67,4.63,292251,152830983.0,0.86,0.0,0.0,0.14,4.683999999999999,4.719,4.815333333333332,4.9225
2021-06-22,4.66,4.69,4.73,4.65,466145,245694485.0,1.72,0.64,0.03,0.23,4.6899999999999995,4.7090000000000005,4.806333333333333,4.912833333333334
2021-06-23,4.68,4.68,4.69,4.65,410207,215114646.0,0.85,-0.21,-0.01,0.2,4.672,4.7,4.798333333333333,4.904
2021-06-24,4.67,4.71,4.74,4.66,421153,222571241.0,1.71,0.64,0.03,0.21,4.680000000000001,4.696,4.792666666666666,4.896833333333333
2021-06-25,4.71,4.73,4.74,4.7,386058,204779235.0,0.85,0.42,0.02,0.19,4.694000000000001,4.697,4.787,4.890000000000001
2021-06-28,4.73,4.7,4.74,4.69,292931,154986051.0,1.06,-0.63,-0.03,0.14,4.702,4.693,4.7780000000000005,4.881
2021-06-29,4.7,4.66,4.71,4.64,480855,252524114.0,1.49,-0.85,-0.04,0.24,4.696,4.6930000000000005,4.768666666666666,4.871333333333333
2021-06-30,4.65,4.66,4.68,4.64,239863,125736995.0,0.86,0.0,0.0,0.12,4.692,4.682,4.760666666666666,4.860166666666667
2021-07-01,4.67,4.68,4.72,4.66,406894,214461627.0,1.29,0.43,0.02,0.2,4.686,4.683,4.756666666666667,4.849833333333334
2021-07-02,4.68,4.64,4.7,4.64,352154,184421829.0,1.28,-0.85,-0.04,0.17,4.668,4.681,4.751,4.840166666666666
2021-07-05,4.64,4.62,4.66,4.61,376550,195994527.0,1.08,-0.43,-0.02,0.18,4.651999999999999,4.677,4.745333333333333,4.830333333333333
2021-07-06,4.62,4.65,4.68,4.61,368255,192419790.0,1.52,0.65,0.03,0.18,4.65,4.673,4.740333333333334,4.820666666666666
2021-07-07,4.65,4.65,4.68,4.63,294341,153845548.0,1.08,0.0,0.0,0.14,4.648000000000001,4.67,4.731666666666667,4.811166666666667
2021-07-08,4.65,4.63,4.66,4.61,329688,171563033.0,1.08,-0.43,-0.02,0.16,4.638,4.662,4.722666666666667,4.802333333333333
2021-07-09,4.62,4.63,4.65,4.61,306255,159573911.0,0.86,0.0,0.0,0.15,4.636,4.652,4.713666666666667,4.793666666666667
2021-07-12,4.66,4.66,4.7,4.64,582423,306003056.0,1.3,0.65,0.03,0.29,4.644,4.648000000000001,4.707,4.788166666666667
2021-07-13,4.67,4.68,4.74,4.65,783990,413405088.0,1.93,0.43,0.02,0.38,4.65,4.65,4.702666666666667,4.7835
2021-07-14,4.67,4.62,4.69,4.62,533303,278210144.0,1.5,-1.28,-0.06,0.26,4.644,4.646,4.696,4.778666666666666
2021-07-15,4.62,4.64,4.65,4.6,316629,164831008.0,1.08,0.43,0.02,0.16,4.645999999999999,4.642,4.690666666666667,4.773833333333333
2021-07-16,4.63,4.63,4.66,4.63,315519,164863014.0,0.65,-0.22,-0.01,0.15,4.646,4.641,4.684666666666667,4.7681666666666676
2021-07-19,4.62,4.58,4.63,4.57,439566,227063625.0,1.3,-1.08,-0.05,0.22,4.63,4.6370000000000005,4.677666666666667,4.762666666666666
2021-07-20,4.57,4.61,4.62,4.52,627234,322475696.0,2.18,0.66,0.03,0.31,4.616,4.633,4.671666666666666,4.757666666666667
2021-07-21,4.59,4.56,4.61,4.55,373390,192326511.0,1.3,-1.08,-0.05,0.18,4.604,4.624,4.664666666666666,4.7525
2021-07-22,4.56,4.68,4.71,4.55,927645,486148432.0,3.51,2.63,0.12,0.46,4.612,4.629,4.662333333333334,4.750500000000001
2021-07-23,4.69,4.8,4.84,4.67,1327852,711367120.0,3.63,2.56,0.12,0.65,4.645999999999999,4.646,4.665000000000001,4.751166666666666
2021-07-26,4.86,4.83,4.9,4.72,1521323,822713680.0,3.75,0.63,0.03,0.75,4.696,4.662999999999999,4.668,4.752833333333333
2021-07-27,4.78,4.67,4.88,4.67,1216942,651502384.0,4.35,-3.31,-0.16,0.6,4.708,4.662000000000001,4.668333333333334,4.751833333333333
2021-07-28,4.64,4.65,4.71,4.57,860546,448374240.0,3.0,-0.43,-0.02,0.42,4.726,4.665,4.664333333333333,4.749333333333334
2021-07-29,4.7,4.6,4.7,4.57,961375,480920544.0,2.8,-1.08,-0.05,0.47,4.709999999999999,4.661,4.662000000000001,4.745833333333334
2021-07-30,4.58,4.87,4.95,4.57,1948469,1019817952.0,8.26,5.87,0.27,0.96,4.724,4.6850000000000005,4.6690000000000005,4.746333333333333
2021-08-02,4.89,4.91,4.98,4.78,1379352,728904128.0,4.11,0.82,0.04,0.68,4.74,4.718,4.677333333333334,4.746333333333334
2021-08-03,4.91,4.97,5.04,4.88,1452041,782125008.0,3.26,1.22,0.06,0.71,4.8,4.754,4.6866666666666665,4.746499999999999
2021-08-04,5.0,4.9,5.01,4.87,848391,450550528.0,2.82,-1.41,-0.07,0.42,4.85,4.788,4.694,4.746166666666667
2021-08-05,4.91,4.88,4.99,4.87,679021,360692496.0,2.45,-0.41,-0.02,0.33,4.906,4.808000000000001,4.699666666666667,4.746166666666666
2021-08-06,4.88,4.9,4.94,4.85,534005,282765632.0,1.84,0.41,0.02,0.26,4.912000000000001,4.818,4.705333333333333,4.746166666666666
2021-08-09,4.9,4.97,5.0,4.87,812965,435374288.0,2.65,1.43,0.07,0.4,4.924,4.832,4.714333333333333,4.746166666666667
2021-08-10,4.96,4.91,4.96,4.89,601085,319265792.0,1.41,-1.21,-0.06,0.3,4.912,4.856,4.722666666666667,4.745666666666667
2021-08-11,4.93,4.93,5.02,4.92,750304,401940896.0,2.04,0.41,0.02,0.37,4.918,4.884,4.7316666666666665,4.746166666666666
2021-08-12,4.93,4.91,4.93,4.87,527574,279548224.0,1.22,-0.41,-0.02,0.26,4.924,4.915,4.739333333333334,4.748
2021-08-13,4.9,4.86,4.91,4.85,456707,240991193.0,1.22,-1.02,-0.05,0.22,4.9159999999999995,4.914,4.746666666666667,4.748833333333334
2021-08-16,4.86,4.88,4.93,4.86,495824,262178939.0,1.44,0.41,0.02,0.24,4.898000000000001,4.911,4.755333333333334,4.750333333333334
2021-08-17,4.88,4.89,5.01,4.87,1362861,729134080.0,2.87,0.2,0.01,0.67,4.894,4.9030000000000005,4.763333333333334,4.751833333333334
2021-08-18,4.89,5.01,5.02,4.88,1437862,770113040.0,2.86,2.45,0.12,0.71,4.91,4.914,4.775333333333333,4.7535
2021-08-19,4.98,4.93,4.99,4.91,868350,463857488.0,1.6,-1.6,-0.08,0.43,4.914,4.919,4.785333333333333,4.7540000000000004
2021-08-20,4.94,4.89,4.95,4.84,777996,411322912.0,2.23,-0.81,-0.04,0.38,4.92,4.918,4.794,4.753833333333334
2021-08-23,4.9,4.89,4.95,4.89,523137,277484784.0,1.23,0.0,0.0,0.26,4.921999999999999,4.91,4.801666666666667,4.754333333333333
2021-08-24,4.9,4.89,4.92,4.87,555443,293867760.0,1.02,0.0,0.0,0.27,4.922,4.9079999999999995,4.808666666666666,4.755666666666667
2021-08-25,4.89,5.08,5.16,4.87,2047515,1112969008.0,5.93,3.89,0.19,1.01,4.936,4.923,4.824,4.760000000000001
2021-08-26,5.05,5.16,5.25,5.03,2239918,1245751184.0,4.33,1.57,0.08,1.1,4.981999999999999,4.9479999999999995,4.841333333333334,4.766
2021-08-27,5.14,5.22,5.29,5.12,1651658,925068736.0,3.29,1.16,0.06,0.81,5.048,4.984,4.861000000000001,4.772833333333334
2021-08-30,5.22,5.21,5.28,5.15,1311343,734387520.0,2.49,-0.19,-0.01,0.64,5.112,5.0169999999999995,4.882000000000001,4.7798333333333325
2021-08-31,5.1,5.23,5.23,5.0,2242114,1234415504.0,4.41,0.38,0.02,1.1,5.18,5.051,4.902666666666667,4.787166666666667
2021-09-01,5.34,5.78,5.79,5.3,8097734,4937268736.0,9.37,10.52,0.55,3.98,5.32,5.128,4.943333333333333,4.803999999999999
2021-09-02,5.62,5.91,5.97,5.58,5740729,3533725872.0,6.75,2.25,0.13,2.82,5.47,5.226,4.984333333333334,4.823333333333333
2021-09-03,5.84,5.7,5.93,5.66,3576705,2213431312.0,4.57,-3.55,-0.21,1.76,5.566,5.307,5.014333333333332,4.839666666666667
2021-09-06,5.76,5.89,6.09,5.72,3786817,2385921728.0,6.49,3.33,0.19,1.86,5.702,5.407,5.049666666666667,4.858833333333333
2021-09-07,5.85,5.98,6.03,5.81,2641889,1677027488.0,3.74,1.53,0.09,1.3,5.852,5.516,5.093333333333333,4.8808333333333325
2021-09-08,5.98,5.93,6.03,5.87,2177252,1379331056.0,2.68,-0.84,-0.05,1.07,5.882,5.601,5.135999999999999,4.900166666666666
2021-09-09,5.89,6.12,6.25,5.87,3184891,2065139504.0,6.41,3.2,0.19,1.56,5.924,5.697,5.1866666666666665,4.924333333333333
2021-09-10,6.2,6.06,6.42,6.01,3855214,2549515520.0,6.7,-0.98,-0.06,1.89,5.996,5.781000000000001,5.226333333333333,4.947666666666667
2021-09-13,6.0,6.16,6.26,5.95,2207072,1446320896.0,5.12,1.65,0.1,1.08,6.05,5.876,5.268,4.972666666666666
2021-09-14,6.11,5.77,6.14,5.75,3469429,2178067232.0,6.33,-6.33,-0.39,1.7,6.008,5.93,5.294666666666667,4.990666666666667
2021-09-15,5.73,5.77,5.86,5.68,1683511,1039817712.0,3.12,0.0,0.0,0.83,5.976,5.929,5.323666666666666,5.008833333333333
2021-09-16,5.81,5.71,5.89,5.68,1487743,917365472.0,3.64,-1.04,-0.06,0.73,5.894,5.909000000000001,5.351333333333333,5.025499999999999
2021-09-17,5.69,5.62,5.76,5.46,1736963,1045346448.0,5.25,-1.58,-0.09,0.85,5.806,5.901,5.375333333333334,5.040333333333333
2021-09-22,5.52,5.74,5.79,5.51,1482069,901089648.0,4.98,2.14,0.12,0.73,5.7219999999999995,5.886,5.401,5.057666666666666
2021-09-23,5.79,5.77,5.87,5.67,1475790,909062416.0,3.48,0.52,0.03,0.72,5.7219999999999995,5.865,5.429666666666666,5.076166666666667
2021-09-24,5.77,5.55,5.85,5.51,1647178,997348512.0,5.89,-3.81,-0.22,0.81,5.678,5.827,5.450333333333334,5.090999999999999
2021-09-27,5.53,5.3,5.6,5.26,1736758,1002909552.0,6.13,-4.5,-0.25,0.85,5.596,5.744999999999999,5.463333333333334,5.101333333333333
2021-09-28,5.31,5.33,5.39,5.27,982558,563561296.0,2.26,0.57,0.03,0.48,5.537999999999999,5.672,5.479,5.112833333333333
2021-09-29,5.3,5.23,5.38,5.2,1136191,643265472.0,3.38,-1.88,-0.1,0.56,5.436,5.579,5.490666666666667,5.123
2021-09-30,5.23,5.26,5.29,5.16,1025503,576491904.0,2.49,0.57,0.03,0.5,5.3340000000000005,5.5280000000000005,5.502999999999999,5.133166666666667
2021-10-08,5.36,5.27,5.37,5.22,1014421,575405200.0,2.85,0.19,0.01,0.5,5.2780000000000005,5.478,5.511666666666667,5.1435
2021-10-11,5.28,5.23,5.29,5.19,874253,492532288.0,1.9,-0.76,-0.04,0.43,5.264,5.43,5.521666666666666,5.153499999999999
2021-10-12,5.22,5.08,5.23,5.02,1169305,643870768.0,4.02,-2.87,-0.15,0.57,5.214,5.3759999999999994,5.5280000000000005,5.1610000000000005
2021-10-13,5.07,5.11,5.12,4.98,745587,406547440.0,2.76,0.59,0.03,0.37,5.19,5.313,5.535333333333333,5.168499999999999
2021-10-14,5.09,5.07,5.13,5.05,536063,294568208.0,1.57,-0.78,-0.04,0.26,5.151999999999999,5.243,5.541333333333333,5.175
2021-10-15,5.07,5.03,5.1,5.0,613818,333598656.0,1.97,-0.79,-0.04,0.3,5.104,5.191,5.539666666666666,5.1818333333333335
2021-10-18,5.02,5.06,5.08,5.02,583392,317986688.0,1.19,0.6,0.03,0.29,5.07,5.167,5.536333333333333,5.188833333333333
2021-10-19,5.04,5.1,5.15,5.02,650481,357328384.0,2.57,0.79,0.04,0.32,5.074,5.144,5.532333333333333,5.196666666666666
2021-10-20,5.1,5.05,5.11,5.03,588058,321692144.0,1.57,-0.98,-0.05,0.29,5.061999999999999,5.1259999999999994,5.526999999999999,5.2044999999999995
2021-10-21,5.04,5.02,5.08,5.01,607604,330822704.0,1.39,-0.59,-0.03,0.3,5.0520000000000005,5.101999999999999,5.52,5.211333333333333
2021-10-22,5.02,4.98,5.07,4.97,732725,396937088.0,1.99,-0.8,-0.04,0.36,5.042,5.073,5.493333333333333,5.218333333333333
2021-10-25,4.95,5.02,5.04,4.92,543080,292804096.0,2.41,0.8,0.04,0.27,5.034,5.052,5.463666666666667,5.224
2021-10-26,5.01,4.98,5.1,4.97,678127,368095376.0,2.59,-0.8,-0.04,0.33,5.01,5.042,5.439666666666667,5.227
2021-10-27,4.95,4.87,5.0,4.86,841570,446540320.0,2.81,-2.21,-0.11,0.41,4.973999999999999,5.018,5.405666666666666,5.227666666666666
2021-10-28,4.85,4.82,4.88,4.8,646257,337841296.0,1.64,-1.03,-0.05,0.32,4.934,4.993,5.367000000000001,5.230166666666666
2021-10-29,4.83,4.85,4.86,4.78,522339,273062512.0,1.66,0.62,0.03,0.26,4.9079999999999995,4.975,5.331,5.2335
2021-11-01,4.86,4.91,4.92,4.83,566674,299708112.0,1.86,1.24,0.06,0.28,4.886,4.959999999999999,5.290666666666667,5.238666666666666
2021-11-02,4.92,4.76,4.92,4.75,930264,485091616.0,3.46,-3.05,-0.15,0.46,4.8420000000000005,4.926,5.247333333333333,5.236833333333334
2021-11-03,4.75,4.77,4.8,4.74,633995,327007984.0,1.26,0.21,0.01,0.31,4.822,4.898,5.201,5.2345
2021-11-04,4.77,4.78,4.78,4.74,464687,240015900.0,0.84,0.21,0.01,0.23,4.814,4.8740000000000006,5.168,5.231333333333334
2021-11-05,4.76,4.71,4.77,4.7,586331,300798512.0,1.46,-1.46,-0.07,0.29,4.786,4.8469999999999995,5.132666666666667,5.228166666666667
2021-11-08,4.74,4.77,4.8,4.72,389063,201016060.0,1.7,1.27,0.06,0.19,4.758,4.822,5.101333333333333,5.226333333333333
2021-11-09,4.77,4.77,4.79,4.73,321421,165806247.0,1.26,0.0,0.0,0.16,4.76,4.801,5.0729999999999995,5.224166666666666
2021-11-10,4.77,4.82,4.83,4.71,554501,285819920.0,2.52,1.05,0.05,0.27,4.7700000000000005,4.796,5.042333333333334,5.221666666666666
2021-11-11,4.79,4.88,4.9,4.79,706979,372615760.0,2.28,1.24,0.06,0.35,4.79,4.8020000000000005,5.012666666666666,5.221166666666667
2021-11-12,4.88,4.85,4.89,4.82,418768,219724333.0,1.43,-0.61,-0.03,0.21,4.818,4.802,4.989333333333333,5.219833333333333
2021-11-15,4.85,4.88,4.88,4.83,341112,179280385.0,1.03,0.62,0.03,0.17,4.84,4.799,4.975333333333333,5.219333333333333
2021-11-16,4.87,4.83,4.9,4.82,411366,216280867.0,1.64,-1.02,-0.05,0.2,4.851999999999999,4.805999999999999,4.958666666666667,5.218833333333333
2021-11-17,4.84,4.86,4.87,4.82,300815,157841431.0,1.04,0.62,0.03,0.15,4.86,4.8149999999999995,4.9463333333333335,5.2185
2021-11-18,4.85,4.82,4.87,4.82,385481,202011165.0,1.03,-0.82,-0.04,0.19,4.848000000000001,4.819,4.9316666666666675,5.2173333333333325
2021-11-19,4.81,4.84,4.85,4.76,511140,266064858.0,1.87,0.41,0.02,0.25,4.846,4.832,4.917333333333334,5.2145
2021-11-22,4.83,4.81,4.84,4.8,416656,217359675.0,0.83,-0.62,-0.03,0.2,4.832,4.836,4.903333333333334,5.2125
2021-11-23,4.83,4.99,5.02,4.81,1631602,871109392.0,4.37,3.74,0.18,0.8,4.864,4.858,4.900333333333333,5.214166666666667
2021-11-24,4.99,5.01,5.06,4.95,815586,441354624.0,2.2,0.4,0.02,0.4,4.894,4.877,4.897,5.216166666666667
2021-11-25,5.02,5.02,5.06,4.98,531742,287661872.0,1.6,0.2,0.01,0.26,4.933999999999999,4.891,4.895333333333332,5.218333333333333
2021-11-26,5.0,4.96,5.02,4.95,485865,260762814.0,1.39,-1.2,-0.06,0.24,4.958,4.902,4.893,5.216333333333333
2021-11-29,4.91,4.92,4.94,4.86,594574,315175008.0,1.61,-0.81,-0.04,0.29,4.9799999999999995,4.906000000000001,4.888333333333333,5.2123333333333335
2021-11-30,4.92,4.9,4.97,4.89,566527,301849696.0,1.63,-0.41,-0.02,0.28,4.962,4.913,4.881666666666666,5.207
2021-12-01,4.89,4.98,4.98,4.88,450488,240726480.0,2.04,1.63,0.08,0.22,4.956,4.925,4.879333333333334,5.203166666666666
2021-12-02,4.97,5.15,5.2,4.96,1649252,910155664.0,4.82,3.41,0.17,0.81,4.982,4.958,4.883666666666667,5.201833333333334
2021-12-03,5.14,5.19,5.22,5.08,953699,529794288.0,2.72,0.78,0.04,0.47,5.0280000000000005,4.993,4.890666666666667,5.192000000000001
2021-12-06,5.19,5.12,5.28,5.11,1052899,586094464.0,3.28,-1.35,-0.07,0.52,5.0680000000000005,5.024,4.894,5.178833333333333
2021-12-07,5.17,5.27,5.3,5.15,1455896,821820096.0,2.93,2.93,0.15,0.71,5.142,5.0520000000000005,4.903666666666667,5.171666666666667
2021-12-08,5.28,5.26,5.32,5.21,797225,450274320.0,2.09,-0.19,-0.01,0.39,5.1979999999999995,5.077,4.916666666666667,5.161166666666667
2021-12-09,5.27,5.3,5.31,5.22,856873,486692432.0,1.71,0.76,0.04,0.42,5.228,5.1049999999999995,4.932666666666666,5.1498333333333335
2021-12-10,5.26,5.22,5.35,5.2,949317,536975968.0,2.83,-1.51,-0.08,0.47,5.234,5.131,4.944999999999999,5.138
2021-12-13,5.26,5.27,5.43,5.25,1070304,613712576.0,3.45,0.96,0.05,0.53,5.263999999999999,5.1659999999999995,4.957,5.123833333333334
2021-12-14,5.27,5.14,5.27,5.12,818553,456313456.0,2.85,-2.47,-0.13,0.4,5.2379999999999995,5.1899999999999995,4.969666666666667,5.1085
2021-12-15,5.14,5.19,5.26,5.13,673438,377563344.0,2.53,0.97,0.05,0.33,5.224,5.211,4.983666666666666,5.092333333333333
2021-12-16,5.2,5.3,5.32,5.18,646004,366526624.0,2.7,2.12,0.11,0.32,5.223999999999999,5.226,5.001,5.0845
2021-12-17,5.32,5.32,5.39,5.28,735389,421388544.0,2.08,0.38,0.02,0.36,5.244,5.239,5.021333333333333,5.077
2021-12-20,5.28,5.41,5.45,5.26,1227358,708300448.0,3.57,1.69,0.09,0.6,5.272,5.268,5.042666666666666,5.072000000000001
2021-12-21,5.39,5.48,5.5,5.35,1058895,619650256.0,2.77,1.29,0.07,0.52,5.340000000000001,5.289,5.066333333333333,5.0696666666666665
2021-12-22,5.5,5.41,5.5,5.34,831445,482641952.0,2.92,-1.28,-0.07,0.41,5.384,5.304,5.086,5.064166666666667
2021-12-23,5.39,5.38,5.43,5.32,644153,371103616.0,2.03,-0.55,-0.03,0.32,5.4,5.311999999999999,5.102666666666667,5.057666666666666
2021-12-24,5.38,5.36,5.42,5.35,661909,382975216.0,1.3,-0.37,-0.02,0.33,5.4079999999999995,5.326,5.119666666666666,5.054500000000001
2021-12-27,5.34,5.42,5.45,5.33,691435,401435744.0,2.24,1.12,0.06,0.34,5.410000000000001,5.341,5.137666666666666,5.0565
2021-12-28,5.42,5.35,5.43,5.31,601398,345648336.0,2.21,-1.29,-0.07,0.3,5.3839999999999995,5.362,5.155,5.0568333333333335
2021-12-29,5.34,5.35,5.41,5.31,440726,253537562.0,1.87,0.0,0.0,0.22,5.372,5.378,5.171333333333333,5.058833333333334
2021-12-30,5.35,5.32,5.36,5.31,425811,244079757.0,0.93,-0.56,-0.03,0.21,5.359999999999999,5.38,5.188,5.059833333333334
2021-12-31,5.32,5.39,5.42,5.32,648480,374958160.0,1.88,1.32,0.07,0.32,5.366,5.387,5.206333333333333,5.061833333333333
2022-01-04,5.41,5.42,5.45,5.36,638498,370841872.0,1.67,0.56,0.03,0.31,5.366,5.388,5.226666666666666,5.065
2022-01-05,5.44,5.37,5.44,5.36,554646,321577024.0,1.48,-0.92,-0.05,0.27,5.37,5.377,5.239333333333334,5.069833333333333
2022-01-06,5.37,5.58,5.61,5.36,1515257,898342992.0,4.66,3.91,0.21,0.74,5.4159999999999995,5.394,5.258333333333334,5.077666666666667
2022-01-07,5.55,5.85,5.93,5.55,2886672,1802417184.0,6.81,4.84,0.27,1.42,5.522,5.441,5.2860000000000005,5.0906666666666665
2022-01-10,5.9,5.95,6.01,5.83,1660174,1049705792.0,3.08,1.71,0.1,0.82,5.634,5.5,5.319,5.106
2022-01-11,5.92,5.84,5.98,5.8,1183079,743012656.0,3.03,-1.85,-0.11,0.58,5.718,5.542,5.349666666666667,5.119
2022-01-12,5.84,5.77,5.86,5.65,1387707,854116768.0,3.6,-1.2,-0.07,0.68,5.798,5.584,5.378666666666667,5.130166666666667
2022-01-13,5.76,5.73,5.93,5.7,1122376,695810784.0,3.99,-0.69,-0.04,0.55,5.828,5.622,5.403666666666666,5.1415
2022-01-14,5.74,5.54,5.77,5.53,1405700,843671344.0,4.19,-3.32,-0.19,0.69,5.766,5.644,5.416666666666667,5.150166666666666
2022-01-17,5.55,5.58,5.62,5.45,914978,543774208.0,3.07,0.72,0.04,0.45,5.692,5.663,5.429666666666667,5.160166666666667
2022-01-18,5.62,5.94,6.08,5.56,2408466,1505734896.0,9.32,6.45,0.36,1.18,5.712,5.715,5.457,5.1754999999999995
2022-01-19,5.96,6.03,6.09,5.92,2116228,1358245136.0,2.86,1.52,0.09,1.04,5.764,5.781000000000001,5.482333333333333,5.1930000000000005
2022-01-20,6.08,6.12,6.21,6.03,1857021,1214823520.0,2.99,1.49,0.09,0.91,5.8420000000000005,5.835,5.511,5.213833333333333
2022-01-21,6.12,5.98,6.13,5.95,1044148,669183360.0,2.94,-2.29,-0.14,0.51,5.930000000000001,5.848000000000001,5.533666666666666,5.2331666666666665
2022-01-24,5.96,6.06,6.22,5.9,1564905,1012387312.0,5.35,1.34,0.08,0.77,6.026,5.859,5.5616666666666665,5.253333333333333
2022-01-25,6.0,5.87,6.1,5.86,1129068,718909968.0,3.96,-3.14,-0.19,0.55,6.0120000000000005,5.862,5.581666666666666,5.269333333333334
2022-01-26,5.9,6.07,6.12,5.83,1395520,896306576.0,4.94,3.41,0.2,0.69,6.0200000000000005,5.892,5.612666666666667,5.291166666666666
2022-01-27,6.03,5.99,6.15,5.94,991916,637952384.0,3.46,-1.32,-0.08,0.49,5.994,5.918000000000001,5.639333333333334,5.3115
2022-01-28,5.98,5.82,6.01,5.67,1485984,923099040.0,5.68,-2.84,-0.17,0.73,5.962,5.946,5.656666666666666,5.328833333333334
2022-02-07,5.95,6.21,6.22,5.92,1661386,1086194400.0,5.15,6.7,0.39,0.82,5.992,6.009,5.686333333333334,5.353833333333332
2022-02-08,6.24,6.23,6.38,6.14,1870793,1240563360.0,3.86,0.32,0.02,0.92,6.064,6.038,5.713666666666667,5.378166666666667
2022-02-09,6.23,6.17,6.26,6.13,1222989,805994624.0,2.09,-0.96,-0.06,0.6,6.0840000000000005,6.0520000000000005,5.736666666666667,5.4015
2022-02-10,6.16,6.32,6.39,6.14,1381156,926322288.0,4.05,2.43,0.15,0.68,6.15,6.072000000000001,5.7669999999999995,5.4265
2022-02-11,6.34,6.27,6.41,6.21,1681070,1130284176.0,3.16,-0.79,-0.05,0.83,6.24,6.101,5.796666666666667,5.449666666666666
2022-02-14,6.26,6.07,6.32,6.01,1242574,811916400.0,4.94,-3.19,-0.2,0.61,6.212000000000001,6.102,5.820333333333334,5.47
2022-02-15,6.03,6.06,6.12,5.98,890681,572990704.0,2.31,-0.16,-0.01,0.44,6.178,6.121,5.841666666666667,5.4896666666666665
2022-02-16,6.11,6.16,6.28,6.1,943999,620789504.0,2.97,1.65,0.1,0.46,6.176,6.13,5.868666666666667,5.511833333333333
2022-02-17,6.16,6.18,6.24,6.06,819658,536721952.0,2.92,0.32,0.02,0.4,6.148000000000001,6.148999999999999,5.896333333333334,5.533833333333334
2022-02-18,6.12,6.28,6.35,6.08,1044648,694302432.0,4.37,1.62,0.1,0.51,6.15,6.194999999999999,5.928333333333334,5.558166666666667
2022-02-21,6.28,6.17,6.29,6.1,951840,624371808.0,3.03,-1.75,-0.11,0.47,6.17,6.191,5.9543333333333335,5.580333333333333
2022-02-22,6.12,6.12,6.17,5.98,1093034,706991296.0,3.08,-0.81,-0.05,0.54,6.182,6.18,5.977666666666667,5.602166666666666
2022-02-23,6.09,5.96,6.11,5.87,1465874,931133072.0,3.92,-2.61,-0.16,0.72,6.142,6.159,5.997333333333334,5.618333333333333
2022-02-24,5.91,5.81,5.98,5.72,1352641,847101232.0,4.36,-2.52,-0.15,0.66,6.068,6.108,6.004999999999999,5.631666666666666
2022-02-25,5.83,5.77,5.92,5.65,1411419,870733536.0,4.65,-0.69,-0.04,0.69,5.966,6.058,6.0023333333333335,5.644166666666667
2022-02-28,5.68,5.81,5.84,5.68,786632,486153632.0,2.77,0.69,0.04,0.39,5.894,6.032,5.9976666666666665,5.658333333333333
2022-03-01,5.8,5.85,5.92,5.78,760841,475076080.0,2.41,0.69,0.04,0.37,5.839999999999999,6.011,5.998,5.6738333333333335
2022-03-02,5.81,5.86,5.9,5.79,593471,371964160.0,1.88,0.17,0.01,0.29,5.819999999999999,5.981,6.001,5.6898333333333335
2022-03-03,5.84,6.01,6.15,5.84,1202851,772717312.0,5.29,2.56,0.15,0.59,5.859999999999999,5.964,6.0103333333333335,5.707
2022-03-04,5.99,5.89,6.0,5.86,611484,385397744.0,2.33,-2.0,-0.12,0.3,5.8839999999999995,5.925,6.022000000000001,5.719333333333333
2022-03-07,5.84,5.86,6.04,5.8,950150,601782736.0,4.07,-0.51,-0.03,0.47,5.894,5.894,6.031333333333333,5.7305
2022-03-08,5.89,5.69,5.91,5.66,1151500,712704064.0,4.27,-2.9,-0.17,0.57,5.862,5.851000000000001,6.023,5.739999999999999
2022-03-09,5.72,5.73,5.8,5.41,1362955,825850320.0,6.85,0.7,0.04,0.67,5.836,5.828,6.013,5.7476666666666665
2022-03-10,5.8,5.64,5.84,5.61,786205,479686192.0,4.01,-1.57,-0.09,0.39,5.7620000000000005,5.811,5.997,5.7540000000000004
2022-03-11,5.59,5.56,5.62,5.41,909353,535679840.0,3.72,-1.42,-0.08,0.45,5.696,5.790000000000001,5.9830000000000005,5.758333333333334
2022-03-14,5.52,5.5,5.7,5.49,676543,405150320.0,3.78,-1.08,-0.06,0.33,5.6240000000000006,5.759,5.964333333333333,5.763000000000001
2022-03-15,5.5,5.15,5.51,5.12,1457526,823263456.0,7.09,-6.36,-0.35,0.72,5.516,5.689,5.940333333333333,5.760999999999999
2022-03-16,5.23,5.26,5.32,5.02,1017804,567002784.0,5.83,2.14,0.11,0.5,5.422,5.629,5.913333333333333,5.763
2022-03-17,5.35,5.24,5.35,5.2,971711,551331808.0,2.85,-0.38,-0.02,0.48,5.3420000000000005,5.5520000000000005,5.888333333333334,5.763833333333333
2022-03-18,5.24,5.44,5.47,5.18,989712,570518208.0,5.53,3.82,0.2,0.49,5.318,5.507,5.875666666666667,5.766166666666666
2022-03-21,5.44,5.39,5.46,5.33,771714,445568304.0,2.39,-0.92,-0.05,0.38,5.296,5.46,5.848333333333333,5.767333333333334
2022-03-22,5.44,5.52,5.54,5.41,672591,395650928.0,2.41,2.41,0.13,0.33,5.369999999999999,5.443,5.824666666666667,5.769166666666666
2022-03-23,5.51,5.52,5.58,5.45,594799,350814592.0,2.36,0.0,0.0,0.29,5.422,5.422,5.802999999999999,5.769833333333334
2022-03-24,5.47,5.49,5.58,5.46,465479,275433952.0,2.17,-0.54,-0.03,0.23,5.4719999999999995,5.407,5.775333333333333,5.771166666666667
2022-03-25,5.45,5.39,5.47,5.38,499763,290884752.0,1.64,-1.82,-0.1,0.25,5.462,5.390000000000001,5.7459999999999996,5.771333333333333
2022-03-28,5.34,5.5,5.51,5.3,502660,292668320.0,3.9,2.04,0.11,0.25,5.484,5.390000000000001,5.727,5.773666666666666
2022-03-29,5.49,5.49,5.54,5.42,440231,258900907.0,2.18,-0.18,-0.01,0.22,5.478,5.4239999999999995,5.707999999999999,5.7748333333333335
2022-03-30,5.48,5.65,5.67,5.47,828591,496885136.0,3.64,2.91,0.16,0.41,5.504,5.463,5.691,5.779833333333333
2022-03-31,5.62,5.63,5.74,5.58,630817,381621552.0,2.83,-0.35,-0.02,0.31,5.532000000000001,5.502,5.672666666666666,5.7844999999999995
2022-04-01,5.63,5.7,5.73,5.59,658547,399432480.0,2.49,1.24,0.07,0.32,5.594,5.5280000000000005,5.653333333333333,5.7908333333333335
2022-04-06,5.69,6.06,6.07,5.68,1511860,957163248.0,6.84,6.32,0.36,0.74,5.706,5.595000000000001,5.649666666666667,5.8020000000000005
2022-04-07,6.04,6.08,6.28,6.0,1549123,1013385792.0,4.62,0.33,0.02,0.76,5.824,5.651000000000001,5.6483333333333325,5.813
2022-04-08,6.38,6.36,6.56,6.25,2520907,1706170608.0,5.1,4.61,0.28,1.24,5.966,5.735,5.661666666666666,5.8294999999999995
2022-04-11,6.4,6.49,6.54,6.35,2770877,1904578192.0,2.99,2.04,0.13,1.36,6.138,5.835,5.684333333333333,5.844666666666667
2022-04-12,6.4,6.54,6.67,6.29,2172596,1508776288.0,5.86,0.77,0.05,1.07,6.306,5.95,5.71,5.856166666666667
2022-04-13,6.45,6.36,6.59,6.36,1436331,983512560.0,3.52,-2.75,-0.18,0.71,6.3660000000000005,6.036,5.7283333333333335,5.8629999999999995
2022-04-14,6.36,6.41,6.46,6.25,1309158,884960528.0,3.3,0.79,0.05,0.64,6.4319999999999995,6.128,5.747,5.8725000000000005
2022-04-15,6.4,6.34,6.59,6.3,1312722,899611408.0,4.52,-1.09,-0.07,0.64,6.428,6.197,5.763,5.882000000000001
2022-04-18,6.3,6.18,6.37,6.15,897786,595800928.0,3.47,-2.52,-0.16,0.44,6.3660000000000005,6.252000000000001,5.768666666666666,5.8895
2022-04-19,6.14,6.35,6.35,6.14,963160,641128480.0,3.4,2.75,0.17,0.47,6.327999999999999,6.317,5.784000000000001,5.9030000000000005
2022-04-20,6.34,6.06,6.34,6.01,1105715,722319696.0,5.2,-4.57,-0.29,0.54,6.267999999999999,6.316999999999999,5.790666666666667,5.9110000000000005
2022-04-21,6.02,5.96,6.1,5.92,879017,562957376.0,2.97,-1.65,-0.1,0.43,6.177999999999999,6.305,5.799666666666667,5.911333333333333
2022-04-22,5.95,6.12,6.19,5.92,1035411,673886160.0,4.53,2.68,0.16,0.51,6.1339999999999995,6.281000000000001,5.812666666666667,5.912833333333333
2022-04-25,6.04,5.97,6.28,5.94,1405949,915513696.0,5.56,-2.45,-0.15,0.69,6.092,6.229,5.823666666666667,5.910333333333333
2022-04-26,5.97,6.25,6.45,5.96,1916342,1275117968.0,8.21,4.69,0.28,0.94,6.072,6.2,5.846666666666667,5.914833333333333
2022-04-27,6.47,6.34,6.61,6.1,2882876,1959663008.0,8.16,1.44,0.09,1.42,6.127999999999999,6.1979999999999995,5.874666666666667,5.9195
2022-04-28,6.2,6.68,6.72,6.16,3252960,2263687040.0,8.83,5.36,0.34,1.6,6.272,6.225,5.925666666666666,5.933000000000001
2022-04-29,6.7,6.68,6.75,6.56,2982235,2106681392.0,2.84,0.0,0.0,1.46,6.3839999999999995,6.2589999999999995,5.973,5.943166666666667
2022-05-05,6.81,6.72,6.92,6.66,1969170,1409732144.0,3.89,0.6,0.04,0.97,6.534000000000001,6.313,6.022333333333333,5.955333333333333
2022-05-06,6.52,6.43,6.61,6.37,1560215,1074453232.0,3.57,-4.32,-0.29,0.77,6.57,6.321,6.0553333333333335,5.9655000000000005
2022-05-09,6.4,6.5,6.62,6.38,1267259,872924880.0,3.73,1.09,0.07,0.62,6.601999999999999,6.365,6.092333333333333,5.9703333333333335
2022-05-10,6.4,6.74,6.81,6.35,2019707,1418721408.0,7.08,3.69,0.24,0.99,6.614,6.4430000000000005,6.133,5.978833333333333
2022-05-11,6.71,6.49,6.76,6.48,1721032,1198482096.0,4.15,-3.71,-0.25,0.85,6.5760000000000005,6.4799999999999995,6.165333333333334,5.984166666666667
2022-05-12,6.44,6.53,6.62,6.42,991260,685684512.0,3.08,0.62,0.04,0.49,6.538000000000001,6.536,6.2,5.987666666666667
2022-05-13,6.59,6.61,6.63,6.48,987704,688615376.0,2.3,1.23,0.08,0.49,6.574000000000001,6.572,6.240666666666667,5.993333333333334
2022-05-16,6.62,6.51,6.69,6.39,850373,584638080.0,4.54,-1.51,-0.1,0.42,6.5760000000000005,6.589,6.274333333333333,6.000666666666667
2022-05-17,6.5,6.41,6.5,6.29,981759,664561456.0,3.23,-1.54,-0.1,0.48,6.51,6.562,6.305000000000001,6.006500000000001
2022-05-18,6.41,6.27,6.43,6.23,910924,610215216.0,3.12,-2.18,-0.14,0.45,6.465999999999999,6.521000000000001,6.325666666666667,6.008333333333334
2022-05-19,6.2,6.48,6.52,6.17,1115705,755662016.0,5.58,3.35,0.21,0.55,6.456,6.497,6.354,6.013333333333334
2022-05-20,6.49,6.58,6.65,6.45,1106935,770505040.0,3.09,1.54,0.1,0.54,6.45,6.5120000000000005,6.383333333333334,6.0183333333333335
2022-05-23,6.53,6.31,6.54,6.29,1111745,753760224.0,3.8,-4.1,-0.27,0.55,6.409999999999999,6.493,6.391666666666667,6.020666666666667
2022-05-24,6.32,6.1,6.39,6.08,1189422,782171968.0,4.91,-3.33,-0.21,0.58,6.348,6.429,6.392333333333334,6.020333333333332
2022-05-25,6.13,6.23,6.25,6.1,800726,526745504.0,2.46,2.13,0.13,0.39,6.34,6.4030000000000005,6.388,6.0248333333333335
2022-05-26,6.29,6.4,6.48,6.26,1184172,804473648.0,3.53,2.73,0.17,0.58,6.324,6.39,6.385000000000001,6.034666666666666
2022-05-27,6.4,6.52,6.53,6.35,1152561,790787872.0,2.81,1.88,0.12,0.57,6.311999999999999,6.380999999999999,6.384333333333333,6.047166666666667
2022-05-30,6.53,6.37,6.69,6.37,853584,588244448.0,4.91,-2.3,-0.15,0.42,6.324,6.367,6.384666666666666,6.0565
2022-05-31,6.37,6.17,6.37,6.16,1522905,1007808640.0,3.3,-3.14,-0.2,0.75,6.338,6.343000000000001,6.376666666666667,6.061833333333333
2022-06-01,6.17,6.13,6.2,6.06,1177274,767229152.0,2.27,-0.65,-0.04,0.58,6.318,6.329,6.369666666666666,6.066333333333334
2022-06-02,6.15,6.09,6.2,6.02,1108221,721505168.0,2.94,-0.65,-0.04,0.54,6.255999999999999,6.290000000000001,6.366666666666666,6.067666666666667
2022-06-06,6.04,5.86,6.06,5.76,2419575,1508901808.0,4.93,-3.78,-0.23,1.19,6.124,6.218,6.350333333333333,6.067166666666667
2022-06-07,5.85,5.9,5.91,5.82,1249247,784384880.0,1.54,0.68,0.04,0.61,6.03,6.1770000000000005,6.345,6.067833333333334
2022-06-08,5.9,5.85,5.93,5.74,1553238,968415472.0,3.22,-0.85,-0.05,0.76,5.965999999999999,6.152,6.341333333333333,6.0705
2022-06-09,5.82,5.92,6.0,5.81,1486374,939240352.0,3.25,1.2,0.07,0.73,5.924,6.1209999999999996,6.334666666666666,6.073666666666666
2022-06-10,5.89,5.92,5.95,5.84,1227832,771987472.0,1.86,0.0,0.0,0.6,5.890000000000001,6.0729999999999995,6.332999999999999,6.078333333333333
2022-06-13,5.88,5.7,5.89,5.66,1825408,1117305136.0,3.89,-3.72,-0.22,0.9,5.8580000000000005,5.9910000000000005,6.314666666666667,6.080666666666667
2022-06-14,5.67,5.81,5.83,5.66,1176435,723200320.0,2.98,1.93,0.11,0.58,5.84,5.935,6.297,6.0858333333333325
2022-06-15,5.81,6.03,6.14,5.74,2208408,1416062768.0,6.88,3.79,0.22,1.08,5.876,5.920999999999999,6.275333333333334,6.1005
2022-06-16,6.06,5.92,6.15,5.9,1292363,824426048.0,4.15,-1.82,-0.11,0.63,5.8759999999999994,5.9,6.25,6.1115
2022-06-17,5.87,5.91,5.95,5.82,829453,521061536.0,2.2,-0.17,-0.01,0.41,5.8740000000000006,5.882,6.223,6.1226666666666665
2022-06-20,5.92,5.82,5.94,5.82,1072508,671403552.0,2.03,-1.52,-0.09,0.53,5.898,5.878,6.2026666666666666,6.1290000000000004
2022-06-21,5.83,5.82,5.94,5.76,932152,582534160.0,3.09,0.0,0.0,0.46,5.9,5.87,6.180000000000001,6.136166666666666
2022-06-22,5.82,5.73,5.83,5.72,707301,435796656.0,1.89,-1.55,-0.09,0.35,5.84,5.858,6.146333333333334,6.139666666666667
2022-06-23,5.75,5.76,5.8,5.69,896449,550449888.0,1.92,0.52,0.03,0.44,5.808000000000001,5.842,6.122,6.143666666666666
2022-06-24,5.74,5.68,5.77,5.62,1464865,889011264.0,2.6,-1.39,-0.08,0.72,5.7620000000000005,5.818,6.093666666666667,6.146833333333333
2022-06-27,5.66,5.64,5.71,5.61,1138221,689233760.0,1.76,-0.7,-0.04,0.56,5.726000000000001,5.811999999999999,6.061333333333334,6.151
2022-06-28,5.63,5.65,5.67,5.58,1366390,821513392.0,1.6,0.18,0.01,0.67,5.692,5.796000000000001,6.032666666666667,6.1535
2022-06-29,5.64,5.72,5.83,5.63,2030253,1246890576.0,3.54,1.24,0.07,1.0,5.6899999999999995,5.765000000000001,6.009666666666666,6.157333333333333
2022-06-30,5.74,5.74,5.75,5.66,900504,550086848.0,1.57,0.35,0.02,0.44,5.686,5.747,5.992,6.158833333333333
2022-07-01,5.79,5.88,5.95,5.77,1555517,974413376.0,3.14,2.44,0.14,0.76,5.726,5.744,5.9719999999999995,6.162999999999999
2022-07-04,5.88,5.8,5.88,5.78,916990,569649440.0,1.7,-1.36,-0.08,0.45,5.758000000000001,5.741999999999999,5.946,6.164666666666666
2022-07-05,5.8,5.94,6.0,5.77,1587384,999463680.0,3.97,2.41,0.14,0.78,5.816,5.754,5.933666666666666,6.1626666666666665
2022-07-06,5.93,5.78,5.93,5.7,1459152,902303680.0,3.87,-2.69,-0.16,0.72,5.828,5.759,5.923,6.157666666666667
2022-07-07,5.76,5.72,5.76,5.7,846622,518416160.0,1.04,-1.04,-0.06,0.42,5.824,5.755000000000001,5.906000000000001,6.147
2022-07-08,5.75,5.88,5.9,5.73,1195702,746812882.0,2.97,2.8,0.16,0.59,5.824,5.775,5.8886666666666665,6.136833333333333
2022-07-11,5.87,6.07,6.11,5.84,1866819,1198210881.0,4.59,3.23,0.19,0.92,5.878,5.818,5.873666666666666,6.1290000000000004
2022-07-12,6.07,6.2,6.34,6.04,2106982,1398507867.0,4.94,2.14,0.13,1.03,5.930000000000001,5.873,5.868,6.126333333333333
2022-07-13,6.26,6.25,6.33,6.17,1341336,893094628.0,2.58,0.81,0.05,0.66,6.024,5.926,5.870666666666667,6.123666666666666
2022-07-14,6.28,6.2,6.29,6.08,1151517,756151538.0,3.36,-0.8,-0.05,0.57,6.119999999999999,5.972,5.873,6.121333333333334
2022-07-15,6.22,6.07,6.23,6.05,928914,605797614.0,2.9,-2.1,-0.13,0.46,6.1579999999999995,5.9910000000000005,5.872333333333333,6.1195
2022-07-18,6.02,6.08,6.14,5.99,817100,529171161.0,2.47,0.16,0.01,0.4,6.16,6.019,5.879666666666667,6.114999999999999
2022-07-19,6.09,6.06,6.14,5.97,742762,478149245.0,2.8,-0.33,-0.02,0.36,6.132,6.031000000000001,5.885000000000001,6.114999999999999
2022-07-20,6.1,6.01,6.11,5.98,726310,466092443.0,2.15,-0.83,-0.05,0.36,6.0840000000000005,6.054,5.890333333333333,6.115833333333333
2022-07-21,5.96,5.81,6.0,5.8,1284902,804722672.0,3.33,-3.33,-0.2,0.63,6.006,6.063,5.886666666666667,6.110666666666666
2022-07-22,5.83,5.82,5.85,5.73,843160,522089250.0,2.07,0.17,0.01,0.41,5.956,6.057,5.883333333333334,6.1081666666666665
2022-07-25,5.83,5.82,5.89,5.77,535438,332852699.0,2.06,0.0,0.0,0.26,5.904,6.032,5.887333333333333,6.101
2022-07-26,5.81,5.84,5.87,5.77,684014,425535563.0,1.72,0.34,0.02,0.34,5.86,5.996,5.888333333333333,6.092666666666667
2022-07-27,5.82,5.78,5.86,5.76,620328,383554528.0,1.71,-1.03,-0.06,0.3,5.814,5.949,5.879999999999999,6.0776666666666666
2022-07-28,5.77,5.73,5.8,5.73,826306,508771469.0,1.21,-0.87,-0.05,0.41,5.798,5.901999999999999,5.873666666666667,6.061833333333333
2022-07-29,5.76,5.58,5.78,5.56,1529888,894100985.0,3.84,-2.62,-0.15,0.75,5.75,5.853,5.862666666666667,6.042833333333333
2022-08-01,5.59,5.51,5.59,5.46,948876,542007777.0,2.33,-1.25,-0.07,0.47,5.688,5.796,5.852333333333334,6.0275
2022-08-02,5.48,5.4,5.49,5.25,1469709,816300426.0,4.36,-2.0,-0.11,0.72,5.6,5.73,5.838333333333333,6.009166666666667
2022-08-03,5.41,5.27,5.46,5.24,1008365,557548726.0,4.07,-2.41,-0.13,0.5,5.497999999999999,5.656000000000001,5.8229999999999995,5.984666666666667
2022-08-04,5.31,5.35,5.37,5.24,780891,429663847.0,2.47,1.52,0.08,0.38,5.422,5.61,5.809333333333333,5.9656666666666665
2022-08-05,5.33,5.38,5.38,5.28,615572,340889990.0,1.87,0.56,0.03,0.3,5.382,5.566000000000001,5.799333333333333,5.9465
2022-08-08,5.35,5.37,5.42,5.32,655153,364255220.0,1.86,-0.19,-0.01,0.32,5.353999999999999,5.521,5.790333333333333,5.925833333333333
2022-08-09,5.35,5.32,5.37,5.3,578105,319303841.0,1.3,-0.93,-0.05,0.28,5.337999999999999,5.468999999999999,5.7793333333333345,5.906000000000001
2022-08-10,5.3,5.29,5.32,5.26,497321,272671057.0,1.13,-0.56,-0.03,0.24,5.3420000000000005,5.42,5.765000000000001,5.887333333333332
2022-08-11,5.32,5.38,5.39,5.31,690461,383816068.0,1.51,1.7,0.09,0.34,5.348,5.385,5.753,5.8725000000000005
2022-08-12,5.38,5.42,5.45,5.34,637492,357502674.0,2.04,0.74,0.04,0.31,5.356,5.369,5.737666666666667,5.854833333333333
2022-08-15,5.4,5.37,5.42,5.35,600373,335192040.0,1.29,-0.92,-0.05,0.29,5.356,5.3549999999999995,5.723333333333333,5.834666666666666
2022-08-16,5.37,5.39,5.45,5.37,513599,287597059.0,1.49,0.37,0.02,0.25,5.37,5.354,5.705,5.819333333333333
2022-08-17,5.4,5.41,5.42,5.36,554875,310387997.0,1.11,0.37,0.02,0.27,5.394,5.367999999999999,5.692666666666667,5.807833333333334
2022-08-18,5.4,5.32,5.41,5.31,644518,357035605.0,1.85,-1.66,-0.09,0.32,5.382,5.365,5.679333333333333,5.792666666666666
2022-08-19,5.32,5.39,5.42,5.3,712698,397920284.0,2.26,1.32,0.07,0.35,5.376,5.366,5.663,5.775833333333334
2022-08-22,5.39,5.49,5.5,5.36,857416,485117063.0,2.6,1.86,0.1,0.42,5.4,5.378,5.643666666666666,5.758666666666667
2022-08-23,5.46,5.44,5.5,5.41,594741,335179665.0,1.64,-0.91,-0.05,0.29,5.41,5.390000000000001,5.618333333333333,5.743166666666666
2022-08-24,5.44,5.39,5.49,5.38,610945,343948688.0,2.02,-0.92,-0.05,0.3,5.406000000000001,5.4,5.589666666666667,5.730166666666666
2022-08-25,5.4,5.48,5.49,5.39,713060,402981344.0,1.86,1.67,0.09,0.35,5.438000000000001,5.41,5.565666666666667,5.719333333333333
2022-08-26,5.49,5.43,5.5,5.41,549743,309839340.0,1.64,-0.91,-0.05,0.27,5.446,5.411,5.544333333333333,5.708333333333333
2022-08-29,5.38,5.47,5.47,5.35,552321,310278853.0,2.21,0.74,0.04,0.27,5.442,5.421,5.524,5.701833333333334
2022-08-30,5.46,5.54,5.56,5.45,845128,483539641.0,2.01,1.28,0.07,0.42,5.462,5.436,5.506666666666666,5.695833333333334
2022-08-31,5.58,5.55,5.6,5.51,880303,506687264.0,1.62,0.18,0.01,0.43,5.494,5.45,5.491333333333333,5.690833333333333
2022-09-01,5.55,5.62,5.72,5.54,1204968,703995872.0,3.24,1.26,0.07,0.59,5.522,5.4799999999999995,5.485,5.685833333333334
2022-09-02,5.64,5.58,5.65,5.53,737935,425668117.0,2.14,-0.71,-0.04,0.36,5.552,5.4990000000000006,5.477,5.680166666666667
2022-09-05,5.57,5.65,5.66,5.55,660392,384124402.0,1.97,1.25,0.07,0.32,5.588,5.515,5.471333333333333,5.679333333333334
2022-09-06,5.65,5.67,5.7,5.62,642822,376626339.0,1.42,0.35,0.02,0.32,5.614,5.537999999999999,5.465666666666667,5.6770000000000005
2022-09-07,5.67,5.64,5.71,5.6,574533,336002053.0,1.94,-0.53,-0.03,0.28,5.632,5.563000000000001,5.461,5.6705000000000005
2022-09-08,5.65,5.63,5.68,5.56,573237,333220706.0,2.13,-0.18,-0.01,0.28,5.6339999999999995,5.578,5.457666666666666,5.665666666666667
2022-09-09,5.63,5.67,5.7,5.61,759430,445702952.0,1.6,0.71,0.04,0.37,5.652,5.601999999999999,5.4606666666666674,5.661666666666666
2022-09-13,5.7,5.63,5.71,5.6,798088,466848169.0,1.94,-0.71,-0.04,0.39,5.648,5.618,5.464666666666667,5.6585
2022-09-14,5.57,5.53,5.62,5.53,506229,291806578.0,1.6,-1.78,-0.1,0.25,5.62,5.617,5.469,5.653666666666667
2022-09-15,5.55,5.6,5.65,5.52,742586,430190129.0,2.35,1.27,0.07,0.36,5.612,5.622000000000001,5.48,5.6514999999999995
2022-09-16,5.61,5.32,5.63,5.32,1187737,667935372.0,5.54,-5.0,-0.28,0.58,5.55,5.5920000000000005,5.479,5.644166666666667
2022-09-19,5.33,5.38,5.41,5.25,566494,314426081.0,3.01,1.13,0.06,0.28,5.492,5.572,5.479,5.639166666666667
2022-09-20,5.38,5.31,5.4,5.3,565719,312855983.0,1.86,-1.3,-0.07,0.28,5.428,5.538,5.477,5.6336666666666675
2022-09-21,5.32,5.39,5.39,5.26,497407,275810900.0,2.45,1.51,0.08,0.24,5.4,5.51,5.479333333333333,5.629333333333333
2022-09-22,5.36,5.29,5.39,5.28,633077,348851979.0,2.04,-1.86,-0.1,0.31,5.338,5.475,5.479333333333333,5.622166666666667
2022-09-23,5.27,5.33,5.37,5.26,681988,377654925.0,2.08,0.76,0.04,0.33,5.34,5.444999999999999,5.477666666666667,5.615333333333334
2022-09-26,5.3,5.11,5.34,5.09,834443,450722245.0,4.69,-4.13,-0.22,0.41,5.286,5.389,5.467333333333333,5.602500000000001
2022-09-27,5.12,5.17,5.18,5.09,561506,299810843.0,1.76,1.17,0.06,0.28,5.258,5.343,5.460666666666667,5.592
2022-09-28,5.15,5.06,5.17,5.06,559857,297323591.0,2.13,-2.13,-0.11,0.27,5.191999999999999,5.296,5.449666666666666,5.577333333333333
2022-09-29,5.11,5.02,5.15,4.98,543249,285027869.0,3.36,-0.79,-0.04,0.27,5.138,5.2379999999999995,5.4366666666666665,5.5646666666666675
2022-09-30,5.0,5.03,5.06,4.97,554236,289666451.0,1.79,0.2,0.01,0.27,5.078,5.209,5.4270000000000005,5.553166666666667
2022-10-10,5.05,5.16,5.22,5.04,996827,534445577.0,3.58,2.58,0.13,0.49,5.088,5.187,5.4193333333333324,5.541166666666667
2022-10-11,5.13,5.11,5.16,5.06,588132,311132519.0,1.94,-0.97,-0.05,0.29,5.076,5.167,5.406666666666667,5.525166666666666
2022-10-12,5.09,5.14,5.15,5.01,562661,297430201.0,2.74,0.59,0.03,0.28,5.0920000000000005,5.142,5.3966666666666665,5.507500000000001
2022-10-13,5.12,5.07,5.13,5.05,589178,310735474.0,1.56,-1.36,-0.07,0.29,5.102,5.12,5.385999999999999,5.487833333333334
2022-10-14,5.1,5.12,5.18,5.08,610466,325379599.0,1.97,0.99,0.05,0.3,5.12,5.099,5.374,5.469833333333333
2022-10-17,5.11,5.12,5.15,5.05,664569,352403348.0,1.95,0.0,0.0,0.33,5.112,5.1,5.363666666666666,5.454
2022-10-18,5.14,5.1,5.17,5.07,635584,337448445.0,1.95,-0.39,-0.02,0.31,5.11,5.093,5.351333333333333,5.437666666666667
2022-10-19,5.1,5.06,5.13,5.06,432075,228531084.0,1.37,-0.78,-0.04,0.21,5.093999999999999,5.093,5.335333333333334,5.421
2022-10-20,5.04,5.0,5.06,5.0,605486,316171368.0,1.19,-1.19,-0.06,0.3,5.08,5.091,5.316999999999999,5.404166666666667
2022-10-21,5.03,5.14,5.21,5.03,1330557,712074679.0,3.6,2.8,0.14,0.65,5.084,5.101999999999999,5.301,5.393
2022-10-24,5.14,5.01,5.16,4.99,952637,502717138.0,3.31,-2.53,-0.13,0.47,5.061999999999999,5.087000000000001,5.282,5.379499999999999
2022-10-25,5.02,5.07,5.09,5.01,569158,298706868.0,1.6,1.2,0.06,0.28,5.056,5.083,5.262666666666666,5.367000000000001
2022-10-26,5.06,5.09,5.14,5.05,577588,305652192.0,1.78,0.39,0.02,0.28,5.062,5.077999999999999,5.243333333333333,5.3545
2022-10-27,5.1,5.15,5.18,5.09,585778,313000243.0,1.77,1.18,0.06,0.29,5.0920000000000005,5.086,5.227,5.343999999999999
2022-10-28,5.12,5.07,5.18,5.05,551466,292823605.0,2.52,-1.55,-0.08,0.27,5.078,5.081,5.208333333333333,5.333
2022-10-31,5.04,4.79,5.06,4.77,1572049,795740869.0,5.72,-5.52,-0.28,0.77,5.034000000000001,5.048,5.178999999999999,5.319833333333333
2022-11-01,4.79,4.86,4.87,4.76,942876,473227011.0,2.3,1.46,0.07,0.46,4.992,5.024,5.153333333333333,5.309
2022-11-02,4.85,4.85,4.87,4.79,1079027,543595586.0,1.65,-0.21,-0.01,0.53,4.944,5.003,5.1306666666666665,5.299833333333334
2022-11-03,4.82,4.8,4.84,4.79,718570,360038116.0,1.03,-1.03,-0.05,0.35,4.8740000000000006,4.983,5.104,5.292
2022-11-04,4.8,4.9,4.9,4.79,953709,483223110.0,2.29,2.08,0.1,0.47,4.84,4.959,5.090000000000001,5.2844999999999995
2022-11-07,4.89,4.96,4.98,4.87,747016,384030297.0,2.24,1.22,0.06,0.37,4.8740000000000006,4.954,5.076,5.2775
2022-11-08,4.96,4.97,4.98,4.92,530802,273473043.0,1.21,0.2,0.01,0.26,4.895999999999999,4.944,5.064666666666667,5.270833333333333
2022-11-09,4.97,4.96,5.04,4.95,505490,262172531.0,1.81,-0.2,-0.01,0.25,4.918,4.931,5.050333333333333,5.264833333333333
2022-11-10,4.93,4.95,4.98,4.87,416905,213997444.0,2.22,-0.2,-0.01,0.2,4.9479999999999995,4.911,5.039,5.259166666666667
2022-11-11,5.02,5.09,5.15,4.99,1059188,557646450.0,3.23,2.83,0.14,0.52,4.986,4.913,5.031,5.254333333333333
2022-11-14,5.16,5.09,5.2,5.08,1046777,558186123.0,2.36,0.0,0.0,0.51,5.012,4.943,5.030333333333333,5.248833333333334
2022-11-15,5.09,5.12,5.13,5.05,735234,389536265.0,1.57,0.59,0.03,0.36,5.042,4.968999999999999,5.028666666666667,5.244666666666666
2022-11-16,5.12,5.08,5.15,5.07,592214,314350799.0,1.56,-0.78,-0.04,0.29,5.066,4.992,5.0293333333333345,5.2395000000000005
2022-11-17,5.07,5.09,5.1,5.05,396864,209456734.0,0.98,0.2,0.01,0.19,5.093999999999999,5.021,5.031666666666666,5.234166666666667
2022-11-18,5.1,5.03,5.12,5.03,433823,228255148.0,1.77,-1.18,-0.06,0.21,5.082,5.034000000000001,5.031666666666666,5.229333333333333
2022-11-21,5.01,5.0,5.02,4.96,373396,193593305.0,1.19,-0.6,-0.03,0.18,5.064,5.038,5.026333333333333,5.222833333333333
2022-11-22,5.0,5.27,5.52,4.98,3285452,1822128987.0,10.8,5.4,0.27,1.61,5.093999999999999,5.068,5.031666666666666,5.219166666666667
2022-11-23,5.29,5.59,5.79,5.25,4535212,2610559024.0,10.25,6.07,0.32,2.23,5.196,5.131,5.046666666666667,5.221666666666667
2022-11-24,5.51,5.42,5.54,5.37,1997240,1128305523.0,3.04,-3.04,-0.17,0.98,5.2620000000000005,5.177999999999999,5.058333333333334,5.222166666666667
2022-11-25,5.43,5.63,5.72,5.4,2453039,1426124166.0,5.9,3.87,0.21,1.2,5.382,5.232,5.075333333333333,5.224666666666667
2022-11-28,5.55,5.55,5.69,5.5,1536859,886864180.0,3.37,-1.42,-0.08,0.75,5.492,5.278,5.089666666666667,5.2266666666666675
2022-11-29,5.61,5.74,5.82,5.56,2390858,1410848085.0,4.68,3.42,0.19,1.17,5.586,5.34,5.111000000000001,5.231166666666666
2022-11-30,5.67,5.68,5.76,5.63,1289059,758870892.0,2.26,-1.05,-0.06,0.63,5.604,5.4,5.131666666666667,5.2335
2022-12-01,5.72,5.6,5.73,5.58,1424753,832634650.0,2.64,-1.41,-0.08,0.7,5.64,5.451,5.151666666666667,5.234333333333334
2022-12-02,5.56,5.58,5.61,5.48,1049337,603123033.0,2.32,-0.36,-0.02,0.52,5.63,5.505999999999999,5.166333333333332,5.233666666666666
2022-12-05,5.76,6.16,6.16,5.7,3601987,2236397290.0,8.24,10.39,0.58,1.77,5.752,5.622,5.204666666666666,5.243333333333334
2022-12-06,6.14,6.11,6.33,6.04,3245634,2059941020.0,4.71,-0.81,-0.05,1.59,5.8260000000000005,5.706,5.239333333333334,5.2509999999999994
2022-12-07,6.09,5.96,6.16,5.91,2052102,1270901570.0,4.09,-2.45,-0.15,1.01,5.882,5.743,5.2683333333333335,5.255833333333333
2022-12-08,5.96,5.97,6.01,5.89,1542417,946721693.0,2.01,0.17,0.01,0.76,5.956,5.798,5.2956666666666665,5.261333333333334
2022-12-09,5.95,5.89,5.96,5.8,1723626,1046143953.0,2.68,-1.34,-0.08,0.85,6.018,5.824,5.3229999999999995,5.265666666666666
2022-12-12,5.85,5.77,5.93,5.75,1396243,841790309.0,3.06,-2.04,-0.12,0.69,5.9399999999999995,5.846,5.355666666666667,5.267333333333334
2022-12-13,5.78,5.79,5.86,5.74,1029249,616314235.0,2.08,0.35,0.02,0.51,5.8759999999999994,5.851,5.386666666666667,5.2700000000000005
2022-12-14,5.8,5.75,5.81,5.7,828083,492712286.0,1.9,-0.69,-0.04,0.41,5.8340000000000005,5.858,5.416666666666667,5.273666666666667
2022-12-15,5.75,5.67,5.78,5.65,912720,537336981.0,2.26,-1.39,-0.08,0.45,5.774,5.865,5.445666666666667,5.2748333333333335
2022-12-16,5.64,5.75,5.8,5.64,1025780,608551348.0,2.82,1.41,0.08,0.5,5.746,5.882,5.473999999999999,5.281999999999999
2022-12-19,5.71,5.51,5.75,5.46,1383267,797636050.0,5.04,-4.17,-0.24,0.68,5.694,5.816999999999999,5.492333333333334,5.284166666666666
2022-12-20,5.5,5.46,5.55,5.43,637326,362746191.0,2.18,-0.91,-0.05,0.31,5.628,5.752,5.5086666666666675,5.286666666666666
2022-12-21,5.47,5.45,5.48,5.4,416128,234794115.0,1.47,-0.18,-0.01,0.2,5.5680000000000005,5.701,5.525,5.2876666666666665
2022-12-22,5.48,5.39,5.54,5.36,753130,424496484.0,3.3,-1.1,-0.06,0.37,5.512,5.643,5.539666666666666,5.289333333333333
2022-12-23,5.37,5.4,5.43,5.35,385960,215638754.0,1.48,0.19,0.01,0.19,5.442,5.593999999999999,5.55,5.2905
2022-12-26,5.4,5.41,5.42,5.32,482614,268967338.0,1.85,0.19,0.01,0.24,5.422000000000001,5.558,5.560666666666666,5.2955
2022-12-27,5.44,5.4,5.48,5.39,661674,372341468.0,1.66,-0.18,-0.01,0.32,5.41,5.519,5.569999999999999,5.299333333333334
2022-12-28,5.36,5.37,5.43,5.32,650533,362162644.0,2.04,-0.56,-0.03,0.32,5.394,5.481,5.579666666666666,5.3045
2022-12-29,5.34,5.28,5.35,5.25,654925,359003705.0,1.86,-1.68,-0.09,0.32,5.372000000000001,5.442,5.586,5.308833333333333
2022-12-30,5.31,5.36,5.38,5.26,748936,413696723.0,2.27,1.52,0.08,0.37,5.364,5.4030000000000005,5.597,5.314333333333334
2023-01-03,5.34,5.44,5.48,5.29,955127,535445912.0,3.54,1.49,0.08,0.47,5.37,5.396,5.611666666666667,5.319
2023-01-04,5.41,5.46,5.51,5.41,763329,432451043.0,1.84,0.37,0.02,0.37,5.382000000000001,5.396,5.617999999999999,5.324833333333333
2023-01-05,5.48,5.49,5.53,5.44,674147,382995147.0,1.65,0.55,0.03,0.33,5.406000000000001,5.4,5.6146666666666665,5.330666666666667
2023-01-06,5.47,5.42,5.47,5.4,559312,314894327.0,1.28,-1.28,-0.07,0.27,5.434,5.4030000000000005,5.6146666666666665,5.3365
2023-01-09,5.43,5.42,5.45,5.39,538326,302540645.0,1.11,0.0,0.0,0.26,5.446,5.404999999999999,5.607666666666668,5.341499999999999
2023-01-10,5.41,5.34,5.43,5.33,636287,353804164.0,1.85,-1.48,-0.08,0.31,5.426,5.398000000000001,5.600666666666667,5.345166666666667
2023-01-11,5.34,5.33,5.39,5.32,516253,286850135.0,1.31,-0.19,-0.01,0.25,5.4,5.391,5.587,5.349
2023-01-12,5.34,5.27,5.35,5.25,679195,372287839.0,1.88,-1.13,-0.06,0.33,5.356,5.381,5.573333333333333,5.3525
2023-01-13,5.27,5.32,5.32,5.26,447627,245898984.0,1.14,0.95,0.05,0.22,5.336,5.385,5.563999999999999,5.357833333333334
2023-01-16,5.33,5.42,5.47,5.28,992660,555981540.0,3.57,1.88,0.1,0.49,5.336,5.391,5.558666666666667,5.3625
2023-01-17,5.43,5.37,5.43,5.35,610170,340344152.0,1.48,-0.92,-0.05,0.3,5.3420000000000005,5.384,5.532333333333333,5.3685
2023-01-18,5.38,5.37,5.42,5.35,604392,336866348.0,1.3,0.0,0.0,0.3,5.35,5.375,5.507666666666666,5.373499999999999
2023-01-19,5.37,5.43,5.43,5.33,577232,322174103.0,1.86,1.12,0.06,0.28,5.382,5.369,5.489999999999999,5.379166666666666
2023-01-20,5.43,5.57,5.58,5.42,1153884,660829372.0,2.95,2.58,0.14,0.57,5.4319999999999995,5.3839999999999995,5.476666666666666,5.386166666666667
2023-01-30,5.61,5.48,5.65,5.48,1308672,749902466.0,3.05,-1.62,-0.09,0.64,5.444,5.390000000000001,5.463,5.393
2023-01-31,5.5,5.5,5.52,5.47,623637,355157889.0,0.91,0.36,0.02,0.31,5.470000000000001,5.406000000000001,5.454,5.404833333333333
2023-02-01,5.51,5.6,5.62,5.46,1355371,778372474.0,2.91,1.82,0.1,0.67,5.516,5.433,5.447666666666667,5.417166666666666
2023-02-02,5.58,5.59,5.63,5.52,1051233,606833587.0,1.96,-0.18,-0.01,0.52,5.548,5.465,5.442333333333334,5.4295
2023-02-03,5.58,5.54,5.59,5.48,987467,565133656.0,1.97,-0.89,-0.05,0.48,5.542,5.487,5.438000000000001,5.441833333333334
2023-02-06,5.5,5.69,5.75,5.5,1848137,1082923563.0,4.51,2.71,0.15,0.91,5.584,5.514,5.435999999999999,5.455
2023-02-07,5.66,5.83,5.9,5.62,1985989,1185979001.0,4.92,2.46,0.14,0.98,5.65,5.5600000000000005,5.446666666666667,5.4695
2023-02-08,5.81,5.73,5.85,5.71,982971,587216380.0,2.4,-1.72,-0.1,0.48,5.676,5.596,5.455666666666667,5.482166666666667
2023-02-09,5.72,5.71,5.75,5.67,925505,546540659.0,1.4,-0.35,-0.02,0.45,5.7,5.6240000000000006,5.464333333333333,5.494666666666666
2023-02-10,5.72,5.71,5.74,5.64,853479,503108358.0,1.75,0.0,0.0,0.42,5.734,5.638,5.475,5.507333333333333
2023-02-13,5.69,5.75,5.82,5.66,1000619,594436072.0,2.8,0.7,0.04,0.49,5.746,5.665,5.486666666666667,5.518333333333333
2023-02-14,5.76,5.72,5.77,5.7,564017,333932788.0,1.22,-0.52,-0.03,0.28,5.723999999999999,5.686999999999999,5.497000000000001,5.528833333333334
2023-02-15,5.71,5.64,5.72,5.6,1032705,603347964.0,2.1,-1.4,-0.08,0.51,5.706,5.691,5.505,5.5375
2023-02-16,5.65,5.65,5.78,5.62,1426653,844395921.0,2.84,0.18,0.01,0.7,5.694,5.697,5.514333333333334,5.547
2023-02-17,5.64,5.59,5.69,5.59,651828,380504598.0,1.77,-1.06,-0.06,0.32,5.67,5.702,5.524666666666667,5.5553333333333335
2023-02-20,5.61,5.87,5.89,5.61,1961853,1176283330.0,5.01,5.01,0.28,0.96,5.694,5.72,5.541666666666667,5.569333333333334
2023-02-21,5.89,5.93,5.97,5.83,1419805,867196477.0,2.39,1.02,0.06,0.7,5.736,5.7299999999999995,5.557999999999999,5.584833333333334
2023-02-22,5.9,5.93,5.98,5.88,927117,568782227.0,1.69,0.0,0.0,0.46,5.794,5.75,5.573666666666667,5.595833333333333
2023-02-23,5.95,5.9,5.97,5.86,619791,377882771.0,1.85,-0.51,-0.03,0.3,5.844,5.769,5.5873333333333335,5.601
2023-02-24,5.9,5.84,5.91,5.8,784410,473777921.0,1.86,-1.02,-0.06,0.39,5.894,5.782,5.601333333333334,5.608
2023-02-27,5.84,5.8,5.88,5.78,577302,347797623.0,1.71,-0.68,-0.04,0.28,5.88,5.787,5.614,5.610833333333333
2023-02-28,5.81,5.84,5.86,5.75,868191,521359822.0,1.9,0.69,0.04,0.43,5.862,5.799,5.6306666666666665,5.615666666666667
2023-03-01,5.83,5.98,5.99,5.8,1576694,968319660.0,3.25,2.4,0.14,0.77,5.872,5.833,5.652333333333334,5.619666666666666
2023-03-02,5.95,6.14,6.27,5.94,2821638,1792369572.0,5.52,2.68,0.16,1.39,5.92,5.882,5.681333333333333,5.627333333333334
2023-03-03,6.15,6.47,6.53,6.12,3426939,2242284015.0,6.68,5.37,0.33,1.68,6.045999999999999,5.97,5.719666666666667,5.6418333333333335
2023-03-06,6.5,6.38,6.61,6.33,3167188,2106388686.0,4.33,-1.39,-0.09,1.56,6.162000000000001,6.021,5.751666666666666,5.655166666666667
2023-03-07,6.41,6.47,6.67,6.41,3913212,2644426886.0,4.08,1.41,0.09,1.92,6.287999999999999,6.075,5.788333333333333,5.660333333333333
2023-03-08,6.4,6.51,6.56,6.35,2069052,1378671245.0,3.25,0.62,0.04,1.02,6.394,6.133,5.826333333333334,5.667000000000001
2023-03-09,6.5,6.42,6.5,6.3,1578732,1041785106.0,3.07,-1.38,-0.09,0.78,6.45,6.1850000000000005,5.859333333333334,5.674666666666667
2023-03-10,6.35,6.23,6.44,6.22,1763384,1145897086.0,3.43,-2.96,-0.19,0.87,6.402000000000001,6.223999999999999,5.881333333333333,5.679
2023-03-13,6.36,6.69,6.75,6.36,3675084,2487495690.0,6.26,7.38,0.46,1.8,6.464,6.313000000000001,5.921666666666666,5.692333333333333
2023-03-14,6.68,6.81,7.01,6.61,3569712,2508256213.0,5.98,1.79,0.12,1.75,6.531999999999999,6.409999999999999,5.965333333333333,5.709666666666666
2023-03-15,6.87,7.28,7.35,6.69,3982680,2891759825.0,9.69,6.9,0.47,1.96,6.686,6.540000000000001,6.021333333333333,5.7345
2023-03-16,7.23,7.29,7.38,7.14,2986006,2232584191.0,3.3,0.14,0.01,1.47,6.859999999999999,6.654999999999999,6.078,5.760166666666666
2023-03-17,7.26,7.48,7.71,7.21,3335194,2565132919.0,6.86,2.61,0.19,1.64,7.109999999999999,6.756,6.142666666666667,5.790333333333334
2023-03-20,7.5,7.33,7.89,7.29,4327708,3359481084.0,8.02,-2.01,-0.15,2.13,7.2379999999999995,6.851000000000001,6.197333333333334,5.816666666666666
2023-03-21,7.41,7.15,7.44,7.05,3926472,2901239523.0,5.32,-2.46,-0.18,1.93,7.306,6.919,6.2413333333333325,5.844
2023-03-22,7.19,7.1,7.29,7.02,2345796,1720486455.0,3.78,-0.7,-0.05,1.15,7.2700000000000005,6.978,6.287000000000001,5.871333333333333
2023-03-23,7.1,7.43,7.46,7.02,3758106,2816139309.0,6.2,4.65,0.33,1.85,7.298,7.079000000000001,6.344333333333333,5.904333333333333
2023-03-24,7.3,7.15,7.35,7.13,2464717,1829583867.0,2.96,-3.77,-0.28,1.21,7.231999999999999,7.170999999999999,6.392333333333334,5.933666666666667
2023-03-27,7.1,6.95,7.18,6.83,2884178,2063855322.0,4.9,-2.8,-0.2,1.42,7.156000000000001,7.197,6.432333333333333,5.9595
2023-03-28,7.01,7.01,7.12,6.97,1673975,1211098735.0,2.16,0.86,0.06,0.82,7.128,7.2170000000000005,6.475333333333333,5.986166666666667
2023-03-29,6.95,6.69,6.99,6.61,3241917,2247022756.0,5.42,-4.56,-0.32,1.59,7.045999999999999,7.1579999999999995,6.5103333333333335,6.007666666666666
2023-03-30,6.69,6.74,6.79,6.55,1898741,1305131698.0,3.59,0.75,0.05,0.93,6.9079999999999995,7.103,6.546666666666667,6.030500000000001
2023-03-31,6.74,6.68,6.77,6.6,1660813,1141087301.0,2.52,-0.89,-0.06,0.82,6.814,7.023000000000001,6.582999999999999,6.053833333333333
2023-04-03,6.69,6.78,6.86,6.66,2012093,1401355365.0,2.99,1.5,0.1,0.99,6.779999999999999,6.968000000000001,6.613333333333332,6.0775
2023-04-04,6.77,7.48,7.48,6.71,4248982,3166015198.0,11.36,10.32,0.7,2.09,6.874,7.0009999999999994,6.665000000000001,6.1115
2023-04-06,7.62,7.67,7.8,7.43,4700010,3669788552.0,4.95,2.54,0.19,2.31,7.07,7.058,6.723,6.148333333333334
2023-04-07,7.62,7.5,7.63,7.33,2804529,2151134598.0,3.91,-2.22,-0.17,1.38,7.2219999999999995,7.065,6.776333333333333,6.1818333333333335
2023-04-10,7.49,7.78,7.93,7.45,3739485,2979397474.0,6.4,3.73,0.28,1.84,7.442,7.128,6.840999999999999,6.221166666666666
2023-04-11,7.69,7.65,7.73,7.46,2691345,2093938331.0,3.47,-1.67,-0.13,1.32,7.616,7.197999999999999,6.902666666666667,6.258333333333334
2023-04-12,7.65,7.82,7.88,7.47,3031400,2410768928.0,5.36,2.22,0.17,1.49,7.684,7.279000000000001,6.968666666666667,6.299666666666667
2023-04-13,7.69,7.72,7.91,7.61,1806658,1438670671.0,3.84,-1.28,-0.1,0.89,7.694,7.382000000000001,7.026666666666666,6.3395
2023-04-14,7.72,8.18,8.28,7.59,4199891,3461153578.0,8.94,5.96,0.46,2.06,7.830000000000001,7.525999999999999,7.094666666666667,6.388000000000001
2023-04-17,8.19,8.5,8.85,8.1,5333494,4611597625.0,9.17,3.91,0.32,2.62,7.974000000000001,7.708000000000001,7.162333333333334,6.441
2023-04-18,8.45,8.58,8.7,8.3,3116313,2716559061.0,4.71,0.94,0.08,1.53,8.16,7.888000000000001,7.235666666666668,6.493666666666667
2023-04-19,8.57,8.32,8.68,8.25,2863755,2485997330.0,5.01,-3.03,-0.26,1.41,8.260000000000002,7.9719999999999995,7.2973333333333334,6.542833333333333
2023-04-20,8.28,8.78,8.84,8.21,3540816,3088027236.0,7.57,5.53,0.46,1.74,8.472,8.083,7.373,6.599666666666667
2023-04-21,8.67,8.59,8.89,8.45,3025837,2686097206.0,5.01,-2.16,-0.19,1.49,8.553999999999998,8.192,7.445333333333334,6.652333333333333
2023-04-24,8.53,8.62,8.86,8.48,2861799,2543163298.0,4.42,0.35,0.03,1.41,8.578,8.276,7.525,6.703166666666666
2023-04-25,8.61,8.47,8.73,8.3,2564322,2228790113.0,4.99,-1.74,-0.15,1.26,8.556000000000001,8.358,7.584333333333334,6.753
2023-04-26,8.5,8.14,8.52,8.02,2793450,2338992206.0,5.9,-3.9,-0.33,1.37,8.52,8.39,7.628666666666667,6.797
2023-04-27,8.1,8.47,8.73,8.1,2519230,2175136547.0,7.74,4.05,0.33,1.24,8.458,8.465,7.668333333333334,6.844833333333335
2023-04-28,8.53,9.09,9.22,8.31,3601951,3243636616.0,10.74,7.32,0.62,1.77,8.558,8.556,7.7283333333333335,6.9031666666666665
2023-05-04,8.9,9.1,9.28,8.75,3771868,3474619161.0,5.83,0.11,0.01,1.85,8.654,8.616000000000001,7.782333333333333,6.9625
2023-05-05,9.03,8.85,9.4,8.77,3290938,3026278321.0,6.92,-2.75,-0.25,1.62,8.73,8.642999999999999,7.832999999999999,7.0151666666666666
2023-05-08,8.86,8.77,9.18,8.66,4168860,3791607549.0,5.88,-0.9,-0.08,2.05,8.856,8.687999999999999,7.8870000000000005,7.064166666666666
2023-05-09,8.78,8.34,8.89,8.28,4135106,3627238022.0,6.96,-4.9,-0.43,2.03,8.83,8.644,7.928333333333333,7.107666666666666
2023-05-10,8.26,8.21,8.34,8.0,2732417,2280928706.0,4.08,-1.56,-0.13,1.34,8.654,8.606,7.954333333333334,7.149333333333333
2023-05-11,8.21,8.18,8.26,8.04,1756727,1469265943.0,2.68,-0.37,-0.03,0.86,8.47,8.562000000000001,7.988666666666666,7.1905
2023-05-12,8.08,7.8,8.19,7.75,3408856,2753281945.0,5.38,-4.65,-0.38,1.67,8.26,8.495000000000001,8.017,7.224666666666667
2023-05-15,7.8,7.78,7.84,7.54,2592106,2046742462.0,3.85,-0.26,-0.02,1.27,8.062000000000001,8.459,8.042666666666667,7.2589999999999995
2023-05-16,7.78,7.63,7.85,7.58,1788161,1415183371.0,3.47,-1.93,-0.15,0.88,7.92,8.375,8.074,7.292166666666668
2023-05-17,7.6,7.68,7.71,7.47,1584935,1236765059.0,3.15,0.66,0.05,0.78,7.814,8.234,8.105333333333332,7.326
2023-05-18,7.67,7.76,7.91,7.65,2403022,1916852542.0,3.39,1.04,0.08,1.18,7.7299999999999995,8.1,8.141333333333334,7.362166666666667
2023-05-19,7.73,7.61,7.73,7.46,2020290,1571817524.0,3.48,-1.93,-0.15,0.99,7.692,7.976000000000001,8.169,7.391166666666666
2023-05-22,7.52,7.51,7.62,7.46,1341653,1035754343.0,2.1,-1.31,-0.1,0.66,7.638,7.85,8.17,7.4174999999999995
2023-05-23,7.54,7.32,7.63,7.3,2165731,1653077917.0,4.39,-2.53,-0.19,1.06,7.5760000000000005,7.748,8.158333333333333,7.440666666666667
2023-05-24,7.32,7.14,7.32,7.04,2224842,1636386733.0,3.83,-2.46,-0.18,1.09,7.468000000000001,7.641,8.146333333333335,7.461333333333333
2023-05-25,7.11,7.21,7.22,7.06,1494554,1097975580.0,2.24,0.98,0.07,0.73,7.358,7.544,8.127333333333333,7.484166666666667
2023-05-26,7.17,7.11,7.22,7.03,1295012,948827306.0,2.64,-1.39,-0.1,0.64,7.258,7.475,8.109333333333334,7.506
2023-05-29,7.22,7.43,7.45,7.21,2282085,1725814849.0,3.38,4.5,0.32,1.12,7.242,7.44,8.096333333333334,7.5325
2023-05-30,7.37,7.67,7.88,7.33,3142233,2477176549.0,7.4,3.23,0.24,1.54,7.312,7.444,8.094666666666667,7.560666666666667
2023-05-31,7.58,7.69,7.78,7.57,1739610,1376807637.0,2.74,0.26,0.02,0.85,7.422,7.445,8.078333333333333,7.5865
2023-06-01,7.65,7.87,7.92,7.61,2013919,1614334546.0,4.03,2.34,0.18,0.99,7.554,7.456,8.057333333333334,7.6098333333333334
2023-06-02,7.92,7.67,7.94,7.61,1623328,1285138127.0,4.19,-2.54,-0.2,0.8,7.6659999999999995,7.461999999999999,8.027,7.631333333333333
2023-06-05,7.68,7.59,7.77,7.53,1452361,1138728844.0,3.13,-1.04,-0.08,0.71,7.698,7.470000000000001,8.002666666666666,7.65
2023-06-06,7.57,7.66,7.84,7.54,1837017,1455974715.0,3.95,0.92,0.07,0.9,7.696,7.504,7.965333333333333,7.6691666666666665
2023-06-07,7.65,7.62,7.75,7.53,1275396,995256231.0,2.87,-0.52,-0.04,0.63,7.682,7.552,7.932999999999999,7.689166666666667
2023-06-08,7.56,7.82,7.86,7.54,2013072,1601061066.0,4.2,2.62,0.2,0.99,7.672,7.613000000000001,7.906333333333334,7.7156666666666665
2023-06-09,7.79,7.95,7.95,7.71,2484150,1989109489.0,3.07,1.66,0.13,1.22,7.728,7.697,7.889,7.736666666666666
2023-06-12,7.8,7.65,7.82,7.6,2243698,1764488342.0,2.77,-3.77,-0.3,1.1,7.74,7.718999999999999,7.8726666666666665,7.750666666666667
2023-06-13,7.61,7.37,7.64,7.26,2626610,1986373902.0,4.97,-3.66,-0.28,1.29,7.6819999999999995,7.689,7.836,7.752166666666667
2023-06-14,7.36,7.32,7.48,7.31,1428903,1084370236.0,2.31,-0.68,-0.05,0.7,7.622,7.651999999999999,7.777,7.752666666666667
2023-06-15,7.33,7.35,7.39,7.23,1462955,1100211534.0,2.19,0.41,0.03,0.72,7.5280000000000005,7.6,7.718666666666667,7.750500000000001
2023-06-16,7.4,7.68,7.72,7.4,2399576,1876302704.0,4.35,4.49,0.33,1.18,7.473999999999999,7.601000000000001,7.679666666666667,7.756333333333333
2023-06-19,7.65,7.28,7.67,7.21,2777022,2090506618.0,5.99,-5.21,-0.4,1.36,7.4,7.57,7.63,7.7585
2023-06-20,7.26,7.12,7.29,7.1,1517385,1120004047.0,2.61,-2.2,-0.16,0.75,7.35,7.516000000000001,7.589333333333333,7.7588333333333335
2023-06-21,7.09,7.19,7.32,7.02,1749884,1293433678.0,4.21,0.98,0.07,0.86,7.324,7.473000000000001,7.5553333333333335,7.754833333333334
2023-06-26,7.1,6.88,7.11,6.83,1902594,1352763582.0,3.89,-4.31,-0.31,0.93,7.2299999999999995,7.379,7.5120000000000005,7.750333333333333
2023-06-27,6.88,7.32,7.37,6.86,2512736,1853485979.0,7.41,6.4,0.44,1.23,7.1579999999999995,7.316000000000001,7.4959999999999996,7.7565
2023-06-28,7.31,7.33,7.35,7.2,1189647,890195536.0,2.05,0.14,0.01,0.58,7.168000000000001,7.284000000000001,7.481,7.761833333333333
2023-06-29,7.3,7.33,7.39,7.21,1013120,760239054.0,2.46,0.0,0.0,0.5,7.209999999999999,7.279999999999999,7.471,7.7725
2023-06-30,7.3,7.38,7.44,7.26,1003438,759545413.0,2.46,0.68,0.05,0.49,7.248,7.286,7.460999999999999,7.783166666666667
2023-07-03,7.4,7.59,7.7,7.34,1619931,1255188866.0,4.88,2.85,0.21,0.8,7.390000000000001,7.31,7.455333333333333,7.798333333333333
2023-07-04,7.54,7.53,7.71,7.47,1165311,904279164.0,3.16,-0.79,-0.06,0.57,7.4319999999999995,7.295,7.4526666666666666,7.810833333333334
2023-07-05,7.49,7.51,7.71,7.48,1097036,854686765.0,3.05,-0.27,-0.02,0.54,7.468000000000001,7.3180000000000005,7.452666666666667,7.811333333333334
2023-07-06,7.47,7.49,7.53,7.39,801017,614139453.0,1.86,-0.27,-0.02,0.39,7.5,7.3549999999999995,7.458333333333333,7.808333333333334
2023-07-07,7.48,7.53,7.63,7.41,848560,655077010.0,2.94,0.53,0.04,0.42,7.529999999999999,7.389,7.471333333333333,7.808833333333333
2023-07-10,7.58,7.62,7.62,7.51,929420,723601720.0,1.46,1.2,0.09,0.46,7.536,7.463000000000001,7.485,7.806166666666667
2023-07-11,7.61,7.59,7.64,7.47,835563,649309377.0,2.23,-0.39,-0.03,0.41,7.548,7.489999999999999,7.501,7.805166666666667
2023-07-12,7.59,7.31,7.64,7.29,1317497,1003139923.0,4.61,-3.69,-0.28,0.65,7.508,7.4879999999999995,7.497,7.796666666666666
2023-07-13,7.34,7.49,7.49,7.32,929524,710835108.0,2.33,2.46,0.18,0.46,7.508,7.5040000000000004,7.4910000000000005,7.792833333333333
2023-07-14,7.47,7.55,7.6,7.42,748710,577801977.0,2.4,0.8,0.06,0.37,7.5120000000000005,7.521000000000001,7.4863333333333335,7.782333333333333
2023-07-17,7.5,7.52,7.54,7.44,437994,336678414.0,1.32,-0.4,-0.03,0.22,7.492,7.514,7.474666666666667,7.766
2023-07-18,7.52,7.45,7.55,7.44,495111,380459065.0,1.46,-0.93,-0.07,0.24,7.464,7.506,7.467333333333333,7.747166666666668
2023-07-19,7.45,7.49,7.52,7.4,523058,400783029.0,1.61,0.54,0.04,0.26,7.5,7.504,7.464,7.733333333333333
2023-07-20,7.5,7.39,7.57,7.37,631979,484596169.0,2.67,-1.34,-0.1,0.31,7.4799999999999995,7.494,7.455,7.710166666666667
2023-07-21,7.37,7.33,7.42,7.27,655462,493348970.0,2.03,-0.81,-0.06,0.32,7.436,7.473999999999999,7.445333333333334,7.689166666666667
2023-07-24,7.33,7.46,7.54,7.3,736912,563248959.0,3.27,1.77,0.13,0.36,7.4239999999999995,7.458,7.433333333333334,7.669833333333333
2023-07-25,7.57,7.7,7.71,7.56,1368049,1074901455.0,2.01,3.22,0.24,0.67,7.474000000000001,7.468999999999999,7.425,7.656999999999999
2023-07-26,7.69,7.6,7.76,7.57,763927,597572893.0,2.47,-1.3,-0.1,0.38,7.4959999999999996,7.498,7.423333333333333,7.648
2023-07-27,7.6,7.45,7.62,7.43,895191,690776235.0,2.5,-1.97,-0.15,0.44,7.508,7.494,7.426,7.630999999999999
2023-07-28,7.46,7.64,7.66,7.33,1336076,1003494187.0,4.43,2.55,0.19,0.66,7.57,7.503,7.4366666666666665,7.606833333333333
2023-07-31,7.68,8.03,8.19,7.68,2344384,1879050939.0,6.68,5.1,0.39,1.15,7.684,7.553999999999999,7.459333333333333,7.5889999999999995
2023-08-01,7.98,8.13,8.28,7.94,1955266,1593981222.0,4.23,1.25,0.1,0.96,7.7700000000000005,7.622,7.474333333333333,7.577
2023-08-02,8.11,8.11,8.26,8.06,1013787,824322235.0,2.46,-0.25,-0.02,0.5,7.872,7.684,7.502,7.566000000000001
2023-08-03,8.09,8.13,8.15,7.92,1248379,1003166445.0,2.84,0.25,0.02,0.61,8.008,7.758,7.535666666666667,7.5625
2023-08-04,8.17,8.07,8.26,8.05,1126924,915764635.0,2.58,-0.74,-0.06,0.55,8.094,7.832000000000001,7.5649999999999995,7.5601666666666665
2023-08-07,8.04,7.95,8.05,7.89,830997,660355098.0,1.98,-1.49,-0.12,0.41,8.078,7.881,7.600666666666667,7.556333333333333
2023-08-08,7.94,7.93,8.07,7.91,785082,625505501.0,2.01,-0.25,-0.02,0.39,8.038,7.904000000000001,7.6209999999999996,7.5584999999999996
2023-08-09,7.91,7.95,8.07,7.89,736546,587325359.0,2.27,0.25,0.02,0.36,8.006,7.939,7.641666666666667,7.561333333333334
2023-08-10,7.94,7.93,7.97,7.84,655613,517677685.0,1.64,-0.25,-0.02,0.32,7.965999999999999,7.986999999999999,7.661666666666666,7.566333333333333
2023-08-11,7.91,7.71,7.99,7.7,851461,665833479.0,3.66,-2.77,-0.22,0.42,7.894,7.994,7.672666666666667,7.566833333333334
2023-08-14,7.61,7.88,8.02,7.53,1311183,1023419067.0,6.36,2.2,0.17,0.64,7.88,7.978999999999999,7.682333333333333,7.568833333333333
2023-08-15,7.87,7.87,7.9,7.75,730070,572687717.0,1.9,-0.13,-0.01,0.36,7.868,7.953,7.693666666666667,7.573166666666667
2023-08-16,7.83,7.75,7.88,7.71,524442,408009571.0,2.16,-1.52,-0.12,0.26,7.828,7.917,7.701666666666666,7.577166666666668
2023-08-17,7.72,7.77,7.79,7.64,735147,566526135.0,1.94,0.26,0.02,0.36,7.795999999999999,7.881,7.711,7.584666666666666
2023-08-18,7.75,7.59,7.88,7.59,906392,700811145.0,3.73,-2.32,-0.18,0.45,7.772,7.833,7.713,7.5921666666666665
2023-08-21,7.57,7.63,7.79,7.56,945051,725619602.0,3.03,0.53,0.04,0.46,7.7219999999999995,7.800999999999999,7.713333333333334,7.599166666666666
2023-08-22,7.61,7.8,7.83,7.6,954872,738656447.0,3.01,2.23,0.17,0.47,7.708,7.787999999999999,7.720333333333333,7.610666666666666
2023-08-23,7.76,7.51,7.8,7.5,1031623,786346748.0,3.85,-3.72,-0.29,0.51,7.659999999999999,7.744,7.727,7.611999999999999
2023-08-24,7.52,6.82,7.6,6.78,3645554,2569021253.0,10.92,-9.19,-0.69,1.79,7.470000000000001,7.633,7.704666666666666,7.597833333333332
2023-08-25,6.78,6.8,6.9,6.73,1147081,782491758.0,2.49,-0.29,-0.02,0.56,7.312,7.542,7.679666666666667,7.582999999999999
2023-08-28,7.2,6.85,7.28,6.82,1805247,1265992267.0,6.76,0.74,0.05,0.89,7.156000000000001,7.439,7.657333333333333,7.566
2023-08-29,6.86,6.9,6.98,6.83,1432154,987961828.0,2.19,0.73,0.05,0.7,6.976000000000001,7.3420000000000005,7.639,7.553166666666667
2023-08-30,6.88,6.68,6.9,6.61,2078757,1396929899.0,4.2,-3.19,-0.22,1.02,6.81,7.234999999999999,7.611999999999999,7.537999999999999
2023-08-31,6.71,6.7,6.85,6.68,1406640,950194381.0,2.54,0.3,0.02,0.69,6.786,7.128,7.589,7.522
2023-09-01,6.73,6.84,6.94,6.73,1491932,1020186439.0,3.13,2.09,0.14,0.73,6.794,7.053,7.572666666666667,7.509
2023-09-04,6.86,7.04,7.12,6.86,1676307,1174796255.0,3.8,2.92,0.2,0.82,6.831999999999999,6.994,7.558666666666666,7.4959999999999996
2023-09-05,7.01,6.89,7.02,6.86,943050,651165292.0,2.27,-2.13,-0.15,0.46,6.83,6.9030000000000005,7.531666666666666,7.478333333333334
2023-09-06,6.86,6.87,6.89,6.77,759520,519263351.0,1.74,-0.29,-0.02,0.37,6.868,6.839,7.507333333333333,7.465333333333334
2023-09-07,6.85,6.82,6.95,6.8,773801,531648663.0,2.18,-0.73,-0.05,0.38,6.892,6.839,7.486333333333333,7.456166666666666
2023-09-08,6.78,6.8,6.82,6.75,488691,331551289.0,1.03,-0.29,-0.02,0.24,6.884,6.839,7.458333333333333,7.447500000000001
2023-09-11,6.81,6.86,6.9,6.75,708598,484228185.0,2.21,0.88,0.06,0.35,6.848000000000001,6.840000000000001,7.419333333333333,7.439333333333333
2023-09-12,6.85,6.86,6.94,6.82,642107,442099748.0,1.75,0.0,0.0,0.32,6.8420000000000005,6.836,7.377,7.425666666666667
2023-09-13,6.85,6.83,6.92,6.79,635214,434947817.0,1.9,-0.44,-0.03,0.31,6.8340000000000005,6.851000000000001,7.334333333333333,7.418166666666666
2023-09-14,6.83,6.84,6.9,6.77,718394,490083868.0,1.9,0.15,0.01,0.35,6.838000000000001,6.865,7.291333333333333,7.4135
2023-09-15,6.86,6.68,6.91,6.64,1356813,917725066.0,3.95,-2.34,-0.16,0.67,6.814,6.849000000000001,7.245,7.405
2023-09-18,6.65,6.7,6.74,6.63,660157,441131879.0,1.65,0.3,0.02,0.32,6.782000000000001,6.8149999999999995,7.203333333333333,7.402
2023-09-19,6.69,6.71,6.74,6.64,565106,378314114.0,1.49,0.15,0.01,0.28,6.752,6.797,7.1626666666666665,7.3918333333333335
2023-09-20,6.71,6.7,6.74,6.67,439582,294983488.0,1.04,-0.15,-0.01,0.22,6.726000000000001,6.779999999999999,7.1209999999999996,7.381333333333333
2023-09-21,6.69,6.6,6.72,6.6,726069,481699682.0,1.79,-1.49,-0.1,0.36,6.678,6.758,7.076666666666667,7.369166666666667
2023-09-22,6.58,6.86,6.87,6.58,1381621,935114826.0,4.39,3.94,0.26,0.68,6.714,6.764,7.048333333333334,7.3605
2023-09-25,6.85,6.76,6.86,6.74,742855,503580321.0,1.75,-1.46,-0.1,0.36,6.725999999999999,6.7540000000000004,7.011,7.346666666666667
2023-09-26,6.74,6.71,6.8,6.7,562317,378655741.0,1.48,-0.74,-0.05,0.28,6.726000000000001,6.739,6.972333333333334,7.332999999999999
2023-09-27,6.71,6.79,6.86,6.71,982169,666859724.0,2.24,1.19,0.08,0.48,6.744,6.734999999999999,6.940333333333333,7.321
2023-09-28,6.8,6.82,6.83,6.73,573128,388873932.0,1.47,0.44,0.03,0.28,6.787999999999999,6.733,6.908666666666666,7.309833333333333
2023-10-09,6.77,6.76,6.85,6.71,649441,440020428.0,2.05,-0.88,-0.06,0.32,6.768000000000001,6.741,6.880999999999999,7.297
2023-10-10,6.78,6.23,6.81,6.15,3009513,1897471657.0,9.76,-7.84,-0.53,1.48,6.662000000000001,6.694,6.834333333333333,7.273833333333333
2023-10-11,6.23,6.31,6.36,6.22,1474522,929310028.0,2.25,1.28,0.08,0.72,6.581999999999999,6.653999999999999,6.784666666666667,7.2525
2023-10-12,6.36,6.48,6.58,6.35,1401843,908765292.0,3.65,2.69,0.17,0.69,6.5200000000000005,6.632000000000001,6.750333333333333,7.238666666666668
2023-10-13,6.42,6.35,6.47,6.32,821602,523727607.0,2.31,-2.01,-0.13,0.4,6.425999999999999,6.606999999999999,6.734666666666667,7.219666666666667
2023-10-16,6.35,6.35,6.38,6.31,597808,379386827.0,1.1,0.0,0.0,0.29,6.343999999999999,6.556,6.719666666666666,7.199666666666667
2023-10-17,6.39,6.38,6.45,6.33,560298,357781941.0,1.89,0.47,0.03,0.28,6.3740000000000006,6.518000000000001,6.704,7.180666666666667
2023-10-18,6.36,6.26,6.37,6.25,650395,409463231.0,1.88,-1.88,-0.12,0.32,6.364,6.473000000000001,6.682666666666666,7.160833333333333
2023-10-19,6.23,6.13,6.25,6.12,894766,551961754.0,2.08,-2.08,-0.13,0.44,6.294,6.407000000000001,6.664333333333333,7.138166666666667
2023-10-20,6.12,6.12,6.23,6.1,713526,439484827.0,2.12,-0.16,-0.01,0.35,6.247999999999999,6.337000000000001,6.645,7.117
2023-10-23,6.08,6.02,6.15,5.94,815588,492240698.0,3.43,-1.63,-0.1,0.4,6.182,6.263,6.617666666666667,7.095166666666667
2023-10-24,6.05,6.08,6.1,5.97,682491,413039006.0,2.16,1.0,0.06,0.34,6.122,6.247999999999999,6.585666666666667,7.072166666666667
2023-10-25,6.21,6.16,6.25,6.14,904599,560090957.0,1.81,1.32,0.08,0.44,6.102,6.233,6.561333333333334,7.046499999999999
2023-10-26,6.11,6.2,6.22,6.09,650805,400176294.0,2.11,0.65,0.04,0.32,6.1160000000000005,6.205,6.539000000000001,7.023166666666667
2023-10-27,6.21,6.23,6.27,6.15,676973,421819078.0,1.94,0.48,0.03,0.33,6.138,6.193,6.519333333333334,7.002833333333333
2023-10-30,6.21,6.16,6.23,6.14,876935,540955553.0,1.44,-1.12,-0.07,0.43,6.166,6.1739999999999995,6.498,6.978166666666667
2023-10-31,6.18,6.05,6.2,6.0,1112948,674121335.0,3.25,-1.79,-0.11,0.55,6.16,6.141,6.471,6.945166666666666
2023-11-01,6.07,5.94,6.07,5.88,1191993,708185037.0,3.14,-1.82,-0.11,0.59,6.116,6.109,6.440333333333333,6.908666666666666
2023-11-02,5.92,5.9,6.04,5.9,972434,578003672.0,2.36,-0.67,-0.04,0.48,6.056,6.086,6.4093333333333335,6.871833333333333
2023-11-03,5.9,5.88,5.92,5.86,1028458,605416949.0,1.02,-0.34,-0.02,0.51,5.986,6.061999999999999,6.3773333333333335,6.834333333333333
2023-11-06,5.9,5.98,5.98,5.83,1306421,773112051.0,2.55,1.7,0.1,0.64,5.95,6.058000000000001,6.354,6.7995
2023-11-07,5.96,5.91,5.97,5.89,900325,532186820.0,1.34,-1.17,-0.07,0.44,5.922,6.041,6.3276666666666666,6.7655
2023-11-08,5.89,5.88,5.91,5.83,871309,511599406.0,1.35,-0.51,-0.03,0.43,5.910000000000001,6.013,6.3,6.731333333333334
2023-11-09,5.87,5.89,5.97,5.85,988118,584539472.0,2.04,0.17,0.01,0.49,5.9079999999999995,5.982000000000001,6.273,6.697
2023-11-10,5.87,5.81,5.88,5.73,1265445,732739065.0,2.55,-1.36,-0.08,0.62,5.894,5.9399999999999995,6.246666666666667,6.661666666666666
2023-11-13,5.82,5.9,5.9,5.77,933260,545411273.0,2.24,1.55,0.09,0.46,5.878,5.914,6.214666666666667,6.6315
2023-11-14,5.9,5.9,5.99,5.87,924041,546902929.0,2.03,0.0,0.0,0.45,5.876,5.899,6.185999999999999,6.5985
2023-11-15,5.95,5.91,5.96,5.89,730412,432365194.0,1.19,0.17,0.01,0.36,5.882,5.896,6.1593333333333335,6.565833333333333
2023-11-16,5.9,5.85,5.91,5.85,562311,329765603.0,1.02,-1.02,-0.06,0.28,5.8740000000000006,5.891,6.128,6.534166666666666
2023-11-17,5.83,5.81,5.85,5.78,800592,464610954.0,1.2,-0.68,-0.04,0.39,5.8740000000000006,5.884,6.094333333333334,6.501499999999999
2023-11-20,5.81,5.81,5.82,5.75,796446,461119919.0,1.2,0.0,0.0,0.39,5.856,5.866999999999999,6.062666666666668,6.4718333333333335
2023-11-21,5.82,5.86,5.91,5.81,1143496,672273471.0,1.72,0.86,0.05,0.56,5.848000000000001,5.862,6.050333333333333,6.442333333333334
2023-11-22,5.84,5.77,5.85,5.77,666956,387775340.0,1.37,-1.54,-0.09,0.33,5.819999999999999,5.851,6.032333333333333,6.4085
2023-11-23,5.78,5.82,5.83,5.74,569013,329206975.0,1.56,0.87,0.05,0.28,5.814,5.843999999999999,6.0103333333333335,6.380333333333334
2023-11-24,5.82,5.77,5.88,5.76,602621,349653013.0,2.06,-0.86,-0.05,0.3,5.806,5.84,5.9910000000000005,6.362833333333334
2023-11-27,5.77,5.69,5.77,5.64,913222,518142174.0,2.25,-1.39,-0.08,0.45,5.781999999999999,5.819000000000001,5.969,6.344333333333334
2023-11-28,5.68,5.7,5.72,5.65,561561,319190801.0,1.23,0.18,0.01,0.28,5.75,5.7989999999999995,5.946333333333333,6.325166666666666
2023-11-29,5.69,5.61,5.7,5.59,785702,441580107.0,1.93,-1.58,-0.09,0.39,5.718,5.769,5.924666666666667,6.303666666666667
2023-11-30,5.61,5.64,5.7,5.6,729551,412643711.0,1.78,0.53,0.03,0.36,5.682,5.747999999999999,5.908333333333333,6.286333333333333
2023-12-01,5.64,5.73,5.74,5.61,857505,488276959.0,2.3,1.6,0.09,0.42,5.674,5.74,5.895333333333332,6.270166666666667
2023-12-04,5.74,5.71,5.77,5.68,606198,346494557.0,1.57,-0.35,-0.02,0.3,5.678,5.73,5.885,6.251333333333333
2023-12-05,5.68,5.59,5.7,5.59,591184,333605032.0,1.93,-2.1,-0.12,0.29,5.656000000000001,5.703,5.868666666666667,6.227166666666667
2023-12-06,5.58,5.58,5.61,5.48,711631,395624574.0,2.33,-0.18,-0.01,0.35,5.65,5.684,5.849333333333334,6.205333333333333
2023-12-07,5.56,5.57,5.62,5.55,559392,312167023.0,1.25,-0.18,-0.01,0.27,5.636,5.659000000000001,5.828333333333333,6.183666666666666
2023-12-08,5.57,5.53,5.62,5.53,751415,419082035.0,1.62,-0.72,-0.04,0.37,5.596,5.635,5.805000000000001,6.162166666666666
2023-12-11,5.5,5.57,5.6,5.42,929747,511571924.0,3.25,0.72,0.04,0.46,5.5680000000000005,5.622999999999999,5.785333333333333,6.141666666666667
2023-12-12,5.55,5.63,5.63,5.52,653789,365155407.0,1.97,1.08,0.06,0.32,5.576,5.6160000000000005,5.771333333333333,6.121166666666667
2023-12-13,5.62,5.54,5.63,5.53,644392,358424944.0,1.78,-1.6,-0.09,0.32,5.568,5.609,5.758,6.099166666666666
2023-12-14,5.56,5.55,5.63,5.54,614113,342892468.0,1.62,0.18,0.01,0.3,5.564,5.6,5.746333333333333,6.077833333333333
2023-12-15,5.57,5.5,5.59,5.49,644480,356908917.0,1.8,-0.9,-0.05,0.32,5.558,5.577,5.733666666666666,6.055499999999999
2023-12-18,5.48,5.46,5.54,5.45,486240,266704220.0,1.64,-0.73,-0.04,0.24,5.536,5.552,5.716333333333334,6.035166666666666
2023-12-19,5.44,5.42,5.48,5.37,626434,339708485.0,2.01,-0.73,-0.04,0.31,5.494,5.535,5.7,6.013833333333333
2023-12-20,5.42,5.39,5.5,5.39,612774,333569280.0,2.03,-0.55,-0.03,0.3,5.464,5.516,5.683666666666667,5.991833333333333
2023-12-21,5.37,5.47,5.5,5.35,771102,419797037.0,2.78,1.48,0.08,0.38,5.4479999999999995,5.506,5.669666666666667,5.971333333333334
2023-12-22,5.49,5.52,5.59,5.44,942560,520089201.0,2.74,0.91,0.05,0.46,5.452,5.505000000000001,5.659999999999999,5.953333333333333
2023-12-25,5.5,5.51,5.54,5.47,538202,296226014.0,1.27,-0.18,-0.01,0.26,5.462,5.4990000000000006,5.647,5.930833333333333
2023-12-26,5.52,5.51,5.55,5.5,495366,273289933.0,0.91,0.0,0.0,0.24,5.4799999999999995,5.487,5.634,5.91
2023-12-27,5.51,5.58,5.62,5.5,867798,482419719.0,2.18,1.27,0.07,0.43,5.518,5.491,5.623,5.891166666666667
2023-12-28,5.57,5.71,5.72,5.56,1222541,695452899.0,2.87,2.33,0.13,0.6,5.566,5.507,5.618333333333333,5.873166666666666
2023-12-29,5.7,5.68,5.73,5.67,749748,426319031.0,1.05,-0.53,-0.03,0.37,5.598000000000001,5.5249999999999995,5.614,5.854166666666667
2024-01-02,5.7,5.67,5.7,5.61,765130,433012500.0,1.58,-0.18,-0.01,0.38,5.63,5.546,5.609333333333333,5.836
2024-01-03,5.65,5.74,5.75,5.64,771697,441393990.0,1.94,1.23,0.07,0.38,5.676,5.578,5.605333333333333,5.827833333333333
2024-01-04,5.73,5.71,5.75,5.63,832015,472467234.0,2.09,-0.52,-0.03,0.41,5.702,5.61,5.6033333333333335,5.817833333333334
2024-01-05,5.69,5.77,5.89,5.67,1525297,883802924.0,3.85,1.05,0.06,0.75,5.7139999999999995,5.64,5.6016666666666675,5.805999999999999
2024-01-08,5.76,5.67,5.79,5.67,1084842,620368595.0,2.08,-1.73,-0.1,0.53,5.712000000000001,5.654999999999999,5.598333333333333,5.794666666666667
2024-01-09,5.67,5.73,5.76,5.64,752461,429565487.0,2.12,1.06,0.06,0.37,5.724,5.677,5.599666666666666,5.7843333333333335
2024-01-10,5.72,5.67,5.74,5.66,646102,368011296.0,1.4,-1.05,-0.06,0.32,5.71,5.693,5.598666666666667,5.772499999999999
2024-01-11,5.66,5.6,5.66,5.55,939832,525537168.0,1.94,-1.23,-0.07,0.46,5.688000000000001,5.695,5.598333333333333,5.7615
2024-01-12,5.58,5.72,5.75,5.57,993601,566184590.0,3.21,2.14,0.12,0.49,5.678,5.696,5.601,5.754666666666666
2024-01-15,5.71,5.78,5.79,5.63,783645,449258699.0,2.8,1.05,0.06,0.38,5.7,5.706,5.602666666666667,5.749
2024-01-16,5.76,5.78,5.8,5.67,819967,470771554.0,2.25,0.0,0.0,0.4,5.709999999999999,5.7170000000000005,5.605,5.745
2024-01-17,5.76,5.64,5.76,5.64,742499,423361498.0,2.08,-2.42,-0.14,0.36,5.704,5.707,5.6066666666666665,5.737666666666667
2024-01-18,5.62,5.63,5.69,5.45,1333331,740437989.0,4.26,-0.18,-0.01,0.65,5.709999999999999,5.699,5.608333333333333,5.728833333333333
2024-01-19,5.59,5.65,5.71,5.57,859511,485322073.0,2.49,0.36,0.02,0.42,5.696,5.687,5.611,5.719666666666667
2024-01-22,5.64,5.59,5.7,5.54,1200196,677008675.0,2.83,-1.06,-0.06,0.59,5.6579999999999995,5.679,5.6129999999999995,5.7090000000000005
2024-01-23,5.58,5.56,5.59,5.48,905381,502434787.0,1.97,-0.54,-0.03,0.44,5.613999999999999,5.662000000000001,5.612666666666667,5.699
2024-01-24,5.59,6.03,6.07,5.57,2770816,1619122306.0,8.99,8.45,0.47,1.36,5.692,5.698,5.626,5.698666666666667
2024-01-25,5.98,6.41,6.46,5.96,4006246,2509427084.0,8.29,6.3,0.38,1.97,5.848,5.779,5.654999999999999,5.706500000000001
2024-01-26,6.41,6.4,6.5,6.23,2688750,1707744635.0,4.21,-0.16,-0.01,1.32,5.998,5.8469999999999995,5.683333333333334,5.714833333333333
2024-01-29,6.36,6.49,6.9,6.32,3500710,2309052069.0,9.06,1.41,0.09,1.72,6.178,5.918,5.716333333333334,5.725
2024-01-30,6.4,6.48,6.65,6.37,2335038,1520852696.0,4.31,-0.15,-0.01,1.15,6.362,5.9879999999999995,5.750333333333333,5.733333333333333
2024-01-31,6.41,6.31,6.47,6.25,1928039,1225657858.0,3.4,-2.62,-0.17,0.95,6.418000000000001,6.055,5.78,5.74
2024-02-01,6.22,6.15,6.27,6.12,1853478,1146304097.0,2.38,-2.54,-0.16,0.91,6.3660000000000005,6.107,5.8053333333333335,5.7445
2024-02-02,6.15,6.21,6.35,5.99,1910842,1184038709.0,5.85,0.98,0.06,0.94,6.328,6.163,5.83,5.749833333333333
2024-02-05,6.15,6.05,6.24,5.98,1819546,1111255300.0,4.19,-2.58,-0.16,0.89,6.24,6.2090000000000005,5.847666666666667,5.753833333333334
2024-02-06,6.0,6.22,6.28,5.98,1719164,1054893521.0,4.96,2.81,0.17,0.84,6.188,6.275,5.871333333333333,5.759166666666667
2024-02-07,6.21,6.34,6.35,6.15,1743179,1090647807.0,3.22,1.93,0.12,0.86,6.194,6.305999999999999,5.899,5.7665
2024-02-08,6.37,6.33,6.45,6.25,1507324,951607994.0,3.15,-0.16,-0.01,0.74,6.2299999999999995,6.298,5.924,5.773499999999999
2024-02-19,6.35,6.34,6.38,6.22,1750697,1100872693.0,2.53,0.16,0.01,0.86,6.255999999999999,6.292,5.945000000000001,5.781666666666667
2024-02-20,6.32,6.35,6.38,6.26,1260724,798094773.0,1.89,0.16,0.01,0.62,6.316,6.2780000000000005,5.967333333333333,5.790666666666667
2024-02-21,6.33,6.46,6.59,6.29,2002740,1296160690.0,4.72,1.73,0.11,0.98,6.364,6.276,5.993666666666667,5.801500000000001
2024-02-22,6.41,6.47,6.49,6.37,1146023,736524806.0,1.86,0.15,0.01,0.56,6.389999999999999,6.292,6.018,5.8116666666666665
2024-02-23,6.45,6.43,6.47,6.36,1227091,786320202.0,1.7,-0.62,-0.04,0.6,6.409999999999999,6.32,6.042,5.822666666666667
2024-02-26,6.4,6.27,6.43,6.26,1368988,865586698.0,2.64,-2.49,-0.16,0.67,6.395999999999999,6.326,6.058666666666666,5.830166666666667
2024-02-27,6.24,6.29,6.29,6.22,1019981,638323452.0,1.12,0.32,0.02,0.5,6.3839999999999995,6.35,6.0793333333333335,5.838833333333333
2024-02-28,6.28,6.32,6.43,6.26,1621462,1030653005.0,2.7,0.48,0.03,0.79,6.356,6.359999999999999,6.099,5.849333333333333
2024-02-29,6.28,6.35,6.35,6.25,1086351,683845305.0,1.58,0.47,0.03,0.53,6.332,6.361,6.121666666666667,5.860166666666667
2024-03-01,6.35,6.34,6.4,6.3,966920,614648577.0,1.57,-0.16,-0.01,0.47,6.313999999999999,6.362,6.146333333333333,5.872333333333333
2024-03-04,6.33,6.26,6.34,6.24,955317,599029268.0,1.58,-1.26,-0.08,0.47,6.311999999999999,6.354,6.164333333333333,5.882666666666666
2024-03-05,6.24,6.49,6.49,6.23,1989816,1274627079.0,4.15,3.67,0.23,0.97,6.351999999999999,6.368,6.188,5.895333333333332
2024-03-06,6.51,6.42,6.53,6.38,1246453,801465120.0,2.31,-1.08,-0.07,0.61,6.372,6.363999999999999,6.209333333333333,5.907166666666667
2024-03-07,6.39,6.45,6.61,6.39,1448949,941297742.0,3.43,0.47,0.03,0.71,6.392,6.362,6.2363333333333335,5.921499999999999
2024-03-08,6.44,6.5,6.52,6.38,969855,625331324.0,2.17,0.78,0.05,0.47,6.424000000000001,6.369,6.2653333333333325,5.936833333333333
2024-03-11,6.53,6.52,6.64,6.43,1182593,769688070.0,3.23,0.31,0.02,0.58,6.475999999999999,6.394,6.294333333333333,5.9526666666666666
2024-03-12,6.5,6.41,6.52,6.38,1265029,813423406.0,2.15,-1.69,-0.11,0.62,6.459999999999999,6.406000000000001,6.321666666666667,5.967333333333333
2024-03-13,6.39,6.35,6.4,6.28,976518,618357172.0,1.87,-0.94,-0.06,0.48,6.446,6.409000000000001,6.348,5.980333333333333
2024-03-14,6.35,6.57,6.75,6.33,2729255,1798011533.0,6.61,3.46,0.22,1.34,6.470000000000001,6.431,6.366,5.9959999999999996
2024-03-15,6.53,6.54,6.62,6.4,1415853,919881201.0,3.35,-0.46,-0.03,0.69,6.478,6.450999999999999,6.370333333333334,6.012666666666666
2024-03-18,6.56,6.85,6.96,6.55,2759697,1885078438.0,6.27,4.74,0.31,1.35,6.544,6.51,6.3853333333333335,6.0343333333333335
2024-03-19,6.82,6.77,7.04,6.75,1648902,1131497893.0,4.23,-1.17,-0.08,0.81,6.616,6.537999999999999,6.394666666666667,6.055499999999999
2024-03-20,6.75,6.88,6.92,6.71,1427667,974935044.0,3.1,1.62,0.11,0.7,6.7219999999999995,6.5840000000000005,6.408,6.079166666666667
2024-03-21,6.89,6.87,6.92,6.82,1064264,731416449.0,1.45,-0.15,-0.01,0.52,6.781999999999999,6.626,6.426666666666667,6.1033333333333335
2024-03-22,6.86,6.73,6.87,6.68,1151570,777273515.0,2.77,-2.04,-0.14,0.56,6.82,6.648999999999999,6.446,6.125666666666667
2024-03-25,6.7,6.81,6.91,6.68,1155221,788345877.0,3.42,1.19,0.08,0.57,6.812,6.678,6.465999999999999,6.148
2024-03-26,6.82,6.9,6.91,6.74,1134095,775897535.0,2.5,1.32,0.09,0.56,6.837999999999999,6.726999999999999,6.4943333333333335,6.171
2024-03-27,6.86,6.83,6.99,6.83,1007678,695281584.0,2.32,-1.01,-0.07,0.49,6.828,6.775,6.514666666666667,6.1930000000000005
2024-03-28,6.78,6.81,6.88,6.74,1084520,737896374.0,2.05,-0.29,-0.02,0.53,6.816,6.7989999999999995,6.530333333333333,6.214666666666667
2024-03-29,6.81,7.01,7.01,6.78,1594720,1106923407.0,3.38,2.94,0.2,0.78,6.872,6.845999999999999,6.552999999999999,6.2385
2024-04-01,7.04,7.19,7.23,7.03,1533001,1095686256.0,2.85,2.57,0.18,0.75,6.947999999999999,6.88,6.581333333333333,6.263166666666667
2024-04-02,7.18,7.1,7.21,7.07,917611,653762297.0,1.95,-1.25,-0.09,0.45,6.9879999999999995,6.912999999999999,6.606333333333334,6.286833333333333
2024-04-03,7.1,7.1,7.15,7.03,924127,655927674.0,1.69,0.0,0.0,0.45,7.042,6.935,6.627666666666667,6.310666666666666
2024-04-08,7.03,7.08,7.21,6.98,1331851,946520234.0,3.24,-0.28,-0.02,0.65,7.095999999999999,6.956,6.648,6.332999999999999
2024-04-09,7.09,6.91,7.13,6.86,1293879,899989893.0,3.81,-2.4,-0.17,0.63,7.0760000000000005,6.973999999999999,6.664000000000001,6.353
2024-04-10,6.9,6.85,7.01,6.79,828748,569963095.0,3.18,-0.87,-0.06,0.41,7.008,6.978,6.683333333333334,6.3709999999999996
2024-04-11,6.82,6.9,6.99,6.74,916806,631649558.0,3.65,0.73,0.05,0.45,6.967999999999999,6.978,6.703666666666667,6.3915
2024-04-12,6.92,6.8,6.93,6.78,799114,547404438.0,2.17,-1.45,-0.1,0.39,6.9079999999999995,6.975,6.719666666666667,6.4093333333333335
2024-04-15,6.81,7.34,7.38,6.81,2727979,1961065811.0,8.38,7.94,0.54,1.34,6.960000000000001,7.0280000000000005,6.752666666666666,6.437166666666667
2024-04-16,7.27,7.16,7.37,7.1,1949615,1411216693.0,3.68,-2.45,-0.18,0.95,7.01,7.042999999999999,6.78,6.463166666666667
2024-04-17,7.15,7.28,7.28,7.05,1593212,1141334581.0,3.21,1.68,0.12,0.78,7.096000000000001,7.052,6.813999999999999,6.489166666666667
2024-04-18,7.23,7.22,7.34,7.2,1434800,1040873907.0,1.92,-0.82,-0.06,0.7,7.160000000000001,7.064,6.838333333333334,6.513166666666667
2024-04-19,7.22,7.23,7.33,7.19,1103685,801343212.0,1.94,0.14,0.01,0.54,7.246,7.077000000000001,6.865333333333334,6.537333333333334
2024-04-22,7.2,7.1,7.29,7.08,975244,697877959.0,2.9,-1.8,-0.13,0.48,7.198,7.078999999999999,6.8870000000000005,6.5616666666666665
2024-04-23,7.11,6.88,7.15,6.83,1477350,1025848992.0,4.51,-3.1,-0.22,0.72,7.142,7.0760000000000005,6.899666666666667,6.5825
2024-04-24,6.88,6.91,6.93,6.84,724561,499058085.0,1.31,0.44,0.03,0.35,7.0680000000000005,7.081999999999999,6.9126666666666665,6.6035
2024-04-25,6.91,6.94,6.96,6.85,618229,427190737.0,1.59,0.43,0.03,0.3,7.0120000000000005,7.086,6.9303333333333335,6.626
2024-04-26,6.91,6.98,6.99,6.84,1040574,720738341.0,2.16,0.58,0.04,0.51,6.962000000000001,7.104000000000001,6.951333333333333,6.649666666666666
2024-04-29,6.95,6.85,6.96,6.8,1520598,1043264460.0,2.29,-1.86,-0.13,0.74,6.912000000000001,7.055,6.9606666666666674,6.663333333333333
2024-04-30,6.8,6.57,6.81,6.5,2668102,1761612512.0,4.53,-4.09,-0.28,1.31,6.85,6.9959999999999996,6.961666666666667,6.6659999999999995
2024-05-06,6.59,6.63,6.65,6.55,1661340,1098127955.0,1.52,0.91,0.06,0.81,6.794,6.931,6.9543333333333335,6.669833333333333
2024-05-07,6.6,6.61,6.69,6.58,1017967,674296956.0,1.66,-0.3,-0.02,0.5,6.728,6.87,6.949,6.671833333333334
2024-05-08,6.6,6.54,6.6,6.52,777493,509409447.0,1.21,-1.06,-0.07,0.38,6.640000000000001,6.801,6.937666666666667,6.672833333333332
2024-05-09,6.52,6.61,6.65,6.52,903653,596027022.0,1.99,1.07,0.07,0.44,6.5920000000000005,6.752,6.928999999999999,6.677833333333333
2024-05-10,6.61,6.7,6.7,6.58,1408290,936837236.0,1.82,1.36,0.09,0.69,6.618,6.734,6.928,6.686999999999999
2024-05-13,6.67,6.81,6.86,6.62,1624528,1098928790.0,3.58,1.64,0.11,0.8,6.653999999999999,6.723999999999999,6.928,6.697
2024-05-14,6.81,6.76,6.83,6.73,876014,592149693.0,1.47,-0.73,-0.05,0.43,6.684,6.706,6.923333333333333,6.708833333333334
2024-05-15,6.77,6.65,6.78,6.65,856261,572752384.0,1.92,-1.63,-0.11,0.42,6.706,6.673,6.917333333333334,6.715999999999999
2024-05-16,6.65,6.73,6.78,6.64,1087073,732606043.0,2.11,1.2,0.08,0.53,6.7299999999999995,6.661,6.914666666666666,6.7225
2024-05-17,6.75,6.84,6.84,6.69,934340,632417574.0,2.23,1.63,0.11,0.46,6.758,6.688,6.909000000000001,6.731
2024-05-20,6.87,6.85,6.93,6.76,1195288,816698117.0,2.49,0.15,0.01,0.59,6.766,6.710000000000001,6.897666666666666,6.7395000000000005
2024-05-21,6.82,6.81,6.89,6.78,808451,551986737.0,1.61,-0.58,-0.04,0.4,6.776000000000001,6.7299999999999995,6.888,6.747166666666668
2024-05-22,6.81,6.9,6.95,6.78,1202052,828618199.0,2.5,1.32,0.09,0.59,6.825999999999999,6.766,6.881333333333333,6.754499999999999
2024-05-23,6.88,6.82,6.89,6.76,926157,630763847.0,1.88,-1.16,-0.08,0.45,6.843999999999999,6.787000000000001,6.8726666666666665,6.7603333333333335
2024-05-24,6.79,6.71,6.84,6.71,781586,529745551.0,1.91,-1.61,-0.11,0.38,6.818,6.787999999999999,6.866,6.765
2024-05-27,6.72,6.8,6.8,6.7,633027,427803227.0,1.49,1.34,0.09,0.31,6.808,6.787000000000001,6.864333333333334,6.773833333333333
2024-05-28,6.8,6.72,6.82,6.71,593857,401351127.0,1.62,-1.18,-0.08,0.29,6.789999999999999,6.7829999999999995,6.858333333333333,6.781000000000001
2024-05-29,6.72,6.68,6.77,6.67,646778,433800259.0,1.49,-0.6,-0.04,0.32,6.7459999999999996,6.786,6.854333333333333,6.787000000000001
2024-05-30,6.66,6.61,6.71,6.59,679485,450866982.0,1.8,-1.05,-0.07,0.33,6.703999999999999,6.773999999999999,6.83,6.791333333333332
2024-05-31,6.61,6.58,6.65,6.58,503416,332694863.0,1.06,-0.45,-0.03,0.25,6.678,6.748,6.810666666666666,6.795333333333334
2024-06-03,6.57,6.61,6.63,6.49,801832,526503337.0,2.13,0.46,0.03,0.39,6.640000000000001,6.723999999999999,6.788333333333333,6.801166666666666
2024-06-04,6.6,6.67,6.68,6.57,780310,517323365.0,1.66,0.91,0.06,0.38,6.63,6.709999999999999,6.77,6.804166666666666
2024-06-05,6.67,6.63,6.71,6.6,807211,537585245.0,1.65,-0.6,-0.04,0.4,6.62,6.683,6.75,6.807666666666666
2024-06-06,6.63,6.68,6.71,6.63,870560,581893240.0,1.21,0.75,0.05,0.43,6.634,6.669,6.736,6.8115
2024-06-07,6.68,6.68,6.76,6.6,904230,604162087.0,2.4,0.0,0.0,0.44,6.654000000000001,6.6659999999999995,6.729333333333333,6.8145
2024-06-11,6.67,6.43,6.67,6.42,1169283,761093452.0,3.74,-3.74,-0.25,0.57,6.617999999999999,6.6290000000000004,6.713333333333334,6.813000000000001
2024-06-12,6.42,6.46,6.47,6.31,1094397,699420541.0,2.49,0.47,0.03,0.54,6.5760000000000005,6.603,6.697333333333334,6.813833333333333
2024-06-13,6.45,6.39,6.48,6.37,671229,431735638.0,1.7,-1.08,-0.07,0.33,6.5280000000000005,6.574000000000001,6.677666666666667,6.8145
2024-06-14,6.37,6.45,6.47,6.36,758580,488683612.0,1.72,0.94,0.06,0.37,6.481999999999999,6.558,6.6643333333333326,6.8125
2024-06-17,6.42,6.41,6.52,6.39,600103,386832975.0,2.02,-0.62,-0.04,0.29,6.428,6.5409999999999995,6.659000000000001,6.810333333333333
2024-06-18,6.41,6.52,6.55,6.37,746591,483688159.0,2.81,1.72,0.11,0.37,6.446,6.531999999999999,6.655333333333333,6.804833333333334
2024-06-19,6.52,6.52,6.59,6.5,539841,353280816.0,1.38,0.0,0.0,0.26,6.458,6.517,6.652333333333333,6.800666666666667
2024-06-20,6.51,6.45,6.53,6.43,454632,294134344.0,1.53,-1.07,-0.07,0.22,6.470000000000001,6.499,6.649333333333333,6.7935
2024-06-21,6.46,6.51,6.52,6.44,549591,356549360.0,1.24,0.93,0.06,0.27,6.481999999999999,6.481999999999999,6.646,6.7875
2024-06-24,6.49,6.42,6.51,6.39,602614,388276803.0,1.84,-1.38,-0.09,0.3,6.484,6.456,6.636666666666667,6.782333333333333
2024-06-25,6.42,6.46,6.54,6.41,630255,408873682.0,2.02,0.62,0.04,0.31,6.4719999999999995,6.4590000000000005,6.625,6.7764999999999995
2024-06-26,6.45,6.44,6.47,6.37,560428,359906735.0,1.55,-0.31,-0.02,0.27,6.456,6.456999999999999,6.614333333333334,6.768833333333333
